slide,layer,a_layer,b_layer,a_class,b_class,a_glutotal,a_gabatotal,b_glutotal,b_gabatotal,a_region,b_region,a_ei,b_ei,a_merge_region,b_merge_region,a_cell_Neuron_type,b_cell_Neuron_type,a_enrich_class_cell_ids_num,b_enrich_class_cell_ids_num,a_cell_id_n,b_cell_id_n,overlap_a_in_b,overlap_b_in_a,a_source_file,b_source_file
C57BL6J-1.025,layer 1,layer 1,layer 1,035 OB Eomes Ms4a15 Glut,035 OB Eomes Ms4a15 Glut,77,233,55,158,"Frontal pole, layer 1,Prelimbic area, layer 1,Orbital area, medial part, layer 1,Orbital area, ventrolateral part, layer 1","Frontal pole, layer 1,Orbital area, ventrolateral part, layer 1,Secondary motor area, layer 1,Orbital area, lateral part, layer 1",0.33047210300429186,0.34810126582278483,regions_1,regions_2,Glut,Glut,74,52,464,368,0.0,0.0,C57BL6J-1.025_035 OB Eomes Ms4a15 Glut_layer 1_merged_regions_table_cell_id.txt,C57BL6J-1.025_035 OB Eomes Ms4a15 Glut_layer 1_merged_regions_table_cell_id.txt
C57BL6J-1.025,layer 1,layer 1,layer 1,035 OB Eomes Ms4a15 Glut,039 OB Meis2 Thsd7b Gaba,77,233,73,247,"Frontal pole, layer 1,Prelimbic area, layer 1,Orbital area, medial part, layer 1,Orbital area, ventrolateral part, layer 1","Frontal pole, layer 1,Orbital area, ventrolateral part, layer 1,Secondary motor area, layer 1,Orbital area, lateral part, layer 1,Prelimbic area, layer 1",0.33047210300429186,0.29554655870445345,regions_1,regions_1,Glut,GABA,74,90,464,616,0.5064655172413793,0.3814935064935065,C57BL6J-1.025_035 OB Eomes Ms4a15 Glut_layer 1_merged_regions_table_cell_id.txt,C57BL6J-1.025_039 OB Meis2 Thsd7b Gaba_layer 1_merged_regions_table_cell_id.txt
C57BL6J-1.025,layer 1,layer 1,layer 1,035 OB Eomes Ms4a15 Glut,039 OB Meis2 Thsd7b Gaba,77,233,25,72,"Frontal pole, layer 1,Prelimbic area, layer 1,Orbital area, medial part, layer 1,Orbital area, ventrolateral part, layer 1","Frontal pole, layer 1,Prelimbic area, layer 1,Orbital area, medial part, layer 1",0.33047210300429186,0.3472222222222222,regions_1,regions_2,Glut,GABA,74,21,464,125,0.26939655172413796,1.0,C57BL6J-1.025_035 OB Eomes Ms4a15 Glut_layer 1_merged_regions_table_cell_id.txt,C57BL6J-1.025_039 OB Meis2 Thsd7b Gaba_layer 1_merged_regions_table_cell_id.txt
C57BL6J-1.025,layer 1,layer 1,layer 1,035 OB Eomes Ms4a15 Glut,040 OB Trdn Gaba,77,233,80,245,"Frontal pole, layer 1,Prelimbic area, layer 1,Orbital area, medial part, layer 1,Orbital area, ventrolateral part, layer 1","Frontal pole, layer 1,Prelimbic area, layer 1,Orbital area, medial part, layer 1,Orbital area, ventrolateral part, layer 1,Orbital area, lateral part, layer 1",0.33047210300429186,0.32653061224489793,regions_1,regions_1,Glut,GABA,74,5,464,526,1.0,0.8821292775665399,C57BL6J-1.025_035 OB Eomes Ms4a15 Glut_layer 1_merged_regions_table_cell_id.txt,C57BL6J-1.025_040 OB Trdn Gaba_layer 1_merged_regions_table_cell_id.txt
C57BL6J-1.025,layer 1,layer 1,layer 1,035 OB Eomes Ms4a15 Glut,041 OB-in Frmd7 Gaba,77,233,130,388,"Frontal pole, layer 1,Prelimbic area, layer 1,Orbital area, medial part, layer 1,Orbital area, ventrolateral part, layer 1","Frontal pole, layer 1,Prelimbic area, layer 1,Orbital area, medial part, layer 1,Orbital area, ventrolateral part, layer 1,Secondary motor area, layer 1,Orbital area, lateral part, layer 1",0.33047210300429186,0.33505154639175255,regions_1,regions_1,Glut,GABA,74,113,464,846,0.9655172413793104,0.5295508274231678,C57BL6J-1.025_035 OB Eomes Ms4a15 Glut_layer 1_merged_regions_table_cell_id.txt,C57BL6J-1.025_041 OB-in Frmd7 Gaba_layer 1_merged_regions_table_cell_id.txt
C57BL6J-1.025,layer 1,layer 1,layer 1,035 OB Eomes Ms4a15 Glut,042 OB-out Frmd7 Gaba,77,233,78,245,"Frontal pole, layer 1,Prelimbic area, layer 1,Orbital area, medial part, layer 1,Orbital area, ventrolateral part, layer 1","Frontal pole, layer 1,Prelimbic area, layer 1,Orbital area, medial part, layer 1,Orbital area, ventrolateral part, layer 1",0.33047210300429186,0.3183673469387755,regions_1,regions_1,Glut,GABA,74,86,464,522,1.0,0.8888888888888888,C57BL6J-1.025_035 OB Eomes Ms4a15 Glut_layer 1_merged_regions_table_cell_id.txt,C57BL6J-1.025_042 OB-out Frmd7 Gaba_layer 1_merged_regions_table_cell_id.txt
C57BL6J-1.025,layer 1,layer 1,layer 1,035 OB Eomes Ms4a15 Glut,043 OB-mi Frmd7 Gaba,77,233,78,241,"Frontal pole, layer 1,Prelimbic area, layer 1,Orbital area, medial part, layer 1,Orbital area, ventrolateral part, layer 1","Frontal pole, layer 1,Prelimbic area, layer 1,Orbital area, medial part, layer 1,Orbital area, ventrolateral part, layer 1",0.33047210300429186,0.3236514522821577,regions_1,regions_1,Glut,GABA,74,11,464,513,1.0,0.9044834307992202,C57BL6J-1.025_035 OB Eomes Ms4a15 Glut_layer 1_merged_regions_table_cell_id.txt,C57BL6J-1.025_043 OB-mi Frmd7 Gaba_layer 1_merged_regions_table_cell_id.txt
C57BL6J-1.025,layer 1,layer 1,layer 1,035 OB Eomes Ms4a15 Glut,044 OB Dopa-Gaba,77,233,90,269,"Frontal pole, layer 1,Prelimbic area, layer 1,Orbital area, medial part, layer 1,Orbital area, ventrolateral part, layer 1","Frontal pole, layer 1,Prelimbic area, layer 1,Orbital area, medial part, layer 1,Orbital area, ventrolateral part, layer 1,Orbital area, lateral part, layer 1",0.33047210300429186,0.3345724907063197,regions_1,regions_1,Glut,NonNeuron,74,35,464,555,1.0,0.836036036036036,C57BL6J-1.025_035 OB Eomes Ms4a15 Glut_layer 1_merged_regions_table_cell_id.txt,C57BL6J-1.025_044 OB Dopa-Gaba_layer 1_merged_regions_table_cell_id.txt
C57BL6J-1.025,layer 1,layer 1,layer 1,035 OB Eomes Ms4a15 Glut,045 OB-STR-CTX Inh IMN,77,233,15,82,"Frontal pole, layer 1,Prelimbic area, layer 1,Orbital area, medial part, layer 1,Orbital area, ventrolateral part, layer 1","Frontal pole, layer 1,Secondary motor area, layer 1",0.33047210300429186,0.18292682926829268,regions_1,regions_1,Glut,NonNeuron,74,2,464,123,0.0,0.0,C57BL6J-1.025_035 OB Eomes Ms4a15 Glut_layer 1_merged_regions_table_cell_id.txt,C57BL6J-1.025_045 OB-STR-CTX Inh IMN_layer 1_merged_regions_table_cell_id.txt
C57BL6J-1.025,layer 1,layer 1,layer 1,035 OB Eomes Ms4a15 Glut,049 Lamp5 Gaba,77,233,19,30,"Frontal pole, layer 1,Prelimbic area, layer 1,Orbital area, medial part, layer 1,Orbital area, ventrolateral part, layer 1","Frontal pole, layer 1,Secondary motor area, layer 1",0.33047210300429186,0.6333333333333333,regions_1,regions_1,Glut,GABA,74,2,464,106,0.0,0.0,C57BL6J-1.025_035 OB Eomes Ms4a15 Glut_layer 1_merged_regions_table_cell_id.txt,C57BL6J-1.025_049 Lamp5 Gaba_layer 1_merged_regions_table_cell_id.txt
C57BL6J-1.025,layer 1,layer 1,layer 1,035 OB Eomes Ms4a15 Glut,117 LHA Barhl2 Glut,77,233,13,43,"Frontal pole, layer 1,Prelimbic area, layer 1,Orbital area, medial part, layer 1,Orbital area, ventrolateral part, layer 1","Orbital area, medial part, layer 1,Orbital area, ventrolateral part, layer 1,Frontal pole, layer 1,Orbital area, lateral part, layer 1",0.33047210300429186,0.3023255813953488,regions_1,regions_1,Glut,Glut,74,1,464,83,0.11637931034482758,0.6506024096385542,C57BL6J-1.025_035 OB Eomes Ms4a15 Glut_layer 1_merged_regions_table_cell_id.txt,C57BL6J-1.025_117 LHA Barhl2 Glut_layer 1_merged_regions_table_cell_id.txt
C57BL6J-1.025,layer 1,layer 1,layer 1,035 OB Eomes Ms4a15 Glut,319 Astro-TE NN,77,233,56,146,"Frontal pole, layer 1,Prelimbic area, layer 1,Orbital area, medial part, layer 1,Orbital area, ventrolateral part, layer 1","Frontal pole, layer 1,Orbital area, ventrolateral part, layer 1,Secondary motor area, layer 1,Orbital area, lateral part, layer 1",0.33047210300429186,0.3835616438356164,regions_1,regions_1,Glut,NonNeuron,74,31,464,462,0.08405172413793104,0.08441558441558442,C57BL6J-1.025_035 OB Eomes Ms4a15 Glut_layer 1_merged_regions_table_cell_id.txt,C57BL6J-1.025_319 Astro-TE NN_layer 1_merged_regions_table_cell_id.txt
C57BL6J-1.025,layer 1,layer 1,layer 1,035 OB Eomes Ms4a15 Glut,320 Astro-OLF NN,77,233,58,181,"Frontal pole, layer 1,Prelimbic area, layer 1,Orbital area, medial part, layer 1,Orbital area, ventrolateral part, layer 1","Frontal pole, layer 1,Orbital area, ventrolateral part, layer 1,Orbital area, lateral part, layer 1,Secondary motor area, layer 1",0.33047210300429186,0.32044198895027626,regions_1,regions_1,Glut,NonNeuron,74,38,464,473,0.1896551724137931,0.18604651162790697,C57BL6J-1.025_035 OB Eomes Ms4a15 Glut_layer 1_merged_regions_table_cell_id.txt,C57BL6J-1.025_320 Astro-OLF NN_layer 1_merged_regions_table_cell_id.txt
C57BL6J-1.025,layer 1,layer 1,layer 1,035 OB Eomes Ms4a15 Glut,320 Astro-OLF NN,77,233,19,42,"Frontal pole, layer 1,Prelimbic area, layer 1,Orbital area, medial part, layer 1,Orbital area, ventrolateral part, layer 1","Frontal pole, layer 1,Orbital area, medial part, layer 1,Orbital area, ventrolateral part, layer 1",0.33047210300429186,0.4523809523809524,regions_1,regions_2,Glut,NonNeuron,74,11,464,91,0.1961206896551724,1.0,C57BL6J-1.025_035 OB Eomes Ms4a15 Glut_layer 1_merged_regions_table_cell_id.txt,C57BL6J-1.025_320 Astro-OLF NN_layer 1_merged_regions_table_cell_id.txt
C57BL6J-1.025,layer 1,layer 1,layer 1,035 OB Eomes Ms4a15 Glut,326 OPC NN,77,233,54,99,"Frontal pole, layer 1,Prelimbic area, layer 1,Orbital area, medial part, layer 1,Orbital area, ventrolateral part, layer 1","Frontal pole, layer 1,Orbital area, ventrolateral part, layer 1,Secondary motor area, layer 1,Orbital area, lateral part, layer 1",0.33047210300429186,0.5454545454545454,regions_1,regions_1,Glut,NonNeuron,74,15,464,343,0.00646551724137931,0.008746355685131196,C57BL6J-1.025_035 OB Eomes Ms4a15 Glut_layer 1_merged_regions_table_cell_id.txt,C57BL6J-1.025_326 OPC NN_layer 1_merged_regions_table_cell_id.txt
C57BL6J-1.025,layer 1,layer 1,layer 1,035 OB Eomes Ms4a15 Glut,326 OPC NN,77,233,1,0,"Frontal pole, layer 1,Prelimbic area, layer 1,Orbital area, medial part, layer 1,Orbital area, ventrolateral part, layer 1","Orbital area, medial part, layer 1",0.33047210300429186,,regions_1,regions_2,Glut,NonNeuron,74,1,464,3,0.00646551724137931,1.0,C57BL6J-1.025_035 OB Eomes Ms4a15 Glut_layer 1_merged_regions_table_cell_id.txt,C57BL6J-1.025_326 OPC NN_layer 1_merged_regions_table_cell_id.txt
C57BL6J-1.025,layer 1,layer 1,layer 1,035 OB Eomes Ms4a15 Glut,327 Oligo NN,77,233,0,1,"Frontal pole, layer 1,Prelimbic area, layer 1,Orbital area, medial part, layer 1,Orbital area, ventrolateral part, layer 1","Orbital area, medial part, layer 1",0.33047210300429186,0.0,regions_1,regions_1,Glut,NonNeuron,74,1,464,2,0.004310344827586207,1.0,C57BL6J-1.025_035 OB Eomes Ms4a15 Glut_layer 1_merged_regions_table_cell_id.txt,C57BL6J-1.025_327 Oligo NN_layer 1_merged_regions_table_cell_id.txt
C57BL6J-1.025,layer 1,layer 1,layer 1,035 OB Eomes Ms4a15 Glut,327 Oligo NN,77,233,26,89,"Frontal pole, layer 1,Prelimbic area, layer 1,Orbital area, medial part, layer 1,Orbital area, ventrolateral part, layer 1","Frontal pole, layer 1,Secondary motor area, layer 1",0.33047210300429186,0.29213483146067415,regions_1,regions_2,Glut,NonNeuron,74,6,464,151,0.0,0.0,C57BL6J-1.025_035 OB Eomes Ms4a15 Glut_layer 1_merged_regions_table_cell_id.txt,C57BL6J-1.025_327 Oligo NN_layer 1_merged_regions_table_cell_id.txt
C57BL6J-1.025,layer 1,layer 1,layer 1,035 OB Eomes Ms4a15 Glut,328 OEC NN,77,233,82,257,"Frontal pole, layer 1,Prelimbic area, layer 1,Orbital area, medial part, layer 1,Orbital area, ventrolateral part, layer 1","Frontal pole, layer 1,Orbital area, ventrolateral part, layer 1,Secondary motor area, layer 1,Orbital area, lateral part, layer 1,Orbital area, medial part, layer 1,Prelimbic area, layer 1",0.33047210300429186,0.31906614785992216,regions_1,regions_1,Glut,NonNeuron,74,71,464,650,0.5625,0.4015384615384615,C57BL6J-1.025_035 OB Eomes Ms4a15 Glut_layer 1_merged_regions_table_cell_id.txt,C57BL6J-1.025_328 OEC NN_layer 1_merged_regions_table_cell_id.txt
C57BL6J-1.025,layer 1,layer 1,layer 1,035 OB Eomes Ms4a15 Glut,330 VLMC NN,77,233,66,196,"Frontal pole, layer 1,Prelimbic area, layer 1,Orbital area, medial part, layer 1,Orbital area, ventrolateral part, layer 1","Frontal pole, layer 1,Orbital area, ventrolateral part, layer 1,Secondary motor area, layer 1,Orbital area, lateral part, layer 1,Prelimbic area, layer 1",0.33047210300429186,0.336734693877551,regions_1,regions_1,Glut,NonNeuron,74,33,464,548,0.40948275862068967,0.3467153284671533,C57BL6J-1.025_035 OB Eomes Ms4a15 Glut_layer 1_merged_regions_table_cell_id.txt,C57BL6J-1.025_330 VLMC NN_layer 1_merged_regions_table_cell_id.txt
C57BL6J-1.025,layer 1,layer 1,layer 1,035 OB Eomes Ms4a15 Glut,332 SMC NN,77,233,54,164,"Frontal pole, layer 1,Prelimbic area, layer 1,Orbital area, medial part, layer 1,Orbital area, ventrolateral part, layer 1","Frontal pole, layer 1,Orbital area, ventrolateral part, layer 1,Secondary motor area, layer 1,Orbital area, lateral part, layer 1",0.33047210300429186,0.32926829268292684,regions_1,regions_1,Glut,NonNeuron,74,7,464,489,0.21767241379310345,0.2065439672801636,C57BL6J-1.025_035 OB Eomes Ms4a15 Glut_layer 1_merged_regions_table_cell_id.txt,C57BL6J-1.025_332 SMC NN_layer 1_merged_regions_table_cell_id.txt
C57BL6J-1.025,layer 1,layer 1,layer 1,035 OB Eomes Ms4a15 Glut,333 Endo NN,77,233,28,70,"Frontal pole, layer 1,Prelimbic area, layer 1,Orbital area, medial part, layer 1,Orbital area, ventrolateral part, layer 1","Frontal pole, layer 1,Orbital area, ventrolateral part, layer 1,Secondary motor area, layer 1,Orbital area, lateral part, layer 1",0.33047210300429186,0.4,regions_1,regions_1,Glut,NonNeuron,74,35,464,287,0.0,0.0,C57BL6J-1.025_035 OB Eomes Ms4a15 Glut_layer 1_merged_regions_table_cell_id.txt,C57BL6J-1.025_333 Endo NN_layer 1_merged_regions_table_cell_id.txt
C57BL6J-1.025,layer 1,layer 1,layer 1,035 OB Eomes Ms4a15 Glut,333 Endo NN,77,233,50,136,"Frontal pole, layer 1,Prelimbic area, layer 1,Orbital area, medial part, layer 1,Orbital area, ventrolateral part, layer 1","Frontal pole, layer 1,Prelimbic area, layer 1,Orbital area, medial part, layer 1,Orbital area, ventrolateral part, layer 1",0.33047210300429186,0.36764705882352944,regions_1,regions_2,Glut,NonNeuron,74,34,464,280,0.603448275862069,1.0,C57BL6J-1.025_035 OB Eomes Ms4a15 Glut_layer 1_merged_regions_table_cell_id.txt,C57BL6J-1.025_333 Endo NN_layer 1_merged_regions_table_cell_id.txt
C57BL6J-1.025,layer 1,layer 1,layer 1,035 OB Eomes Ms4a15 Glut,334 Microglia NN,77,233,29,47,"Frontal pole, layer 1,Prelimbic area, layer 1,Orbital area, medial part, layer 1,Orbital area, ventrolateral part, layer 1","Frontal pole, layer 1,Secondary motor area, layer 1",0.33047210300429186,0.6170212765957447,regions_1,regions_1,Glut,NonNeuron,74,7,464,143,0.0,0.0,C57BL6J-1.025_035 OB Eomes Ms4a15 Glut_layer 1_merged_regions_table_cell_id.txt,C57BL6J-1.025_334 Microglia NN_layer 1_merged_regions_table_cell_id.txt
C57BL6J-1.025,layer 1,layer 1,layer 1,035 OB Eomes Ms4a15 Glut,039 OB Meis2 Thsd7b Gaba,55,158,73,247,"Frontal pole, layer 1,Orbital area, ventrolateral part, layer 1,Secondary motor area, layer 1,Orbital area, lateral part, layer 1","Frontal pole, layer 1,Orbital area, ventrolateral part, layer 1,Secondary motor area, layer 1,Orbital area, lateral part, layer 1,Prelimbic area, layer 1",0.34810126582278483,0.29554655870445345,regions_2,regions_1,Glut,GABA,52,90,368,616,0.7391304347826086,0.44155844155844154,C57BL6J-1.025_035 OB Eomes Ms4a15 Glut_layer 1_merged_regions_table_cell_id.txt,C57BL6J-1.025_039 OB Meis2 Thsd7b Gaba_layer 1_merged_regions_table_cell_id.txt
C57BL6J-1.025,layer 1,layer 1,layer 1,035 OB Eomes Ms4a15 Glut,039 OB Meis2 Thsd7b Gaba,55,158,25,72,"Frontal pole, layer 1,Orbital area, ventrolateral part, layer 1,Secondary motor area, layer 1,Orbital area, lateral part, layer 1","Frontal pole, layer 1,Prelimbic area, layer 1,Orbital area, medial part, layer 1",0.34810126582278483,0.3472222222222222,regions_2,regions_2,Glut,GABA,52,21,368,125,0.0,0.0,C57BL6J-1.025_035 OB Eomes Ms4a15 Glut_layer 1_merged_regions_table_cell_id.txt,C57BL6J-1.025_039 OB Meis2 Thsd7b Gaba_layer 1_merged_regions_table_cell_id.txt
C57BL6J-1.025,layer 1,layer 1,layer 1,035 OB Eomes Ms4a15 Glut,040 OB Trdn Gaba,55,158,80,245,"Frontal pole, layer 1,Orbital area, ventrolateral part, layer 1,Secondary motor area, layer 1,Orbital area, lateral part, layer 1","Frontal pole, layer 1,Prelimbic area, layer 1,Orbital area, medial part, layer 1,Orbital area, ventrolateral part, layer 1,Orbital area, lateral part, layer 1",0.34810126582278483,0.32653061224489793,regions_2,regions_1,Glut,GABA,52,5,368,526,0.05434782608695652,0.03802281368821293,C57BL6J-1.025_035 OB Eomes Ms4a15 Glut_layer 1_merged_regions_table_cell_id.txt,C57BL6J-1.025_040 OB Trdn Gaba_layer 1_merged_regions_table_cell_id.txt
C57BL6J-1.025,layer 1,layer 1,layer 1,035 OB Eomes Ms4a15 Glut,041 OB-in Frmd7 Gaba,55,158,130,388,"Frontal pole, layer 1,Orbital area, ventrolateral part, layer 1,Secondary motor area, layer 1,Orbital area, lateral part, layer 1","Frontal pole, layer 1,Prelimbic area, layer 1,Orbital area, medial part, layer 1,Orbital area, ventrolateral part, layer 1,Secondary motor area, layer 1,Orbital area, lateral part, layer 1",0.34810126582278483,0.33505154639175255,regions_2,regions_1,Glut,GABA,52,113,368,846,0.9619565217391305,0.41843971631205673,C57BL6J-1.025_035 OB Eomes Ms4a15 Glut_layer 1_merged_regions_table_cell_id.txt,C57BL6J-1.025_041 OB-in Frmd7 Gaba_layer 1_merged_regions_table_cell_id.txt
C57BL6J-1.025,layer 1,layer 1,layer 1,035 OB Eomes Ms4a15 Glut,042 OB-out Frmd7 Gaba,55,158,78,245,"Frontal pole, layer 1,Orbital area, ventrolateral part, layer 1,Secondary motor area, layer 1,Orbital area, lateral part, layer 1","Frontal pole, layer 1,Prelimbic area, layer 1,Orbital area, medial part, layer 1,Orbital area, ventrolateral part, layer 1",0.34810126582278483,0.3183673469387755,regions_2,regions_1,Glut,GABA,52,86,368,522,0.04076086956521739,0.028735632183908046,C57BL6J-1.025_035 OB Eomes Ms4a15 Glut_layer 1_merged_regions_table_cell_id.txt,C57BL6J-1.025_042 OB-out Frmd7 Gaba_layer 1_merged_regions_table_cell_id.txt
C57BL6J-1.025,layer 1,layer 1,layer 1,035 OB Eomes Ms4a15 Glut,043 OB-mi Frmd7 Gaba,55,158,78,241,"Frontal pole, layer 1,Orbital area, ventrolateral part, layer 1,Secondary motor area, layer 1,Orbital area, lateral part, layer 1","Frontal pole, layer 1,Prelimbic area, layer 1,Orbital area, medial part, layer 1,Orbital area, ventrolateral part, layer 1",0.34810126582278483,0.3236514522821577,regions_2,regions_1,Glut,GABA,52,11,368,513,0.024456521739130436,0.017543859649122806,C57BL6J-1.025_035 OB Eomes Ms4a15 Glut_layer 1_merged_regions_table_cell_id.txt,C57BL6J-1.025_043 OB-mi Frmd7 Gaba_layer 1_merged_regions_table_cell_id.txt
C57BL6J-1.025,layer 1,layer 1,layer 1,035 OB Eomes Ms4a15 Glut,044 OB Dopa-Gaba,55,158,90,269,"Frontal pole, layer 1,Orbital area, ventrolateral part, layer 1,Secondary motor area, layer 1,Orbital area, lateral part, layer 1","Frontal pole, layer 1,Prelimbic area, layer 1,Orbital area, medial part, layer 1,Orbital area, ventrolateral part, layer 1,Orbital area, lateral part, layer 1",0.34810126582278483,0.3345724907063197,regions_2,regions_1,Glut,NonNeuron,52,35,368,555,0.1956521739130435,0.12972972972972974,C57BL6J-1.025_035 OB Eomes Ms4a15 Glut_layer 1_merged_regions_table_cell_id.txt,C57BL6J-1.025_044 OB Dopa-Gaba_layer 1_merged_regions_table_cell_id.txt
C57BL6J-1.025,layer 1,layer 1,layer 1,035 OB Eomes Ms4a15 Glut,045 OB-STR-CTX Inh IMN,55,158,15,82,"Frontal pole, layer 1,Orbital area, ventrolateral part, layer 1,Secondary motor area, layer 1,Orbital area, lateral part, layer 1","Frontal pole, layer 1,Secondary motor area, layer 1",0.34810126582278483,0.18292682926829268,regions_2,regions_1,Glut,NonNeuron,52,2,368,123,0.3342391304347826,1.0,C57BL6J-1.025_035 OB Eomes Ms4a15 Glut_layer 1_merged_regions_table_cell_id.txt,C57BL6J-1.025_045 OB-STR-CTX Inh IMN_layer 1_merged_regions_table_cell_id.txt
C57BL6J-1.025,layer 1,layer 1,layer 1,035 OB Eomes Ms4a15 Glut,049 Lamp5 Gaba,55,158,19,30,"Frontal pole, layer 1,Orbital area, ventrolateral part, layer 1,Secondary motor area, layer 1,Orbital area, lateral part, layer 1","Frontal pole, layer 1,Secondary motor area, layer 1",0.34810126582278483,0.6333333333333333,regions_2,regions_1,Glut,GABA,52,2,368,106,0.2798913043478261,0.9716981132075472,C57BL6J-1.025_035 OB Eomes Ms4a15 Glut_layer 1_merged_regions_table_cell_id.txt,C57BL6J-1.025_049 Lamp5 Gaba_layer 1_merged_regions_table_cell_id.txt
C57BL6J-1.025,layer 1,layer 1,layer 1,035 OB Eomes Ms4a15 Glut,117 LHA Barhl2 Glut,55,158,13,43,"Frontal pole, layer 1,Orbital area, ventrolateral part, layer 1,Secondary motor area, layer 1,Orbital area, lateral part, layer 1","Orbital area, medial part, layer 1,Orbital area, ventrolateral part, layer 1,Frontal pole, layer 1,Orbital area, lateral part, layer 1",0.34810126582278483,0.3023255813953488,regions_2,regions_1,Glut,Glut,52,1,368,83,0.07880434782608696,0.3493975903614458,C57BL6J-1.025_035 OB Eomes Ms4a15 Glut_layer 1_merged_regions_table_cell_id.txt,C57BL6J-1.025_117 LHA Barhl2 Glut_layer 1_merged_regions_table_cell_id.txt
C57BL6J-1.025,layer 1,layer 1,layer 1,035 OB Eomes Ms4a15 Glut,319 Astro-TE NN,55,158,56,146,"Frontal pole, layer 1,Orbital area, ventrolateral part, layer 1,Secondary motor area, layer 1,Orbital area, lateral part, layer 1","Frontal pole, layer 1,Orbital area, ventrolateral part, layer 1,Secondary motor area, layer 1,Orbital area, lateral part, layer 1",0.34810126582278483,0.3835616438356164,regions_2,regions_1,Glut,NonNeuron,52,31,368,462,0.8559782608695652,0.6818181818181818,C57BL6J-1.025_035 OB Eomes Ms4a15 Glut_layer 1_merged_regions_table_cell_id.txt,C57BL6J-1.025_319 Astro-TE NN_layer 1_merged_regions_table_cell_id.txt
C57BL6J-1.025,layer 1,layer 1,layer 1,035 OB Eomes Ms4a15 Glut,320 Astro-OLF NN,55,158,58,181,"Frontal pole, layer 1,Orbital area, ventrolateral part, layer 1,Secondary motor area, layer 1,Orbital area, lateral part, layer 1","Frontal pole, layer 1,Orbital area, ventrolateral part, layer 1,Orbital area, lateral part, layer 1,Secondary motor area, layer 1",0.34810126582278483,0.32044198895027626,regions_2,regions_1,Glut,NonNeuron,52,38,368,473,0.8206521739130435,0.638477801268499,C57BL6J-1.025_035 OB Eomes Ms4a15 Glut_layer 1_merged_regions_table_cell_id.txt,C57BL6J-1.025_320 Astro-OLF NN_layer 1_merged_regions_table_cell_id.txt
C57BL6J-1.025,layer 1,layer 1,layer 1,035 OB Eomes Ms4a15 Glut,320 Astro-OLF NN,55,158,19,42,"Frontal pole, layer 1,Orbital area, ventrolateral part, layer 1,Secondary motor area, layer 1,Orbital area, lateral part, layer 1","Frontal pole, layer 1,Orbital area, medial part, layer 1,Orbital area, ventrolateral part, layer 1",0.34810126582278483,0.4523809523809524,regions_2,regions_2,Glut,NonNeuron,52,11,368,91,0.0,0.0,C57BL6J-1.025_035 OB Eomes Ms4a15 Glut_layer 1_merged_regions_table_cell_id.txt,C57BL6J-1.025_320 Astro-OLF NN_layer 1_merged_regions_table_cell_id.txt
C57BL6J-1.025,layer 1,layer 1,layer 1,035 OB Eomes Ms4a15 Glut,326 OPC NN,55,158,54,99,"Frontal pole, layer 1,Orbital area, ventrolateral part, layer 1,Secondary motor area, layer 1,Orbital area, lateral part, layer 1","Frontal pole, layer 1,Orbital area, ventrolateral part, layer 1,Secondary motor area, layer 1,Orbital area, lateral part, layer 1",0.34810126582278483,0.5454545454545454,regions_2,regions_1,Glut,NonNeuron,52,15,368,343,0.7554347826086957,0.8104956268221575,C57BL6J-1.025_035 OB Eomes Ms4a15 Glut_layer 1_merged_regions_table_cell_id.txt,C57BL6J-1.025_326 OPC NN_layer 1_merged_regions_table_cell_id.txt
C57BL6J-1.025,layer 1,layer 1,layer 1,035 OB Eomes Ms4a15 Glut,326 OPC NN,55,158,1,0,"Frontal pole, layer 1,Orbital area, ventrolateral part, layer 1,Secondary motor area, layer 1,Orbital area, lateral part, layer 1","Orbital area, medial part, layer 1",0.34810126582278483,,regions_2,regions_2,Glut,NonNeuron,52,1,368,3,0.0,0.0,C57BL6J-1.025_035 OB Eomes Ms4a15 Glut_layer 1_merged_regions_table_cell_id.txt,C57BL6J-1.025_326 OPC NN_layer 1_merged_regions_table_cell_id.txt
C57BL6J-1.025,layer 1,layer 1,layer 1,035 OB Eomes Ms4a15 Glut,327 Oligo NN,55,158,0,1,"Frontal pole, layer 1,Orbital area, ventrolateral part, layer 1,Secondary motor area, layer 1,Orbital area, lateral part, layer 1","Orbital area, medial part, layer 1",0.34810126582278483,0.0,regions_2,regions_1,Glut,NonNeuron,52,1,368,2,0.0,0.0,C57BL6J-1.025_035 OB Eomes Ms4a15 Glut_layer 1_merged_regions_table_cell_id.txt,C57BL6J-1.025_327 Oligo NN_layer 1_merged_regions_table_cell_id.txt
C57BL6J-1.025,layer 1,layer 1,layer 1,035 OB Eomes Ms4a15 Glut,327 Oligo NN,55,158,26,89,"Frontal pole, layer 1,Orbital area, ventrolateral part, layer 1,Secondary motor area, layer 1,Orbital area, lateral part, layer 1","Frontal pole, layer 1,Secondary motor area, layer 1",0.34810126582278483,0.29213483146067415,regions_2,regions_2,Glut,NonNeuron,52,6,368,151,0.41032608695652173,1.0,C57BL6J-1.025_035 OB Eomes Ms4a15 Glut_layer 1_merged_regions_table_cell_id.txt,C57BL6J-1.025_327 Oligo NN_layer 1_merged_regions_table_cell_id.txt
C57BL6J-1.025,layer 1,layer 1,layer 1,035 OB Eomes Ms4a15 Glut,328 OEC NN,55,158,82,257,"Frontal pole, layer 1,Orbital area, ventrolateral part, layer 1,Secondary motor area, layer 1,Orbital area, lateral part, layer 1","Frontal pole, layer 1,Orbital area, ventrolateral part, layer 1,Secondary motor area, layer 1,Orbital area, lateral part, layer 1,Orbital area, medial part, layer 1,Prelimbic area, layer 1",0.34810126582278483,0.31906614785992216,regions_2,regions_1,Glut,NonNeuron,52,71,368,650,0.7608695652173914,0.4307692307692308,C57BL6J-1.025_035 OB Eomes Ms4a15 Glut_layer 1_merged_regions_table_cell_id.txt,C57BL6J-1.025_328 OEC NN_layer 1_merged_regions_table_cell_id.txt
C57BL6J-1.025,layer 1,layer 1,layer 1,035 OB Eomes Ms4a15 Glut,330 VLMC NN,55,158,66,196,"Frontal pole, layer 1,Orbital area, ventrolateral part, layer 1,Secondary motor area, layer 1,Orbital area, lateral part, layer 1","Frontal pole, layer 1,Orbital area, ventrolateral part, layer 1,Secondary motor area, layer 1,Orbital area, lateral part, layer 1,Prelimbic area, layer 1",0.34810126582278483,0.336734693877551,regions_2,regions_1,Glut,NonNeuron,52,33,368,548,0.6766304347826086,0.4543795620437956,C57BL6J-1.025_035 OB Eomes Ms4a15 Glut_layer 1_merged_regions_table_cell_id.txt,C57BL6J-1.025_330 VLMC NN_layer 1_merged_regions_table_cell_id.txt
C57BL6J-1.025,layer 1,layer 1,layer 1,035 OB Eomes Ms4a15 Glut,332 SMC NN,55,158,54,164,"Frontal pole, layer 1,Orbital area, ventrolateral part, layer 1,Secondary motor area, layer 1,Orbital area, lateral part, layer 1","Frontal pole, layer 1,Orbital area, ventrolateral part, layer 1,Secondary motor area, layer 1,Orbital area, lateral part, layer 1",0.34810126582278483,0.32926829268292684,regions_2,regions_1,Glut,NonNeuron,52,7,368,489,0.7581521739130435,0.5705521472392638,C57BL6J-1.025_035 OB Eomes Ms4a15 Glut_layer 1_merged_regions_table_cell_id.txt,C57BL6J-1.025_332 SMC NN_layer 1_merged_regions_table_cell_id.txt
C57BL6J-1.025,layer 1,layer 1,layer 1,035 OB Eomes Ms4a15 Glut,333 Endo NN,55,158,28,70,"Frontal pole, layer 1,Orbital area, ventrolateral part, layer 1,Secondary motor area, layer 1,Orbital area, lateral part, layer 1","Frontal pole, layer 1,Orbital area, ventrolateral part, layer 1,Secondary motor area, layer 1,Orbital area, lateral part, layer 1",0.34810126582278483,0.4,regions_2,regions_1,Glut,NonNeuron,52,35,368,287,0.5570652173913043,0.7142857142857143,C57BL6J-1.025_035 OB Eomes Ms4a15 Glut_layer 1_merged_regions_table_cell_id.txt,C57BL6J-1.025_333 Endo NN_layer 1_merged_regions_table_cell_id.txt
C57BL6J-1.025,layer 1,layer 1,layer 1,035 OB Eomes Ms4a15 Glut,333 Endo NN,55,158,50,136,"Frontal pole, layer 1,Orbital area, ventrolateral part, layer 1,Secondary motor area, layer 1,Orbital area, lateral part, layer 1","Frontal pole, layer 1,Prelimbic area, layer 1,Orbital area, medial part, layer 1,Orbital area, ventrolateral part, layer 1",0.34810126582278483,0.36764705882352944,regions_2,regions_2,Glut,NonNeuron,52,34,368,280,0.0,0.0,C57BL6J-1.025_035 OB Eomes Ms4a15 Glut_layer 1_merged_regions_table_cell_id.txt,C57BL6J-1.025_333 Endo NN_layer 1_merged_regions_table_cell_id.txt
C57BL6J-1.025,layer 1,layer 1,layer 1,035 OB Eomes Ms4a15 Glut,334 Microglia NN,55,158,29,47,"Frontal pole, layer 1,Orbital area, ventrolateral part, layer 1,Secondary motor area, layer 1,Orbital area, lateral part, layer 1","Frontal pole, layer 1,Secondary motor area, layer 1",0.34810126582278483,0.6170212765957447,regions_2,regions_1,Glut,NonNeuron,52,7,368,143,0.3804347826086957,0.9790209790209791,C57BL6J-1.025_035 OB Eomes Ms4a15 Glut_layer 1_merged_regions_table_cell_id.txt,C57BL6J-1.025_334 Microglia NN_layer 1_merged_regions_table_cell_id.txt
C57BL6J-1.025,layer 1,layer 1,layer 1,039 OB Meis2 Thsd7b Gaba,039 OB Meis2 Thsd7b Gaba,73,247,25,72,"Frontal pole, layer 1,Orbital area, ventrolateral part, layer 1,Secondary motor area, layer 1,Orbital area, lateral part, layer 1,Prelimbic area, layer 1","Frontal pole, layer 1,Prelimbic area, layer 1,Orbital area, medial part, layer 1",0.29554655870445345,0.3472222222222222,regions_1,regions_2,GABA,GABA,90,21,616,125,0.0,0.0,C57BL6J-1.025_039 OB Meis2 Thsd7b Gaba_layer 1_merged_regions_table_cell_id.txt,C57BL6J-1.025_039 OB Meis2 Thsd7b Gaba_layer 1_merged_regions_table_cell_id.txt
C57BL6J-1.025,layer 1,layer 1,layer 1,039 OB Meis2 Thsd7b Gaba,040 OB Trdn Gaba,73,247,80,245,"Frontal pole, layer 1,Orbital area, ventrolateral part, layer 1,Secondary motor area, layer 1,Orbital area, lateral part, layer 1,Prelimbic area, layer 1","Frontal pole, layer 1,Prelimbic area, layer 1,Orbital area, medial part, layer 1,Orbital area, ventrolateral part, layer 1,Orbital area, lateral part, layer 1",0.29554655870445345,0.32653061224489793,regions_1,regions_1,GABA,GABA,90,5,616,526,0.48214285714285715,0.564638783269962,C57BL6J-1.025_039 OB Meis2 Thsd7b Gaba_layer 1_merged_regions_table_cell_id.txt,C57BL6J-1.025_040 OB Trdn Gaba_layer 1_merged_regions_table_cell_id.txt
C57BL6J-1.025,layer 1,layer 1,layer 1,039 OB Meis2 Thsd7b Gaba,041 OB-in Frmd7 Gaba,73,247,130,388,"Frontal pole, layer 1,Orbital area, ventrolateral part, layer 1,Secondary motor area, layer 1,Orbital area, lateral part, layer 1,Prelimbic area, layer 1","Frontal pole, layer 1,Prelimbic area, layer 1,Orbital area, medial part, layer 1,Orbital area, ventrolateral part, layer 1,Secondary motor area, layer 1,Orbital area, lateral part, layer 1",0.29554655870445345,0.33505154639175255,regions_1,regions_1,GABA,GABA,90,113,616,846,0.8701298701298701,0.6335697399527187,C57BL6J-1.025_039 OB Meis2 Thsd7b Gaba_layer 1_merged_regions_table_cell_id.txt,C57BL6J-1.025_041 OB-in Frmd7 Gaba_layer 1_merged_regions_table_cell_id.txt
C57BL6J-1.025,layer 1,layer 1,layer 1,039 OB Meis2 Thsd7b Gaba,042 OB-out Frmd7 Gaba,73,247,78,245,"Frontal pole, layer 1,Orbital area, ventrolateral part, layer 1,Secondary motor area, layer 1,Orbital area, lateral part, layer 1,Prelimbic area, layer 1","Frontal pole, layer 1,Prelimbic area, layer 1,Orbital area, medial part, layer 1,Orbital area, ventrolateral part, layer 1",0.29554655870445345,0.3183673469387755,regions_1,regions_1,GABA,GABA,90,86,616,522,0.47564935064935066,0.5613026819923371,C57BL6J-1.025_039 OB Meis2 Thsd7b Gaba_layer 1_merged_regions_table_cell_id.txt,C57BL6J-1.025_042 OB-out Frmd7 Gaba_layer 1_merged_regions_table_cell_id.txt
C57BL6J-1.025,layer 1,layer 1,layer 1,039 OB Meis2 Thsd7b Gaba,043 OB-mi Frmd7 Gaba,73,247,78,241,"Frontal pole, layer 1,Orbital area, ventrolateral part, layer 1,Secondary motor area, layer 1,Orbital area, lateral part, layer 1,Prelimbic area, layer 1","Frontal pole, layer 1,Prelimbic area, layer 1,Orbital area, medial part, layer 1,Orbital area, ventrolateral part, layer 1",0.29554655870445345,0.3236514522821577,regions_1,regions_1,GABA,GABA,90,11,616,513,0.461038961038961,0.5536062378167641,C57BL6J-1.025_039 OB Meis2 Thsd7b Gaba_layer 1_merged_regions_table_cell_id.txt,C57BL6J-1.025_043 OB-mi Frmd7 Gaba_layer 1_merged_regions_table_cell_id.txt
C57BL6J-1.025,layer 1,layer 1,layer 1,039 OB Meis2 Thsd7b Gaba,044 OB Dopa-Gaba,73,247,90,269,"Frontal pole, layer 1,Orbital area, ventrolateral part, layer 1,Secondary motor area, layer 1,Orbital area, lateral part, layer 1,Prelimbic area, layer 1","Frontal pole, layer 1,Prelimbic area, layer 1,Orbital area, medial part, layer 1,Orbital area, ventrolateral part, layer 1,Orbital area, lateral part, layer 1",0.29554655870445345,0.3345724907063197,regions_1,regions_1,GABA,NonNeuron,90,35,616,555,0.5292207792207793,0.5873873873873874,C57BL6J-1.025_039 OB Meis2 Thsd7b Gaba_layer 1_merged_regions_table_cell_id.txt,C57BL6J-1.025_044 OB Dopa-Gaba_layer 1_merged_regions_table_cell_id.txt
C57BL6J-1.025,layer 1,layer 1,layer 1,039 OB Meis2 Thsd7b Gaba,045 OB-STR-CTX Inh IMN,73,247,15,82,"Frontal pole, layer 1,Orbital area, ventrolateral part, layer 1,Secondary motor area, layer 1,Orbital area, lateral part, layer 1,Prelimbic area, layer 1","Frontal pole, layer 1,Secondary motor area, layer 1",0.29554655870445345,0.18292682926829268,regions_1,regions_1,GABA,NonNeuron,90,2,616,123,0.12012987012987013,0.6016260162601627,C57BL6J-1.025_039 OB Meis2 Thsd7b Gaba_layer 1_merged_regions_table_cell_id.txt,C57BL6J-1.025_045 OB-STR-CTX Inh IMN_layer 1_merged_regions_table_cell_id.txt
C57BL6J-1.025,layer 1,layer 1,layer 1,039 OB Meis2 Thsd7b Gaba,049 Lamp5 Gaba,73,247,19,30,"Frontal pole, layer 1,Orbital area, ventrolateral part, layer 1,Secondary motor area, layer 1,Orbital area, lateral part, layer 1,Prelimbic area, layer 1","Frontal pole, layer 1,Secondary motor area, layer 1",0.29554655870445345,0.6333333333333333,regions_1,regions_1,GABA,GABA,90,2,616,106,0.1314935064935065,0.7641509433962265,C57BL6J-1.025_039 OB Meis2 Thsd7b Gaba_layer 1_merged_regions_table_cell_id.txt,C57BL6J-1.025_049 Lamp5 Gaba_layer 1_merged_regions_table_cell_id.txt
C57BL6J-1.025,layer 1,layer 1,layer 1,039 OB Meis2 Thsd7b Gaba,117 LHA Barhl2 Glut,73,247,13,43,"Frontal pole, layer 1,Orbital area, ventrolateral part, layer 1,Secondary motor area, layer 1,Orbital area, lateral part, layer 1,Prelimbic area, layer 1","Orbital area, medial part, layer 1,Orbital area, ventrolateral part, layer 1,Frontal pole, layer 1,Orbital area, lateral part, layer 1",0.29554655870445345,0.3023255813953488,regions_1,regions_1,GABA,Glut,90,1,616,83,0.09740259740259741,0.7228915662650602,C57BL6J-1.025_039 OB Meis2 Thsd7b Gaba_layer 1_merged_regions_table_cell_id.txt,C57BL6J-1.025_117 LHA Barhl2 Glut_layer 1_merged_regions_table_cell_id.txt
C57BL6J-1.025,layer 1,layer 1,layer 1,039 OB Meis2 Thsd7b Gaba,319 Astro-TE NN,73,247,56,146,"Frontal pole, layer 1,Orbital area, ventrolateral part, layer 1,Secondary motor area, layer 1,Orbital area, lateral part, layer 1,Prelimbic area, layer 1","Frontal pole, layer 1,Orbital area, ventrolateral part, layer 1,Secondary motor area, layer 1,Orbital area, lateral part, layer 1",0.29554655870445345,0.3835616438356164,regions_1,regions_1,GABA,NonNeuron,90,31,616,462,0.6590909090909091,0.8787878787878788,C57BL6J-1.025_039 OB Meis2 Thsd7b Gaba_layer 1_merged_regions_table_cell_id.txt,C57BL6J-1.025_319 Astro-TE NN_layer 1_merged_regions_table_cell_id.txt
C57BL6J-1.025,layer 1,layer 1,layer 1,039 OB Meis2 Thsd7b Gaba,320 Astro-OLF NN,73,247,58,181,"Frontal pole, layer 1,Orbital area, ventrolateral part, layer 1,Secondary motor area, layer 1,Orbital area, lateral part, layer 1,Prelimbic area, layer 1","Frontal pole, layer 1,Orbital area, ventrolateral part, layer 1,Orbital area, lateral part, layer 1,Secondary motor area, layer 1",0.29554655870445345,0.32044198895027626,regions_1,regions_1,GABA,NonNeuron,90,38,616,473,0.7191558441558441,0.9365750528541226,C57BL6J-1.025_039 OB Meis2 Thsd7b Gaba_layer 1_merged_regions_table_cell_id.txt,C57BL6J-1.025_320 Astro-OLF NN_layer 1_merged_regions_table_cell_id.txt
C57BL6J-1.025,layer 1,layer 1,layer 1,039 OB Meis2 Thsd7b Gaba,320 Astro-OLF NN,73,247,19,42,"Frontal pole, layer 1,Orbital area, ventrolateral part, layer 1,Secondary motor area, layer 1,Orbital area, lateral part, layer 1,Prelimbic area, layer 1","Frontal pole, layer 1,Orbital area, medial part, layer 1,Orbital area, ventrolateral part, layer 1",0.29554655870445345,0.4523809523809524,regions_1,regions_2,GABA,NonNeuron,90,11,616,91,0.0,0.0,C57BL6J-1.025_039 OB Meis2 Thsd7b Gaba_layer 1_merged_regions_table_cell_id.txt,C57BL6J-1.025_320 Astro-OLF NN_layer 1_merged_regions_table_cell_id.txt
C57BL6J-1.025,layer 1,layer 1,layer 1,039 OB Meis2 Thsd7b Gaba,326 OPC NN,73,247,54,99,"Frontal pole, layer 1,Orbital area, ventrolateral part, layer 1,Secondary motor area, layer 1,Orbital area, lateral part, layer 1,Prelimbic area, layer 1","Frontal pole, layer 1,Orbital area, ventrolateral part, layer 1,Secondary motor area, layer 1,Orbital area, lateral part, layer 1",0.29554655870445345,0.5454545454545454,regions_1,regions_1,GABA,NonNeuron,90,15,616,343,0.4788961038961039,0.8600583090379009,C57BL6J-1.025_039 OB Meis2 Thsd7b Gaba_layer 1_merged_regions_table_cell_id.txt,C57BL6J-1.025_326 OPC NN_layer 1_merged_regions_table_cell_id.txt
C57BL6J-1.025,layer 1,layer 1,layer 1,039 OB Meis2 Thsd7b Gaba,326 OPC NN,73,247,1,0,"Frontal pole, layer 1,Orbital area, ventrolateral part, layer 1,Secondary motor area, layer 1,Orbital area, lateral part, layer 1,Prelimbic area, layer 1","Orbital area, medial part, layer 1",0.29554655870445345,,regions_1,regions_2,GABA,NonNeuron,90,1,616,3,0.0,0.0,C57BL6J-1.025_039 OB Meis2 Thsd7b Gaba_layer 1_merged_regions_table_cell_id.txt,C57BL6J-1.025_326 OPC NN_layer 1_merged_regions_table_cell_id.txt
C57BL6J-1.025,layer 1,layer 1,layer 1,039 OB Meis2 Thsd7b Gaba,327 Oligo NN,73,247,0,1,"Frontal pole, layer 1,Orbital area, ventrolateral part, layer 1,Secondary motor area, layer 1,Orbital area, lateral part, layer 1,Prelimbic area, layer 1","Orbital area, medial part, layer 1",0.29554655870445345,0.0,regions_1,regions_1,GABA,NonNeuron,90,1,616,2,0.0,0.0,C57BL6J-1.025_039 OB Meis2 Thsd7b Gaba_layer 1_merged_regions_table_cell_id.txt,C57BL6J-1.025_327 Oligo NN_layer 1_merged_regions_table_cell_id.txt
C57BL6J-1.025,layer 1,layer 1,layer 1,039 OB Meis2 Thsd7b Gaba,327 Oligo NN,73,247,26,89,"Frontal pole, layer 1,Orbital area, ventrolateral part, layer 1,Secondary motor area, layer 1,Orbital area, lateral part, layer 1,Prelimbic area, layer 1","Frontal pole, layer 1,Secondary motor area, layer 1",0.29554655870445345,0.29213483146067415,regions_1,regions_2,GABA,NonNeuron,90,6,616,151,0.12012987012987013,0.4900662251655629,C57BL6J-1.025_039 OB Meis2 Thsd7b Gaba_layer 1_merged_regions_table_cell_id.txt,C57BL6J-1.025_327 Oligo NN_layer 1_merged_regions_table_cell_id.txt
C57BL6J-1.025,layer 1,layer 1,layer 1,039 OB Meis2 Thsd7b Gaba,328 OEC NN,73,247,82,257,"Frontal pole, layer 1,Orbital area, ventrolateral part, layer 1,Secondary motor area, layer 1,Orbital area, lateral part, layer 1,Prelimbic area, layer 1","Frontal pole, layer 1,Orbital area, ventrolateral part, layer 1,Secondary motor area, layer 1,Orbital area, lateral part, layer 1,Orbital area, medial part, layer 1,Prelimbic area, layer 1",0.29554655870445345,0.31906614785992216,regions_1,regions_1,GABA,NonNeuron,90,71,616,650,0.9967532467532467,0.9446153846153846,C57BL6J-1.025_039 OB Meis2 Thsd7b Gaba_layer 1_merged_regions_table_cell_id.txt,C57BL6J-1.025_328 OEC NN_layer 1_merged_regions_table_cell_id.txt
C57BL6J-1.025,layer 1,layer 1,layer 1,039 OB Meis2 Thsd7b Gaba,330 VLMC NN,73,247,66,196,"Frontal pole, layer 1,Orbital area, ventrolateral part, layer 1,Secondary motor area, layer 1,Orbital area, lateral part, layer 1,Prelimbic area, layer 1","Frontal pole, layer 1,Orbital area, ventrolateral part, layer 1,Secondary motor area, layer 1,Orbital area, lateral part, layer 1,Prelimbic area, layer 1",0.29554655870445345,0.336734693877551,regions_1,regions_1,GABA,NonNeuron,90,33,616,548,0.8798701298701299,0.9890510948905109,C57BL6J-1.025_039 OB Meis2 Thsd7b Gaba_layer 1_merged_regions_table_cell_id.txt,C57BL6J-1.025_330 VLMC NN_layer 1_merged_regions_table_cell_id.txt
C57BL6J-1.025,layer 1,layer 1,layer 1,039 OB Meis2 Thsd7b Gaba,332 SMC NN,73,247,54,164,"Frontal pole, layer 1,Orbital area, ventrolateral part, layer 1,Secondary motor area, layer 1,Orbital area, lateral part, layer 1,Prelimbic area, layer 1","Frontal pole, layer 1,Orbital area, ventrolateral part, layer 1,Secondary motor area, layer 1,Orbital area, lateral part, layer 1",0.29554655870445345,0.32926829268292684,regions_1,regions_1,GABA,NonNeuron,90,7,616,489,0.7467532467532467,0.9406952965235174,C57BL6J-1.025_039 OB Meis2 Thsd7b Gaba_layer 1_merged_regions_table_cell_id.txt,C57BL6J-1.025_332 SMC NN_layer 1_merged_regions_table_cell_id.txt
C57BL6J-1.025,layer 1,layer 1,layer 1,039 OB Meis2 Thsd7b Gaba,333 Endo NN,73,247,28,70,"Frontal pole, layer 1,Orbital area, ventrolateral part, layer 1,Secondary motor area, layer 1,Orbital area, lateral part, layer 1,Prelimbic area, layer 1","Frontal pole, layer 1,Orbital area, ventrolateral part, layer 1,Secondary motor area, layer 1,Orbital area, lateral part, layer 1",0.29554655870445345,0.4,regions_1,regions_1,GABA,NonNeuron,90,35,616,287,0.44642857142857145,0.9581881533101045,C57BL6J-1.025_039 OB Meis2 Thsd7b Gaba_layer 1_merged_regions_table_cell_id.txt,C57BL6J-1.025_333 Endo NN_layer 1_merged_regions_table_cell_id.txt
C57BL6J-1.025,layer 1,layer 1,layer 1,039 OB Meis2 Thsd7b Gaba,333 Endo NN,73,247,50,136,"Frontal pole, layer 1,Orbital area, ventrolateral part, layer 1,Secondary motor area, layer 1,Orbital area, lateral part, layer 1,Prelimbic area, layer 1","Frontal pole, layer 1,Prelimbic area, layer 1,Orbital area, medial part, layer 1,Orbital area, ventrolateral part, layer 1",0.29554655870445345,0.36764705882352944,regions_1,regions_2,GABA,NonNeuron,90,34,616,280,0.08279220779220779,0.18214285714285713,C57BL6J-1.025_039 OB Meis2 Thsd7b Gaba_layer 1_merged_regions_table_cell_id.txt,C57BL6J-1.025_333 Endo NN_layer 1_merged_regions_table_cell_id.txt
C57BL6J-1.025,layer 1,layer 1,layer 1,039 OB Meis2 Thsd7b Gaba,334 Microglia NN,73,247,29,47,"Frontal pole, layer 1,Orbital area, ventrolateral part, layer 1,Secondary motor area, layer 1,Orbital area, lateral part, layer 1,Prelimbic area, layer 1","Frontal pole, layer 1,Secondary motor area, layer 1",0.29554655870445345,0.6170212765957447,regions_1,regions_1,GABA,NonNeuron,90,7,616,143,0.17045454545454544,0.7342657342657343,C57BL6J-1.025_039 OB Meis2 Thsd7b Gaba_layer 1_merged_regions_table_cell_id.txt,C57BL6J-1.025_334 Microglia NN_layer 1_merged_regions_table_cell_id.txt
C57BL6J-1.025,layer 1,layer 1,layer 1,039 OB Meis2 Thsd7b Gaba,040 OB Trdn Gaba,25,72,80,245,"Frontal pole, layer 1,Prelimbic area, layer 1,Orbital area, medial part, layer 1","Frontal pole, layer 1,Prelimbic area, layer 1,Orbital area, medial part, layer 1,Orbital area, ventrolateral part, layer 1,Orbital area, lateral part, layer 1",0.3472222222222222,0.32653061224489793,regions_2,regions_1,GABA,GABA,21,5,125,526,1.0,0.2376425855513308,C57BL6J-1.025_039 OB Meis2 Thsd7b Gaba_layer 1_merged_regions_table_cell_id.txt,C57BL6J-1.025_040 OB Trdn Gaba_layer 1_merged_regions_table_cell_id.txt
C57BL6J-1.025,layer 1,layer 1,layer 1,039 OB Meis2 Thsd7b Gaba,041 OB-in Frmd7 Gaba,25,72,130,388,"Frontal pole, layer 1,Prelimbic area, layer 1,Orbital area, medial part, layer 1","Frontal pole, layer 1,Prelimbic area, layer 1,Orbital area, medial part, layer 1,Orbital area, ventrolateral part, layer 1,Secondary motor area, layer 1,Orbital area, lateral part, layer 1",0.3472222222222222,0.33505154639175255,regions_2,regions_1,GABA,GABA,21,113,125,846,0.904,0.13356973995271867,C57BL6J-1.025_039 OB Meis2 Thsd7b Gaba_layer 1_merged_regions_table_cell_id.txt,C57BL6J-1.025_041 OB-in Frmd7 Gaba_layer 1_merged_regions_table_cell_id.txt
C57BL6J-1.025,layer 1,layer 1,layer 1,039 OB Meis2 Thsd7b Gaba,042 OB-out Frmd7 Gaba,25,72,78,245,"Frontal pole, layer 1,Prelimbic area, layer 1,Orbital area, medial part, layer 1","Frontal pole, layer 1,Prelimbic area, layer 1,Orbital area, medial part, layer 1,Orbital area, ventrolateral part, layer 1",0.3472222222222222,0.3183673469387755,regions_2,regions_1,GABA,GABA,21,86,125,522,1.0,0.23946360153256704,C57BL6J-1.025_039 OB Meis2 Thsd7b Gaba_layer 1_merged_regions_table_cell_id.txt,C57BL6J-1.025_042 OB-out Frmd7 Gaba_layer 1_merged_regions_table_cell_id.txt
C57BL6J-1.025,layer 1,layer 1,layer 1,039 OB Meis2 Thsd7b Gaba,043 OB-mi Frmd7 Gaba,25,72,78,241,"Frontal pole, layer 1,Prelimbic area, layer 1,Orbital area, medial part, layer 1","Frontal pole, layer 1,Prelimbic area, layer 1,Orbital area, medial part, layer 1,Orbital area, ventrolateral part, layer 1",0.3472222222222222,0.3236514522821577,regions_2,regions_1,GABA,GABA,21,11,125,513,1.0,0.24366471734892786,C57BL6J-1.025_039 OB Meis2 Thsd7b Gaba_layer 1_merged_regions_table_cell_id.txt,C57BL6J-1.025_043 OB-mi Frmd7 Gaba_layer 1_merged_regions_table_cell_id.txt
C57BL6J-1.025,layer 1,layer 1,layer 1,039 OB Meis2 Thsd7b Gaba,044 OB Dopa-Gaba,25,72,90,269,"Frontal pole, layer 1,Prelimbic area, layer 1,Orbital area, medial part, layer 1","Frontal pole, layer 1,Prelimbic area, layer 1,Orbital area, medial part, layer 1,Orbital area, ventrolateral part, layer 1,Orbital area, lateral part, layer 1",0.3472222222222222,0.3345724907063197,regions_2,regions_1,GABA,NonNeuron,21,35,125,555,1.0,0.22522522522522523,C57BL6J-1.025_039 OB Meis2 Thsd7b Gaba_layer 1_merged_regions_table_cell_id.txt,C57BL6J-1.025_044 OB Dopa-Gaba_layer 1_merged_regions_table_cell_id.txt
C57BL6J-1.025,layer 1,layer 1,layer 1,039 OB Meis2 Thsd7b Gaba,045 OB-STR-CTX Inh IMN,25,72,15,82,"Frontal pole, layer 1,Prelimbic area, layer 1,Orbital area, medial part, layer 1","Frontal pole, layer 1,Secondary motor area, layer 1",0.3472222222222222,0.18292682926829268,regions_2,regions_1,GABA,NonNeuron,21,2,125,123,0.0,0.0,C57BL6J-1.025_039 OB Meis2 Thsd7b Gaba_layer 1_merged_regions_table_cell_id.txt,C57BL6J-1.025_045 OB-STR-CTX Inh IMN_layer 1_merged_regions_table_cell_id.txt
C57BL6J-1.025,layer 1,layer 1,layer 1,039 OB Meis2 Thsd7b Gaba,049 Lamp5 Gaba,25,72,19,30,"Frontal pole, layer 1,Prelimbic area, layer 1,Orbital area, medial part, layer 1","Frontal pole, layer 1,Secondary motor area, layer 1",0.3472222222222222,0.6333333333333333,regions_2,regions_1,GABA,GABA,21,2,125,106,0.0,0.0,C57BL6J-1.025_039 OB Meis2 Thsd7b Gaba_layer 1_merged_regions_table_cell_id.txt,C57BL6J-1.025_049 Lamp5 Gaba_layer 1_merged_regions_table_cell_id.txt
C57BL6J-1.025,layer 1,layer 1,layer 1,039 OB Meis2 Thsd7b Gaba,117 LHA Barhl2 Glut,25,72,13,43,"Frontal pole, layer 1,Prelimbic area, layer 1,Orbital area, medial part, layer 1","Orbital area, medial part, layer 1,Orbital area, ventrolateral part, layer 1,Frontal pole, layer 1,Orbital area, lateral part, layer 1",0.3472222222222222,0.3023255813953488,regions_2,regions_1,GABA,Glut,21,1,125,83,0.024,0.03614457831325301,C57BL6J-1.025_039 OB Meis2 Thsd7b Gaba_layer 1_merged_regions_table_cell_id.txt,C57BL6J-1.025_117 LHA Barhl2 Glut_layer 1_merged_regions_table_cell_id.txt
C57BL6J-1.025,layer 1,layer 1,layer 1,039 OB Meis2 Thsd7b Gaba,319 Astro-TE NN,25,72,56,146,"Frontal pole, layer 1,Prelimbic area, layer 1,Orbital area, medial part, layer 1","Frontal pole, layer 1,Orbital area, ventrolateral part, layer 1,Secondary motor area, layer 1,Orbital area, lateral part, layer 1",0.3472222222222222,0.3835616438356164,regions_2,regions_1,GABA,NonNeuron,21,31,125,462,0.0,0.0,C57BL6J-1.025_039 OB Meis2 Thsd7b Gaba_layer 1_merged_regions_table_cell_id.txt,C57BL6J-1.025_319 Astro-TE NN_layer 1_merged_regions_table_cell_id.txt
C57BL6J-1.025,layer 1,layer 1,layer 1,039 OB Meis2 Thsd7b Gaba,320 Astro-OLF NN,25,72,58,181,"Frontal pole, layer 1,Prelimbic area, layer 1,Orbital area, medial part, layer 1","Frontal pole, layer 1,Orbital area, ventrolateral part, layer 1,Orbital area, lateral part, layer 1,Secondary motor area, layer 1",0.3472222222222222,0.32044198895027626,regions_2,regions_1,GABA,NonNeuron,21,38,125,473,0.0,0.0,C57BL6J-1.025_039 OB Meis2 Thsd7b Gaba_layer 1_merged_regions_table_cell_id.txt,C57BL6J-1.025_320 Astro-OLF NN_layer 1_merged_regions_table_cell_id.txt
C57BL6J-1.025,layer 1,layer 1,layer 1,039 OB Meis2 Thsd7b Gaba,320 Astro-OLF NN,25,72,19,42,"Frontal pole, layer 1,Prelimbic area, layer 1,Orbital area, medial part, layer 1","Frontal pole, layer 1,Orbital area, medial part, layer 1,Orbital area, ventrolateral part, layer 1",0.3472222222222222,0.4523809523809524,regions_2,regions_2,GABA,NonNeuron,21,11,125,91,0.448,0.6153846153846154,C57BL6J-1.025_039 OB Meis2 Thsd7b Gaba_layer 1_merged_regions_table_cell_id.txt,C57BL6J-1.025_320 Astro-OLF NN_layer 1_merged_regions_table_cell_id.txt
C57BL6J-1.025,layer 1,layer 1,layer 1,039 OB Meis2 Thsd7b Gaba,326 OPC NN,25,72,54,99,"Frontal pole, layer 1,Prelimbic area, layer 1,Orbital area, medial part, layer 1","Frontal pole, layer 1,Orbital area, ventrolateral part, layer 1,Secondary motor area, layer 1,Orbital area, lateral part, layer 1",0.3472222222222222,0.5454545454545454,regions_2,regions_1,GABA,NonNeuron,21,15,125,343,0.0,0.0,C57BL6J-1.025_039 OB Meis2 Thsd7b Gaba_layer 1_merged_regions_table_cell_id.txt,C57BL6J-1.025_326 OPC NN_layer 1_merged_regions_table_cell_id.txt
C57BL6J-1.025,layer 1,layer 1,layer 1,039 OB Meis2 Thsd7b Gaba,326 OPC NN,25,72,1,0,"Frontal pole, layer 1,Prelimbic area, layer 1,Orbital area, medial part, layer 1","Orbital area, medial part, layer 1",0.3472222222222222,,regions_2,regions_2,GABA,NonNeuron,21,1,125,3,0.024,1.0,C57BL6J-1.025_039 OB Meis2 Thsd7b Gaba_layer 1_merged_regions_table_cell_id.txt,C57BL6J-1.025_326 OPC NN_layer 1_merged_regions_table_cell_id.txt
C57BL6J-1.025,layer 1,layer 1,layer 1,039 OB Meis2 Thsd7b Gaba,327 Oligo NN,25,72,0,1,"Frontal pole, layer 1,Prelimbic area, layer 1,Orbital area, medial part, layer 1","Orbital area, medial part, layer 1",0.3472222222222222,0.0,regions_2,regions_1,GABA,NonNeuron,21,1,125,2,0.0,0.0,C57BL6J-1.025_039 OB Meis2 Thsd7b Gaba_layer 1_merged_regions_table_cell_id.txt,C57BL6J-1.025_327 Oligo NN_layer 1_merged_regions_table_cell_id.txt
C57BL6J-1.025,layer 1,layer 1,layer 1,039 OB Meis2 Thsd7b Gaba,327 Oligo NN,25,72,26,89,"Frontal pole, layer 1,Prelimbic area, layer 1,Orbital area, medial part, layer 1","Frontal pole, layer 1,Secondary motor area, layer 1",0.3472222222222222,0.29213483146067415,regions_2,regions_2,GABA,NonNeuron,21,6,125,151,0.0,0.0,C57BL6J-1.025_039 OB Meis2 Thsd7b Gaba_layer 1_merged_regions_table_cell_id.txt,C57BL6J-1.025_327 Oligo NN_layer 1_merged_regions_table_cell_id.txt
C57BL6J-1.025,layer 1,layer 1,layer 1,039 OB Meis2 Thsd7b Gaba,328 OEC NN,25,72,82,257,"Frontal pole, layer 1,Prelimbic area, layer 1,Orbital area, medial part, layer 1","Frontal pole, layer 1,Orbital area, ventrolateral part, layer 1,Secondary motor area, layer 1,Orbital area, lateral part, layer 1,Orbital area, medial part, layer 1,Prelimbic area, layer 1",0.3472222222222222,0.31906614785992216,regions_2,regions_1,GABA,NonNeuron,21,71,125,650,0.0,0.0,C57BL6J-1.025_039 OB Meis2 Thsd7b Gaba_layer 1_merged_regions_table_cell_id.txt,C57BL6J-1.025_328 OEC NN_layer 1_merged_regions_table_cell_id.txt
C57BL6J-1.025,layer 1,layer 1,layer 1,039 OB Meis2 Thsd7b Gaba,330 VLMC NN,25,72,66,196,"Frontal pole, layer 1,Prelimbic area, layer 1,Orbital area, medial part, layer 1","Frontal pole, layer 1,Orbital area, ventrolateral part, layer 1,Secondary motor area, layer 1,Orbital area, lateral part, layer 1,Prelimbic area, layer 1",0.3472222222222222,0.336734693877551,regions_2,regions_1,GABA,NonNeuron,21,33,125,548,0.0,0.0,C57BL6J-1.025_039 OB Meis2 Thsd7b Gaba_layer 1_merged_regions_table_cell_id.txt,C57BL6J-1.025_330 VLMC NN_layer 1_merged_regions_table_cell_id.txt
C57BL6J-1.025,layer 1,layer 1,layer 1,039 OB Meis2 Thsd7b Gaba,332 SMC NN,25,72,54,164,"Frontal pole, layer 1,Prelimbic area, layer 1,Orbital area, medial part, layer 1","Frontal pole, layer 1,Orbital area, ventrolateral part, layer 1,Secondary motor area, layer 1,Orbital area, lateral part, layer 1",0.3472222222222222,0.32926829268292684,regions_2,regions_1,GABA,NonNeuron,21,7,125,489,0.0,0.0,C57BL6J-1.025_039 OB Meis2 Thsd7b Gaba_layer 1_merged_regions_table_cell_id.txt,C57BL6J-1.025_332 SMC NN_layer 1_merged_regions_table_cell_id.txt
C57BL6J-1.025,layer 1,layer 1,layer 1,039 OB Meis2 Thsd7b Gaba,333 Endo NN,25,72,28,70,"Frontal pole, layer 1,Prelimbic area, layer 1,Orbital area, medial part, layer 1","Frontal pole, layer 1,Orbital area, ventrolateral part, layer 1,Secondary motor area, layer 1,Orbital area, lateral part, layer 1",0.3472222222222222,0.4,regions_2,regions_1,GABA,NonNeuron,21,35,125,287,0.0,0.0,C57BL6J-1.025_039 OB Meis2 Thsd7b Gaba_layer 1_merged_regions_table_cell_id.txt,C57BL6J-1.025_333 Endo NN_layer 1_merged_regions_table_cell_id.txt
C57BL6J-1.025,layer 1,layer 1,layer 1,039 OB Meis2 Thsd7b Gaba,333 Endo NN,25,72,50,136,"Frontal pole, layer 1,Prelimbic area, layer 1,Orbital area, medial part, layer 1","Frontal pole, layer 1,Prelimbic area, layer 1,Orbital area, medial part, layer 1,Orbital area, ventrolateral part, layer 1",0.3472222222222222,0.36764705882352944,regions_2,regions_2,GABA,NonNeuron,21,34,125,280,1.0,0.44642857142857145,C57BL6J-1.025_039 OB Meis2 Thsd7b Gaba_layer 1_merged_regions_table_cell_id.txt,C57BL6J-1.025_333 Endo NN_layer 1_merged_regions_table_cell_id.txt
C57BL6J-1.025,layer 1,layer 1,layer 1,039 OB Meis2 Thsd7b Gaba,334 Microglia NN,25,72,29,47,"Frontal pole, layer 1,Prelimbic area, layer 1,Orbital area, medial part, layer 1","Frontal pole, layer 1,Secondary motor area, layer 1",0.3472222222222222,0.6170212765957447,regions_2,regions_1,GABA,NonNeuron,21,7,125,143,0.0,0.0,C57BL6J-1.025_039 OB Meis2 Thsd7b Gaba_layer 1_merged_regions_table_cell_id.txt,C57BL6J-1.025_334 Microglia NN_layer 1_merged_regions_table_cell_id.txt
C57BL6J-1.025,layer 1,layer 1,layer 1,040 OB Trdn Gaba,041 OB-in Frmd7 Gaba,80,245,130,388,"Frontal pole, layer 1,Prelimbic area, layer 1,Orbital area, medial part, layer 1,Orbital area, ventrolateral part, layer 1,Orbital area, lateral part, layer 1","Frontal pole, layer 1,Prelimbic area, layer 1,Orbital area, medial part, layer 1,Orbital area, ventrolateral part, layer 1,Secondary motor area, layer 1,Orbital area, lateral part, layer 1",0.32653061224489793,0.33505154639175255,regions_1,regions_1,GABA,GABA,5,113,526,846,0.9372623574144486,0.58274231678487,C57BL6J-1.025_040 OB Trdn Gaba_layer 1_merged_regions_table_cell_id.txt,C57BL6J-1.025_041 OB-in Frmd7 Gaba_layer 1_merged_regions_table_cell_id.txt
C57BL6J-1.025,layer 1,layer 1,layer 1,040 OB Trdn Gaba,042 OB-out Frmd7 Gaba,80,245,78,245,"Frontal pole, layer 1,Prelimbic area, layer 1,Orbital area, medial part, layer 1,Orbital area, ventrolateral part, layer 1,Orbital area, lateral part, layer 1","Frontal pole, layer 1,Prelimbic area, layer 1,Orbital area, medial part, layer 1,Orbital area, ventrolateral part, layer 1",0.32653061224489793,0.3183673469387755,regions_1,regions_1,GABA,GABA,5,86,526,522,0.9828897338403042,0.9904214559386973,C57BL6J-1.025_040 OB Trdn Gaba_layer 1_merged_regions_table_cell_id.txt,C57BL6J-1.025_042 OB-out Frmd7 Gaba_layer 1_merged_regions_table_cell_id.txt
C57BL6J-1.025,layer 1,layer 1,layer 1,040 OB Trdn Gaba,043 OB-mi Frmd7 Gaba,80,245,78,241,"Frontal pole, layer 1,Prelimbic area, layer 1,Orbital area, medial part, layer 1,Orbital area, ventrolateral part, layer 1,Orbital area, lateral part, layer 1","Frontal pole, layer 1,Prelimbic area, layer 1,Orbital area, medial part, layer 1,Orbital area, ventrolateral part, layer 1",0.32653061224489793,0.3236514522821577,regions_1,regions_1,GABA,GABA,5,11,526,513,0.9752851711026616,1.0,C57BL6J-1.025_040 OB Trdn Gaba_layer 1_merged_regions_table_cell_id.txt,C57BL6J-1.025_043 OB-mi Frmd7 Gaba_layer 1_merged_regions_table_cell_id.txt
C57BL6J-1.025,layer 1,layer 1,layer 1,040 OB Trdn Gaba,044 OB Dopa-Gaba,80,245,90,269,"Frontal pole, layer 1,Prelimbic area, layer 1,Orbital area, medial part, layer 1,Orbital area, ventrolateral part, layer 1,Orbital area, lateral part, layer 1","Frontal pole, layer 1,Prelimbic area, layer 1,Orbital area, medial part, layer 1,Orbital area, ventrolateral part, layer 1,Orbital area, lateral part, layer 1",0.32653061224489793,0.3345724907063197,regions_1,regions_1,GABA,NonNeuron,5,35,526,555,0.9562737642585551,0.9063063063063063,C57BL6J-1.025_040 OB Trdn Gaba_layer 1_merged_regions_table_cell_id.txt,C57BL6J-1.025_044 OB Dopa-Gaba_layer 1_merged_regions_table_cell_id.txt
C57BL6J-1.025,layer 1,layer 1,layer 1,040 OB Trdn Gaba,045 OB-STR-CTX Inh IMN,80,245,15,82,"Frontal pole, layer 1,Prelimbic area, layer 1,Orbital area, medial part, layer 1,Orbital area, ventrolateral part, layer 1,Orbital area, lateral part, layer 1","Frontal pole, layer 1,Secondary motor area, layer 1",0.32653061224489793,0.18292682926829268,regions_1,regions_1,GABA,NonNeuron,5,2,526,123,0.0,0.0,C57BL6J-1.025_040 OB Trdn Gaba_layer 1_merged_regions_table_cell_id.txt,C57BL6J-1.025_045 OB-STR-CTX Inh IMN_layer 1_merged_regions_table_cell_id.txt
C57BL6J-1.025,layer 1,layer 1,layer 1,040 OB Trdn Gaba,049 Lamp5 Gaba,80,245,19,30,"Frontal pole, layer 1,Prelimbic area, layer 1,Orbital area, medial part, layer 1,Orbital area, ventrolateral part, layer 1,Orbital area, lateral part, layer 1","Frontal pole, layer 1,Secondary motor area, layer 1",0.32653061224489793,0.6333333333333333,regions_1,regions_1,GABA,GABA,5,2,526,106,0.0,0.0,C57BL6J-1.025_040 OB Trdn Gaba_layer 1_merged_regions_table_cell_id.txt,C57BL6J-1.025_049 Lamp5 Gaba_layer 1_merged_regions_table_cell_id.txt
C57BL6J-1.025,layer 1,layer 1,layer 1,040 OB Trdn Gaba,117 LHA Barhl2 Glut,80,245,13,43,"Frontal pole, layer 1,Prelimbic area, layer 1,Orbital area, medial part, layer 1,Orbital area, ventrolateral part, layer 1,Orbital area, lateral part, layer 1","Orbital area, medial part, layer 1,Orbital area, ventrolateral part, layer 1,Frontal pole, layer 1,Orbital area, lateral part, layer 1",0.32653061224489793,0.3023255813953488,regions_1,regions_1,GABA,Glut,5,1,526,83,0.1311787072243346,0.8313253012048193,C57BL6J-1.025_040 OB Trdn Gaba_layer 1_merged_regions_table_cell_id.txt,C57BL6J-1.025_117 LHA Barhl2 Glut_layer 1_merged_regions_table_cell_id.txt
C57BL6J-1.025,layer 1,layer 1,layer 1,040 OB Trdn Gaba,319 Astro-TE NN,80,245,56,146,"Frontal pole, layer 1,Prelimbic area, layer 1,Orbital area, medial part, layer 1,Orbital area, ventrolateral part, layer 1,Orbital area, lateral part, layer 1","Frontal pole, layer 1,Orbital area, ventrolateral part, layer 1,Secondary motor area, layer 1,Orbital area, lateral part, layer 1",0.32653061224489793,0.3835616438356164,regions_1,regions_1,GABA,NonNeuron,5,31,526,462,0.19011406844106463,0.21645021645021645,C57BL6J-1.025_040 OB Trdn Gaba_layer 1_merged_regions_table_cell_id.txt,C57BL6J-1.025_319 Astro-TE NN_layer 1_merged_regions_table_cell_id.txt
C57BL6J-1.025,layer 1,layer 1,layer 1,040 OB Trdn Gaba,320 Astro-OLF NN,80,245,58,181,"Frontal pole, layer 1,Prelimbic area, layer 1,Orbital area, medial part, layer 1,Orbital area, ventrolateral part, layer 1,Orbital area, lateral part, layer 1","Frontal pole, layer 1,Orbital area, ventrolateral part, layer 1,Orbital area, lateral part, layer 1,Secondary motor area, layer 1",0.32653061224489793,0.32044198895027626,regions_1,regions_1,GABA,NonNeuron,5,38,526,473,0.26806083650190116,0.29809725158562367,C57BL6J-1.025_040 OB Trdn Gaba_layer 1_merged_regions_table_cell_id.txt,C57BL6J-1.025_320 Astro-OLF NN_layer 1_merged_regions_table_cell_id.txt
C57BL6J-1.025,layer 1,layer 1,layer 1,040 OB Trdn Gaba,320 Astro-OLF NN,80,245,19,42,"Frontal pole, layer 1,Prelimbic area, layer 1,Orbital area, medial part, layer 1,Orbital area, ventrolateral part, layer 1,Orbital area, lateral part, layer 1","Frontal pole, layer 1,Orbital area, medial part, layer 1,Orbital area, ventrolateral part, layer 1",0.32653061224489793,0.4523809523809524,regions_1,regions_2,GABA,NonNeuron,5,11,526,91,0.17300380228136883,1.0,C57BL6J-1.025_040 OB Trdn Gaba_layer 1_merged_regions_table_cell_id.txt,C57BL6J-1.025_320 Astro-OLF NN_layer 1_merged_regions_table_cell_id.txt
C57BL6J-1.025,layer 1,layer 1,layer 1,040 OB Trdn Gaba,326 OPC NN,80,245,54,99,"Frontal pole, layer 1,Prelimbic area, layer 1,Orbital area, medial part, layer 1,Orbital area, ventrolateral part, layer 1,Orbital area, lateral part, layer 1","Frontal pole, layer 1,Orbital area, ventrolateral part, layer 1,Secondary motor area, layer 1,Orbital area, lateral part, layer 1",0.32653061224489793,0.5454545454545454,regions_1,regions_1,GABA,NonNeuron,5,15,526,343,0.034220532319391636,0.052478134110787174,C57BL6J-1.025_040 OB Trdn Gaba_layer 1_merged_regions_table_cell_id.txt,C57BL6J-1.025_326 OPC NN_layer 1_merged_regions_table_cell_id.txt
C57BL6J-1.025,layer 1,layer 1,layer 1,040 OB Trdn Gaba,326 OPC NN,80,245,1,0,"Frontal pole, layer 1,Prelimbic area, layer 1,Orbital area, medial part, layer 1,Orbital area, ventrolateral part, layer 1,Orbital area, lateral part, layer 1","Orbital area, medial part, layer 1",0.32653061224489793,,regions_1,regions_2,GABA,NonNeuron,5,1,526,3,0.005703422053231939,1.0,C57BL6J-1.025_040 OB Trdn Gaba_layer 1_merged_regions_table_cell_id.txt,C57BL6J-1.025_326 OPC NN_layer 1_merged_regions_table_cell_id.txt
C57BL6J-1.025,layer 1,layer 1,layer 1,040 OB Trdn Gaba,327 Oligo NN,80,245,0,1,"Frontal pole, layer 1,Prelimbic area, layer 1,Orbital area, medial part, layer 1,Orbital area, ventrolateral part, layer 1,Orbital area, lateral part, layer 1","Orbital area, medial part, layer 1",0.32653061224489793,0.0,regions_1,regions_1,GABA,NonNeuron,5,1,526,2,0.0038022813688212928,1.0,C57BL6J-1.025_040 OB Trdn Gaba_layer 1_merged_regions_table_cell_id.txt,C57BL6J-1.025_327 Oligo NN_layer 1_merged_regions_table_cell_id.txt
C57BL6J-1.025,layer 1,layer 1,layer 1,040 OB Trdn Gaba,327 Oligo NN,80,245,26,89,"Frontal pole, layer 1,Prelimbic area, layer 1,Orbital area, medial part, layer 1,Orbital area, ventrolateral part, layer 1,Orbital area, lateral part, layer 1","Frontal pole, layer 1,Secondary motor area, layer 1",0.32653061224489793,0.29213483146067415,regions_1,regions_2,GABA,NonNeuron,5,6,526,151,0.0,0.0,C57BL6J-1.025_040 OB Trdn Gaba_layer 1_merged_regions_table_cell_id.txt,C57BL6J-1.025_327 Oligo NN_layer 1_merged_regions_table_cell_id.txt
C57BL6J-1.025,layer 1,layer 1,layer 1,040 OB Trdn Gaba,328 OEC NN,80,245,82,257,"Frontal pole, layer 1,Prelimbic area, layer 1,Orbital area, medial part, layer 1,Orbital area, ventrolateral part, layer 1,Orbital area, lateral part, layer 1","Frontal pole, layer 1,Orbital area, ventrolateral part, layer 1,Secondary motor area, layer 1,Orbital area, lateral part, layer 1,Orbital area, medial part, layer 1,Prelimbic area, layer 1",0.32653061224489793,0.31906614785992216,regions_1,regions_1,GABA,NonNeuron,5,71,526,650,0.6140684410646388,0.4969230769230769,C57BL6J-1.025_040 OB Trdn Gaba_layer 1_merged_regions_table_cell_id.txt,C57BL6J-1.025_328 OEC NN_layer 1_merged_regions_table_cell_id.txt
C57BL6J-1.025,layer 1,layer 1,layer 1,040 OB Trdn Gaba,330 VLMC NN,80,245,66,196,"Frontal pole, layer 1,Prelimbic area, layer 1,Orbital area, medial part, layer 1,Orbital area, ventrolateral part, layer 1,Orbital area, lateral part, layer 1","Frontal pole, layer 1,Orbital area, ventrolateral part, layer 1,Secondary motor area, layer 1,Orbital area, lateral part, layer 1,Prelimbic area, layer 1",0.32653061224489793,0.336734693877551,regions_1,regions_1,GABA,NonNeuron,5,33,526,548,0.4790874524714829,0.45985401459854014,C57BL6J-1.025_040 OB Trdn Gaba_layer 1_merged_regions_table_cell_id.txt,C57BL6J-1.025_330 VLMC NN_layer 1_merged_regions_table_cell_id.txt
C57BL6J-1.025,layer 1,layer 1,layer 1,040 OB Trdn Gaba,332 SMC NN,80,245,54,164,"Frontal pole, layer 1,Prelimbic area, layer 1,Orbital area, medial part, layer 1,Orbital area, ventrolateral part, layer 1,Orbital area, lateral part, layer 1","Frontal pole, layer 1,Orbital area, ventrolateral part, layer 1,Secondary motor area, layer 1,Orbital area, lateral part, layer 1",0.32653061224489793,0.32926829268292684,regions_1,regions_1,GABA,NonNeuron,5,7,526,489,0.30988593155893535,0.3333333333333333,C57BL6J-1.025_040 OB Trdn Gaba_layer 1_merged_regions_table_cell_id.txt,C57BL6J-1.025_332 SMC NN_layer 1_merged_regions_table_cell_id.txt
C57BL6J-1.025,layer 1,layer 1,layer 1,040 OB Trdn Gaba,333 Endo NN,80,245,28,70,"Frontal pole, layer 1,Prelimbic area, layer 1,Orbital area, medial part, layer 1,Orbital area, ventrolateral part, layer 1,Orbital area, lateral part, layer 1","Frontal pole, layer 1,Orbital area, ventrolateral part, layer 1,Secondary motor area, layer 1,Orbital area, lateral part, layer 1",0.32653061224489793,0.4,regions_1,regions_1,GABA,NonNeuron,5,35,526,287,0.057034220532319393,0.10452961672473868,C57BL6J-1.025_040 OB Trdn Gaba_layer 1_merged_regions_table_cell_id.txt,C57BL6J-1.025_333 Endo NN_layer 1_merged_regions_table_cell_id.txt
C57BL6J-1.025,layer 1,layer 1,layer 1,040 OB Trdn Gaba,333 Endo NN,80,245,50,136,"Frontal pole, layer 1,Prelimbic area, layer 1,Orbital area, medial part, layer 1,Orbital area, ventrolateral part, layer 1,Orbital area, lateral part, layer 1","Frontal pole, layer 1,Prelimbic area, layer 1,Orbital area, medial part, layer 1,Orbital area, ventrolateral part, layer 1",0.32653061224489793,0.36764705882352944,regions_1,regions_2,GABA,NonNeuron,5,34,526,280,0.532319391634981,1.0,C57BL6J-1.025_040 OB Trdn Gaba_layer 1_merged_regions_table_cell_id.txt,C57BL6J-1.025_333 Endo NN_layer 1_merged_regions_table_cell_id.txt
C57BL6J-1.025,layer 1,layer 1,layer 1,040 OB Trdn Gaba,334 Microglia NN,80,245,29,47,"Frontal pole, layer 1,Prelimbic area, layer 1,Orbital area, medial part, layer 1,Orbital area, ventrolateral part, layer 1,Orbital area, lateral part, layer 1","Frontal pole, layer 1,Secondary motor area, layer 1",0.32653061224489793,0.6170212765957447,regions_1,regions_1,GABA,NonNeuron,5,7,526,143,0.0,0.0,C57BL6J-1.025_040 OB Trdn Gaba_layer 1_merged_regions_table_cell_id.txt,C57BL6J-1.025_334 Microglia NN_layer 1_merged_regions_table_cell_id.txt
C57BL6J-1.025,layer 1,layer 1,layer 1,041 OB-in Frmd7 Gaba,042 OB-out Frmd7 Gaba,130,388,78,245,"Frontal pole, layer 1,Prelimbic area, layer 1,Orbital area, medial part, layer 1,Orbital area, ventrolateral part, layer 1,Secondary motor area, layer 1,Orbital area, lateral part, layer 1","Frontal pole, layer 1,Prelimbic area, layer 1,Orbital area, medial part, layer 1,Orbital area, ventrolateral part, layer 1",0.33505154639175255,0.3183673469387755,regions_1,regions_1,GABA,GABA,113,86,846,522,0.5768321513002365,0.9348659003831418,C57BL6J-1.025_041 OB-in Frmd7 Gaba_layer 1_merged_regions_table_cell_id.txt,C57BL6J-1.025_042 OB-out Frmd7 Gaba_layer 1_merged_regions_table_cell_id.txt
C57BL6J-1.025,layer 1,layer 1,layer 1,041 OB-in Frmd7 Gaba,043 OB-mi Frmd7 Gaba,130,388,78,241,"Frontal pole, layer 1,Prelimbic area, layer 1,Orbital area, medial part, layer 1,Orbital area, ventrolateral part, layer 1,Secondary motor area, layer 1,Orbital area, lateral part, layer 1","Frontal pole, layer 1,Prelimbic area, layer 1,Orbital area, medial part, layer 1,Orbital area, ventrolateral part, layer 1",0.33505154639175255,0.3236514522821577,regions_1,regions_1,GABA,GABA,113,11,846,513,0.5697399527186762,0.9395711500974658,C57BL6J-1.025_041 OB-in Frmd7 Gaba_layer 1_merged_regions_table_cell_id.txt,C57BL6J-1.025_043 OB-mi Frmd7 Gaba_layer 1_merged_regions_table_cell_id.txt
C57BL6J-1.025,layer 1,layer 1,layer 1,041 OB-in Frmd7 Gaba,044 OB Dopa-Gaba,130,388,90,269,"Frontal pole, layer 1,Prelimbic area, layer 1,Orbital area, medial part, layer 1,Orbital area, ventrolateral part, layer 1,Secondary motor area, layer 1,Orbital area, lateral part, layer 1","Frontal pole, layer 1,Prelimbic area, layer 1,Orbital area, medial part, layer 1,Orbital area, ventrolateral part, layer 1,Orbital area, lateral part, layer 1",0.33505154639175255,0.3345724907063197,regions_1,regions_1,GABA,NonNeuron,113,35,846,555,0.6288416075650118,0.9585585585585585,C57BL6J-1.025_041 OB-in Frmd7 Gaba_layer 1_merged_regions_table_cell_id.txt,C57BL6J-1.025_044 OB Dopa-Gaba_layer 1_merged_regions_table_cell_id.txt
C57BL6J-1.025,layer 1,layer 1,layer 1,041 OB-in Frmd7 Gaba,045 OB-STR-CTX Inh IMN,130,388,15,82,"Frontal pole, layer 1,Prelimbic area, layer 1,Orbital area, medial part, layer 1,Orbital area, ventrolateral part, layer 1,Secondary motor area, layer 1,Orbital area, lateral part, layer 1","Frontal pole, layer 1,Secondary motor area, layer 1",0.33505154639175255,0.18292682926829268,regions_1,regions_1,GABA,NonNeuron,113,2,846,123,0.1453900709219858,1.0,C57BL6J-1.025_041 OB-in Frmd7 Gaba_layer 1_merged_regions_table_cell_id.txt,C57BL6J-1.025_045 OB-STR-CTX Inh IMN_layer 1_merged_regions_table_cell_id.txt
C57BL6J-1.025,layer 1,layer 1,layer 1,041 OB-in Frmd7 Gaba,049 Lamp5 Gaba,130,388,19,30,"Frontal pole, layer 1,Prelimbic area, layer 1,Orbital area, medial part, layer 1,Orbital area, ventrolateral part, layer 1,Secondary motor area, layer 1,Orbital area, lateral part, layer 1","Frontal pole, layer 1,Secondary motor area, layer 1",0.33505154639175255,0.6333333333333333,regions_1,regions_1,GABA,GABA,113,2,846,106,0.1111111111111111,0.8867924528301887,C57BL6J-1.025_041 OB-in Frmd7 Gaba_layer 1_merged_regions_table_cell_id.txt,C57BL6J-1.025_049 Lamp5 Gaba_layer 1_merged_regions_table_cell_id.txt
C57BL6J-1.025,layer 1,layer 1,layer 1,041 OB-in Frmd7 Gaba,117 LHA Barhl2 Glut,130,388,13,43,"Frontal pole, layer 1,Prelimbic area, layer 1,Orbital area, medial part, layer 1,Orbital area, ventrolateral part, layer 1,Secondary motor area, layer 1,Orbital area, lateral part, layer 1","Orbital area, medial part, layer 1,Orbital area, ventrolateral part, layer 1,Frontal pole, layer 1,Orbital area, lateral part, layer 1",0.33505154639175255,0.3023255813953488,regions_1,regions_1,GABA,Glut,113,1,846,83,0.09810874704491726,1.0,C57BL6J-1.025_041 OB-in Frmd7 Gaba_layer 1_merged_regions_table_cell_id.txt,C57BL6J-1.025_117 LHA Barhl2 Glut_layer 1_merged_regions_table_cell_id.txt
C57BL6J-1.025,layer 1,layer 1,layer 1,041 OB-in Frmd7 Gaba,319 Astro-TE NN,130,388,56,146,"Frontal pole, layer 1,Prelimbic area, layer 1,Orbital area, medial part, layer 1,Orbital area, ventrolateral part, layer 1,Secondary motor area, layer 1,Orbital area, lateral part, layer 1","Frontal pole, layer 1,Orbital area, ventrolateral part, layer 1,Secondary motor area, layer 1,Orbital area, lateral part, layer 1",0.33505154639175255,0.3835616438356164,regions_1,regions_1,GABA,NonNeuron,113,31,846,462,0.45390070921985815,0.8311688311688312,C57BL6J-1.025_041 OB-in Frmd7 Gaba_layer 1_merged_regions_table_cell_id.txt,C57BL6J-1.025_319 Astro-TE NN_layer 1_merged_regions_table_cell_id.txt
C57BL6J-1.025,layer 1,layer 1,layer 1,041 OB-in Frmd7 Gaba,320 Astro-OLF NN,130,388,58,181,"Frontal pole, layer 1,Prelimbic area, layer 1,Orbital area, medial part, layer 1,Orbital area, ventrolateral part, layer 1,Secondary motor area, layer 1,Orbital area, lateral part, layer 1","Frontal pole, layer 1,Orbital area, ventrolateral part, layer 1,Orbital area, lateral part, layer 1,Secondary motor area, layer 1",0.33505154639175255,0.32044198895027626,regions_1,regions_1,GABA,NonNeuron,113,38,846,473,0.4940898345153664,0.8837209302325582,C57BL6J-1.025_041 OB-in Frmd7 Gaba_layer 1_merged_regions_table_cell_id.txt,C57BL6J-1.025_320 Astro-OLF NN_layer 1_merged_regions_table_cell_id.txt
C57BL6J-1.025,layer 1,layer 1,layer 1,041 OB-in Frmd7 Gaba,320 Astro-OLF NN,130,388,19,42,"Frontal pole, layer 1,Prelimbic area, layer 1,Orbital area, medial part, layer 1,Orbital area, ventrolateral part, layer 1,Secondary motor area, layer 1,Orbital area, lateral part, layer 1","Frontal pole, layer 1,Orbital area, medial part, layer 1,Orbital area, ventrolateral part, layer 1",0.33505154639175255,0.4523809523809524,regions_1,regions_2,GABA,NonNeuron,113,11,846,91,0.10638297872340426,0.989010989010989,C57BL6J-1.025_041 OB-in Frmd7 Gaba_layer 1_merged_regions_table_cell_id.txt,C57BL6J-1.025_320 Astro-OLF NN_layer 1_merged_regions_table_cell_id.txt
C57BL6J-1.025,layer 1,layer 1,layer 1,041 OB-in Frmd7 Gaba,326 OPC NN,130,388,54,99,"Frontal pole, layer 1,Prelimbic area, layer 1,Orbital area, medial part, layer 1,Orbital area, ventrolateral part, layer 1,Secondary motor area, layer 1,Orbital area, lateral part, layer 1","Frontal pole, layer 1,Orbital area, ventrolateral part, layer 1,Secondary motor area, layer 1,Orbital area, lateral part, layer 1",0.33505154639175255,0.5454545454545454,regions_1,regions_1,GABA,NonNeuron,113,15,846,343,0.3380614657210402,0.8338192419825073,C57BL6J-1.025_041 OB-in Frmd7 Gaba_layer 1_merged_regions_table_cell_id.txt,C57BL6J-1.025_326 OPC NN_layer 1_merged_regions_table_cell_id.txt
C57BL6J-1.025,layer 1,layer 1,layer 1,041 OB-in Frmd7 Gaba,326 OPC NN,130,388,1,0,"Frontal pole, layer 1,Prelimbic area, layer 1,Orbital area, medial part, layer 1,Orbital area, ventrolateral part, layer 1,Secondary motor area, layer 1,Orbital area, lateral part, layer 1","Orbital area, medial part, layer 1",0.33505154639175255,,regions_1,regions_2,GABA,NonNeuron,113,1,846,3,0.0035460992907801418,1.0,C57BL6J-1.025_041 OB-in Frmd7 Gaba_layer 1_merged_regions_table_cell_id.txt,C57BL6J-1.025_326 OPC NN_layer 1_merged_regions_table_cell_id.txt
C57BL6J-1.025,layer 1,layer 1,layer 1,041 OB-in Frmd7 Gaba,327 Oligo NN,130,388,0,1,"Frontal pole, layer 1,Prelimbic area, layer 1,Orbital area, medial part, layer 1,Orbital area, ventrolateral part, layer 1,Secondary motor area, layer 1,Orbital area, lateral part, layer 1","Orbital area, medial part, layer 1",0.33505154639175255,0.0,regions_1,regions_1,GABA,NonNeuron,113,1,846,2,0.002364066193853428,1.0,C57BL6J-1.025_041 OB-in Frmd7 Gaba_layer 1_merged_regions_table_cell_id.txt,C57BL6J-1.025_327 Oligo NN_layer 1_merged_regions_table_cell_id.txt
C57BL6J-1.025,layer 1,layer 1,layer 1,041 OB-in Frmd7 Gaba,327 Oligo NN,130,388,26,89,"Frontal pole, layer 1,Prelimbic area, layer 1,Orbital area, medial part, layer 1,Orbital area, ventrolateral part, layer 1,Secondary motor area, layer 1,Orbital area, lateral part, layer 1","Frontal pole, layer 1,Secondary motor area, layer 1",0.33505154639175255,0.29213483146067415,regions_1,regions_2,GABA,NonNeuron,113,6,846,151,0.17848699763593381,1.0,C57BL6J-1.025_041 OB-in Frmd7 Gaba_layer 1_merged_regions_table_cell_id.txt,C57BL6J-1.025_327 Oligo NN_layer 1_merged_regions_table_cell_id.txt
C57BL6J-1.025,layer 1,layer 1,layer 1,041 OB-in Frmd7 Gaba,328 OEC NN,130,388,82,257,"Frontal pole, layer 1,Prelimbic area, layer 1,Orbital area, medial part, layer 1,Orbital area, ventrolateral part, layer 1,Secondary motor area, layer 1,Orbital area, lateral part, layer 1","Frontal pole, layer 1,Orbital area, ventrolateral part, layer 1,Secondary motor area, layer 1,Orbital area, lateral part, layer 1,Orbital area, medial part, layer 1,Prelimbic area, layer 1",0.33505154639175255,0.31906614785992216,regions_1,regions_1,GABA,NonNeuron,113,71,846,650,0.6702127659574468,0.8723076923076923,C57BL6J-1.025_041 OB-in Frmd7 Gaba_layer 1_merged_regions_table_cell_id.txt,C57BL6J-1.025_328 OEC NN_layer 1_merged_regions_table_cell_id.txt
C57BL6J-1.025,layer 1,layer 1,layer 1,041 OB-in Frmd7 Gaba,330 VLMC NN,130,388,66,196,"Frontal pole, layer 1,Prelimbic area, layer 1,Orbital area, medial part, layer 1,Orbital area, ventrolateral part, layer 1,Secondary motor area, layer 1,Orbital area, lateral part, layer 1","Frontal pole, layer 1,Orbital area, ventrolateral part, layer 1,Secondary motor area, layer 1,Orbital area, lateral part, layer 1,Prelimbic area, layer 1",0.33505154639175255,0.336734693877551,regions_1,regions_1,GABA,NonNeuron,113,33,846,548,0.5520094562647754,0.8521897810218978,C57BL6J-1.025_041 OB-in Frmd7 Gaba_layer 1_merged_regions_table_cell_id.txt,C57BL6J-1.025_330 VLMC NN_layer 1_merged_regions_table_cell_id.txt
C57BL6J-1.025,layer 1,layer 1,layer 1,041 OB-in Frmd7 Gaba,332 SMC NN,130,388,54,164,"Frontal pole, layer 1,Prelimbic area, layer 1,Orbital area, medial part, layer 1,Orbital area, ventrolateral part, layer 1,Secondary motor area, layer 1,Orbital area, lateral part, layer 1","Frontal pole, layer 1,Orbital area, ventrolateral part, layer 1,Secondary motor area, layer 1,Orbital area, lateral part, layer 1",0.33505154639175255,0.32926829268292684,regions_1,regions_1,GABA,NonNeuron,113,7,846,489,0.483451536643026,0.83640081799591,C57BL6J-1.025_041 OB-in Frmd7 Gaba_layer 1_merged_regions_table_cell_id.txt,C57BL6J-1.025_332 SMC NN_layer 1_merged_regions_table_cell_id.txt
C57BL6J-1.025,layer 1,layer 1,layer 1,041 OB-in Frmd7 Gaba,333 Endo NN,130,388,28,70,"Frontal pole, layer 1,Prelimbic area, layer 1,Orbital area, medial part, layer 1,Orbital area, ventrolateral part, layer 1,Secondary motor area, layer 1,Orbital area, lateral part, layer 1","Frontal pole, layer 1,Orbital area, ventrolateral part, layer 1,Secondary motor area, layer 1,Orbital area, lateral part, layer 1",0.33505154639175255,0.4,regions_1,regions_1,GABA,NonNeuron,113,35,846,287,0.26004728132387706,0.7665505226480837,C57BL6J-1.025_041 OB-in Frmd7 Gaba_layer 1_merged_regions_table_cell_id.txt,C57BL6J-1.025_333 Endo NN_layer 1_merged_regions_table_cell_id.txt
C57BL6J-1.025,layer 1,layer 1,layer 1,041 OB-in Frmd7 Gaba,333 Endo NN,130,388,50,136,"Frontal pole, layer 1,Prelimbic area, layer 1,Orbital area, medial part, layer 1,Orbital area, ventrolateral part, layer 1,Secondary motor area, layer 1,Orbital area, lateral part, layer 1","Frontal pole, layer 1,Prelimbic area, layer 1,Orbital area, medial part, layer 1,Orbital area, ventrolateral part, layer 1",0.33505154639175255,0.36764705882352944,regions_1,regions_2,GABA,NonNeuron,113,34,846,280,0.3144208037825059,0.95,C57BL6J-1.025_041 OB-in Frmd7 Gaba_layer 1_merged_regions_table_cell_id.txt,C57BL6J-1.025_333 Endo NN_layer 1_merged_regions_table_cell_id.txt
C57BL6J-1.025,layer 1,layer 1,layer 1,041 OB-in Frmd7 Gaba,334 Microglia NN,130,388,29,47,"Frontal pole, layer 1,Prelimbic area, layer 1,Orbital area, medial part, layer 1,Orbital area, ventrolateral part, layer 1,Secondary motor area, layer 1,Orbital area, lateral part, layer 1","Frontal pole, layer 1,Secondary motor area, layer 1",0.33505154639175255,0.6170212765957447,regions_1,regions_1,GABA,NonNeuron,113,7,846,143,0.15484633569739953,0.916083916083916,C57BL6J-1.025_041 OB-in Frmd7 Gaba_layer 1_merged_regions_table_cell_id.txt,C57BL6J-1.025_334 Microglia NN_layer 1_merged_regions_table_cell_id.txt
C57BL6J-1.025,layer 1,layer 1,layer 1,042 OB-out Frmd7 Gaba,043 OB-mi Frmd7 Gaba,78,245,78,241,"Frontal pole, layer 1,Prelimbic area, layer 1,Orbital area, medial part, layer 1,Orbital area, ventrolateral part, layer 1","Frontal pole, layer 1,Prelimbic area, layer 1,Orbital area, medial part, layer 1,Orbital area, ventrolateral part, layer 1",0.3183673469387755,0.3236514522821577,regions_1,regions_1,GABA,GABA,86,11,522,513,0.9827586206896551,1.0,C57BL6J-1.025_042 OB-out Frmd7 Gaba_layer 1_merged_regions_table_cell_id.txt,C57BL6J-1.025_043 OB-mi Frmd7 Gaba_layer 1_merged_regions_table_cell_id.txt
C57BL6J-1.025,layer 1,layer 1,layer 1,042 OB-out Frmd7 Gaba,044 OB Dopa-Gaba,78,245,90,269,"Frontal pole, layer 1,Prelimbic area, layer 1,Orbital area, medial part, layer 1,Orbital area, ventrolateral part, layer 1","Frontal pole, layer 1,Prelimbic area, layer 1,Orbital area, medial part, layer 1,Orbital area, ventrolateral part, layer 1,Orbital area, lateral part, layer 1",0.3183673469387755,0.3345724907063197,regions_1,regions_1,GABA,NonNeuron,86,35,522,555,0.9540229885057471,0.8972972972972973,C57BL6J-1.025_042 OB-out Frmd7 Gaba_layer 1_merged_regions_table_cell_id.txt,C57BL6J-1.025_044 OB Dopa-Gaba_layer 1_merged_regions_table_cell_id.txt
C57BL6J-1.025,layer 1,layer 1,layer 1,042 OB-out Frmd7 Gaba,045 OB-STR-CTX Inh IMN,78,245,15,82,"Frontal pole, layer 1,Prelimbic area, layer 1,Orbital area, medial part, layer 1,Orbital area, ventrolateral part, layer 1","Frontal pole, layer 1,Secondary motor area, layer 1",0.3183673469387755,0.18292682926829268,regions_1,regions_1,GABA,NonNeuron,86,2,522,123,0.0,0.0,C57BL6J-1.025_042 OB-out Frmd7 Gaba_layer 1_merged_regions_table_cell_id.txt,C57BL6J-1.025_045 OB-STR-CTX Inh IMN_layer 1_merged_regions_table_cell_id.txt
C57BL6J-1.025,layer 1,layer 1,layer 1,042 OB-out Frmd7 Gaba,049 Lamp5 Gaba,78,245,19,30,"Frontal pole, layer 1,Prelimbic area, layer 1,Orbital area, medial part, layer 1,Orbital area, ventrolateral part, layer 1","Frontal pole, layer 1,Secondary motor area, layer 1",0.3183673469387755,0.6333333333333333,regions_1,regions_1,GABA,GABA,86,2,522,106,0.0,0.0,C57BL6J-1.025_042 OB-out Frmd7 Gaba_layer 1_merged_regions_table_cell_id.txt,C57BL6J-1.025_049 Lamp5 Gaba_layer 1_merged_regions_table_cell_id.txt
C57BL6J-1.025,layer 1,layer 1,layer 1,042 OB-out Frmd7 Gaba,117 LHA Barhl2 Glut,78,245,13,43,"Frontal pole, layer 1,Prelimbic area, layer 1,Orbital area, medial part, layer 1,Orbital area, ventrolateral part, layer 1","Orbital area, medial part, layer 1,Orbital area, ventrolateral part, layer 1,Frontal pole, layer 1,Orbital area, lateral part, layer 1",0.3183673469387755,0.3023255813953488,regions_1,regions_1,GABA,Glut,86,1,522,83,0.11685823754789272,0.7349397590361446,C57BL6J-1.025_042 OB-out Frmd7 Gaba_layer 1_merged_regions_table_cell_id.txt,C57BL6J-1.025_117 LHA Barhl2 Glut_layer 1_merged_regions_table_cell_id.txt
C57BL6J-1.025,layer 1,layer 1,layer 1,042 OB-out Frmd7 Gaba,319 Astro-TE NN,78,245,56,146,"Frontal pole, layer 1,Prelimbic area, layer 1,Orbital area, medial part, layer 1,Orbital area, ventrolateral part, layer 1","Frontal pole, layer 1,Orbital area, ventrolateral part, layer 1,Secondary motor area, layer 1,Orbital area, lateral part, layer 1",0.3183673469387755,0.3835616438356164,regions_1,regions_1,GABA,NonNeuron,86,31,522,462,0.1839080459770115,0.2077922077922078,C57BL6J-1.025_042 OB-out Frmd7 Gaba_layer 1_merged_regions_table_cell_id.txt,C57BL6J-1.025_319 Astro-TE NN_layer 1_merged_regions_table_cell_id.txt
C57BL6J-1.025,layer 1,layer 1,layer 1,042 OB-out Frmd7 Gaba,320 Astro-OLF NN,78,245,58,181,"Frontal pole, layer 1,Prelimbic area, layer 1,Orbital area, medial part, layer 1,Orbital area, ventrolateral part, layer 1","Frontal pole, layer 1,Orbital area, ventrolateral part, layer 1,Orbital area, lateral part, layer 1,Secondary motor area, layer 1",0.3183673469387755,0.32044198895027626,regions_1,regions_1,GABA,NonNeuron,86,38,522,473,0.26053639846743293,0.28752642706131076,C57BL6J-1.025_042 OB-out Frmd7 Gaba_layer 1_merged_regions_table_cell_id.txt,C57BL6J-1.025_320 Astro-OLF NN_layer 1_merged_regions_table_cell_id.txt
C57BL6J-1.025,layer 1,layer 1,layer 1,042 OB-out Frmd7 Gaba,320 Astro-OLF NN,78,245,19,42,"Frontal pole, layer 1,Prelimbic area, layer 1,Orbital area, medial part, layer 1,Orbital area, ventrolateral part, layer 1","Frontal pole, layer 1,Orbital area, medial part, layer 1,Orbital area, ventrolateral part, layer 1",0.3183673469387755,0.4523809523809524,regions_1,regions_2,GABA,NonNeuron,86,11,522,91,0.1743295019157088,1.0,C57BL6J-1.025_042 OB-out Frmd7 Gaba_layer 1_merged_regions_table_cell_id.txt,C57BL6J-1.025_320 Astro-OLF NN_layer 1_merged_regions_table_cell_id.txt
C57BL6J-1.025,layer 1,layer 1,layer 1,042 OB-out Frmd7 Gaba,326 OPC NN,78,245,54,99,"Frontal pole, layer 1,Prelimbic area, layer 1,Orbital area, medial part, layer 1,Orbital area, ventrolateral part, layer 1","Frontal pole, layer 1,Orbital area, ventrolateral part, layer 1,Secondary motor area, layer 1,Orbital area, lateral part, layer 1",0.3183673469387755,0.5454545454545454,regions_1,regions_1,GABA,NonNeuron,86,15,522,343,0.019157088122605363,0.029154518950437316,C57BL6J-1.025_042 OB-out Frmd7 Gaba_layer 1_merged_regions_table_cell_id.txt,C57BL6J-1.025_326 OPC NN_layer 1_merged_regions_table_cell_id.txt
C57BL6J-1.025,layer 1,layer 1,layer 1,042 OB-out Frmd7 Gaba,326 OPC NN,78,245,1,0,"Frontal pole, layer 1,Prelimbic area, layer 1,Orbital area, medial part, layer 1,Orbital area, ventrolateral part, layer 1","Orbital area, medial part, layer 1",0.3183673469387755,,regions_1,regions_2,GABA,NonNeuron,86,1,522,3,0.005747126436781609,1.0,C57BL6J-1.025_042 OB-out Frmd7 Gaba_layer 1_merged_regions_table_cell_id.txt,C57BL6J-1.025_326 OPC NN_layer 1_merged_regions_table_cell_id.txt
C57BL6J-1.025,layer 1,layer 1,layer 1,042 OB-out Frmd7 Gaba,327 Oligo NN,78,245,0,1,"Frontal pole, layer 1,Prelimbic area, layer 1,Orbital area, medial part, layer 1,Orbital area, ventrolateral part, layer 1","Orbital area, medial part, layer 1",0.3183673469387755,0.0,regions_1,regions_1,GABA,NonNeuron,86,1,522,2,0.0038314176245210726,1.0,C57BL6J-1.025_042 OB-out Frmd7 Gaba_layer 1_merged_regions_table_cell_id.txt,C57BL6J-1.025_327 Oligo NN_layer 1_merged_regions_table_cell_id.txt
C57BL6J-1.025,layer 1,layer 1,layer 1,042 OB-out Frmd7 Gaba,327 Oligo NN,78,245,26,89,"Frontal pole, layer 1,Prelimbic area, layer 1,Orbital area, medial part, layer 1,Orbital area, ventrolateral part, layer 1","Frontal pole, layer 1,Secondary motor area, layer 1",0.3183673469387755,0.29213483146067415,regions_1,regions_2,GABA,NonNeuron,86,6,522,151,0.0,0.0,C57BL6J-1.025_042 OB-out Frmd7 Gaba_layer 1_merged_regions_table_cell_id.txt,C57BL6J-1.025_327 Oligo NN_layer 1_merged_regions_table_cell_id.txt
C57BL6J-1.025,layer 1,layer 1,layer 1,042 OB-out Frmd7 Gaba,328 OEC NN,78,245,82,257,"Frontal pole, layer 1,Prelimbic area, layer 1,Orbital area, medial part, layer 1,Orbital area, ventrolateral part, layer 1","Frontal pole, layer 1,Orbital area, ventrolateral part, layer 1,Secondary motor area, layer 1,Orbital area, lateral part, layer 1,Orbital area, medial part, layer 1,Prelimbic area, layer 1",0.3183673469387755,0.31906614785992216,regions_1,regions_1,GABA,NonNeuron,86,71,522,650,0.6111111111111112,0.4907692307692308,C57BL6J-1.025_042 OB-out Frmd7 Gaba_layer 1_merged_regions_table_cell_id.txt,C57BL6J-1.025_328 OEC NN_layer 1_merged_regions_table_cell_id.txt
C57BL6J-1.025,layer 1,layer 1,layer 1,042 OB-out Frmd7 Gaba,330 VLMC NN,78,245,66,196,"Frontal pole, layer 1,Prelimbic area, layer 1,Orbital area, medial part, layer 1,Orbital area, ventrolateral part, layer 1","Frontal pole, layer 1,Orbital area, ventrolateral part, layer 1,Secondary motor area, layer 1,Orbital area, lateral part, layer 1,Prelimbic area, layer 1",0.3183673469387755,0.336734693877551,regions_1,regions_1,GABA,NonNeuron,86,33,522,548,0.47509578544061304,0.45255474452554745,C57BL6J-1.025_042 OB-out Frmd7 Gaba_layer 1_merged_regions_table_cell_id.txt,C57BL6J-1.025_330 VLMC NN_layer 1_merged_regions_table_cell_id.txt
C57BL6J-1.025,layer 1,layer 1,layer 1,042 OB-out Frmd7 Gaba,332 SMC NN,78,245,54,164,"Frontal pole, layer 1,Prelimbic area, layer 1,Orbital area, medial part, layer 1,Orbital area, ventrolateral part, layer 1","Frontal pole, layer 1,Orbital area, ventrolateral part, layer 1,Secondary motor area, layer 1,Orbital area, lateral part, layer 1",0.3183673469387755,0.32926829268292684,regions_1,regions_1,GABA,NonNeuron,86,7,522,489,0.3045977011494253,0.32515337423312884,C57BL6J-1.025_042 OB-out Frmd7 Gaba_layer 1_merged_regions_table_cell_id.txt,C57BL6J-1.025_332 SMC NN_layer 1_merged_regions_table_cell_id.txt
C57BL6J-1.025,layer 1,layer 1,layer 1,042 OB-out Frmd7 Gaba,333 Endo NN,78,245,28,70,"Frontal pole, layer 1,Prelimbic area, layer 1,Orbital area, medial part, layer 1,Orbital area, ventrolateral part, layer 1","Frontal pole, layer 1,Orbital area, ventrolateral part, layer 1,Secondary motor area, layer 1,Orbital area, lateral part, layer 1",0.3183673469387755,0.4,regions_1,regions_1,GABA,NonNeuron,86,35,522,287,0.04980842911877394,0.09059233449477352,C57BL6J-1.025_042 OB-out Frmd7 Gaba_layer 1_merged_regions_table_cell_id.txt,C57BL6J-1.025_333 Endo NN_layer 1_merged_regions_table_cell_id.txt
C57BL6J-1.025,layer 1,layer 1,layer 1,042 OB-out Frmd7 Gaba,333 Endo NN,78,245,50,136,"Frontal pole, layer 1,Prelimbic area, layer 1,Orbital area, medial part, layer 1,Orbital area, ventrolateral part, layer 1","Frontal pole, layer 1,Prelimbic area, layer 1,Orbital area, medial part, layer 1,Orbital area, ventrolateral part, layer 1",0.3183673469387755,0.36764705882352944,regions_1,regions_2,GABA,NonNeuron,86,34,522,280,0.5363984674329502,1.0,C57BL6J-1.025_042 OB-out Frmd7 Gaba_layer 1_merged_regions_table_cell_id.txt,C57BL6J-1.025_333 Endo NN_layer 1_merged_regions_table_cell_id.txt
C57BL6J-1.025,layer 1,layer 1,layer 1,042 OB-out Frmd7 Gaba,334 Microglia NN,78,245,29,47,"Frontal pole, layer 1,Prelimbic area, layer 1,Orbital area, medial part, layer 1,Orbital area, ventrolateral part, layer 1","Frontal pole, layer 1,Secondary motor area, layer 1",0.3183673469387755,0.6170212765957447,regions_1,regions_1,GABA,NonNeuron,86,7,522,143,0.0,0.0,C57BL6J-1.025_042 OB-out Frmd7 Gaba_layer 1_merged_regions_table_cell_id.txt,C57BL6J-1.025_334 Microglia NN_layer 1_merged_regions_table_cell_id.txt
C57BL6J-1.025,layer 1,layer 1,layer 1,043 OB-mi Frmd7 Gaba,044 OB Dopa-Gaba,78,241,90,269,"Frontal pole, layer 1,Prelimbic area, layer 1,Orbital area, medial part, layer 1,Orbital area, ventrolateral part, layer 1","Frontal pole, layer 1,Prelimbic area, layer 1,Orbital area, medial part, layer 1,Orbital area, ventrolateral part, layer 1,Orbital area, lateral part, layer 1",0.3236514522821577,0.3345724907063197,regions_1,regions_1,GABA,NonNeuron,11,35,513,555,0.9590643274853801,0.8864864864864865,C57BL6J-1.025_043 OB-mi Frmd7 Gaba_layer 1_merged_regions_table_cell_id.txt,C57BL6J-1.025_044 OB Dopa-Gaba_layer 1_merged_regions_table_cell_id.txt
C57BL6J-1.025,layer 1,layer 1,layer 1,043 OB-mi Frmd7 Gaba,045 OB-STR-CTX Inh IMN,78,241,15,82,"Frontal pole, layer 1,Prelimbic area, layer 1,Orbital area, medial part, layer 1,Orbital area, ventrolateral part, layer 1","Frontal pole, layer 1,Secondary motor area, layer 1",0.3236514522821577,0.18292682926829268,regions_1,regions_1,GABA,NonNeuron,11,2,513,123,0.0,0.0,C57BL6J-1.025_043 OB-mi Frmd7 Gaba_layer 1_merged_regions_table_cell_id.txt,C57BL6J-1.025_045 OB-STR-CTX Inh IMN_layer 1_merged_regions_table_cell_id.txt
C57BL6J-1.025,layer 1,layer 1,layer 1,043 OB-mi Frmd7 Gaba,049 Lamp5 Gaba,78,241,19,30,"Frontal pole, layer 1,Prelimbic area, layer 1,Orbital area, medial part, layer 1,Orbital area, ventrolateral part, layer 1","Frontal pole, layer 1,Secondary motor area, layer 1",0.3236514522821577,0.6333333333333333,regions_1,regions_1,GABA,GABA,11,2,513,106,0.0,0.0,C57BL6J-1.025_043 OB-mi Frmd7 Gaba_layer 1_merged_regions_table_cell_id.txt,C57BL6J-1.025_049 Lamp5 Gaba_layer 1_merged_regions_table_cell_id.txt
C57BL6J-1.025,layer 1,layer 1,layer 1,043 OB-mi Frmd7 Gaba,117 LHA Barhl2 Glut,78,241,13,43,"Frontal pole, layer 1,Prelimbic area, layer 1,Orbital area, medial part, layer 1,Orbital area, ventrolateral part, layer 1","Orbital area, medial part, layer 1,Orbital area, ventrolateral part, layer 1,Frontal pole, layer 1,Orbital area, lateral part, layer 1",0.3236514522821577,0.3023255813953488,regions_1,regions_1,GABA,Glut,11,1,513,83,0.11695906432748537,0.7228915662650602,C57BL6J-1.025_043 OB-mi Frmd7 Gaba_layer 1_merged_regions_table_cell_id.txt,C57BL6J-1.025_117 LHA Barhl2 Glut_layer 1_merged_regions_table_cell_id.txt
C57BL6J-1.025,layer 1,layer 1,layer 1,043 OB-mi Frmd7 Gaba,319 Astro-TE NN,78,241,56,146,"Frontal pole, layer 1,Prelimbic area, layer 1,Orbital area, medial part, layer 1,Orbital area, ventrolateral part, layer 1","Frontal pole, layer 1,Orbital area, ventrolateral part, layer 1,Secondary motor area, layer 1,Orbital area, lateral part, layer 1",0.3236514522821577,0.3835616438356164,regions_1,regions_1,GABA,NonNeuron,11,31,513,462,0.1695906432748538,0.18831168831168832,C57BL6J-1.025_043 OB-mi Frmd7 Gaba_layer 1_merged_regions_table_cell_id.txt,C57BL6J-1.025_319 Astro-TE NN_layer 1_merged_regions_table_cell_id.txt
C57BL6J-1.025,layer 1,layer 1,layer 1,043 OB-mi Frmd7 Gaba,320 Astro-OLF NN,78,241,58,181,"Frontal pole, layer 1,Prelimbic area, layer 1,Orbital area, medial part, layer 1,Orbital area, ventrolateral part, layer 1","Frontal pole, layer 1,Orbital area, ventrolateral part, layer 1,Orbital area, lateral part, layer 1,Secondary motor area, layer 1",0.3236514522821577,0.32044198895027626,regions_1,regions_1,GABA,NonNeuron,11,38,513,473,0.25146198830409355,0.2727272727272727,C57BL6J-1.025_043 OB-mi Frmd7 Gaba_layer 1_merged_regions_table_cell_id.txt,C57BL6J-1.025_320 Astro-OLF NN_layer 1_merged_regions_table_cell_id.txt
C57BL6J-1.025,layer 1,layer 1,layer 1,043 OB-mi Frmd7 Gaba,320 Astro-OLF NN,78,241,19,42,"Frontal pole, layer 1,Prelimbic area, layer 1,Orbital area, medial part, layer 1,Orbital area, ventrolateral part, layer 1","Frontal pole, layer 1,Orbital area, medial part, layer 1,Orbital area, ventrolateral part, layer 1",0.3236514522821577,0.4523809523809524,regions_1,regions_2,GABA,NonNeuron,11,11,513,91,0.17738791423001948,1.0,C57BL6J-1.025_043 OB-mi Frmd7 Gaba_layer 1_merged_regions_table_cell_id.txt,C57BL6J-1.025_320 Astro-OLF NN_layer 1_merged_regions_table_cell_id.txt
C57BL6J-1.025,layer 1,layer 1,layer 1,043 OB-mi Frmd7 Gaba,326 OPC NN,78,241,54,99,"Frontal pole, layer 1,Prelimbic area, layer 1,Orbital area, medial part, layer 1,Orbital area, ventrolateral part, layer 1","Frontal pole, layer 1,Orbital area, ventrolateral part, layer 1,Secondary motor area, layer 1,Orbital area, lateral part, layer 1",0.3236514522821577,0.5454545454545454,regions_1,regions_1,GABA,NonNeuron,11,15,513,343,0.017543859649122806,0.026239067055393587,C57BL6J-1.025_043 OB-mi Frmd7 Gaba_layer 1_merged_regions_table_cell_id.txt,C57BL6J-1.025_326 OPC NN_layer 1_merged_regions_table_cell_id.txt
C57BL6J-1.025,layer 1,layer 1,layer 1,043 OB-mi Frmd7 Gaba,326 OPC NN,78,241,1,0,"Frontal pole, layer 1,Prelimbic area, layer 1,Orbital area, medial part, layer 1,Orbital area, ventrolateral part, layer 1","Orbital area, medial part, layer 1",0.3236514522821577,,regions_1,regions_2,GABA,NonNeuron,11,1,513,3,0.005847953216374269,1.0,C57BL6J-1.025_043 OB-mi Frmd7 Gaba_layer 1_merged_regions_table_cell_id.txt,C57BL6J-1.025_326 OPC NN_layer 1_merged_regions_table_cell_id.txt
C57BL6J-1.025,layer 1,layer 1,layer 1,043 OB-mi Frmd7 Gaba,327 Oligo NN,78,241,0,1,"Frontal pole, layer 1,Prelimbic area, layer 1,Orbital area, medial part, layer 1,Orbital area, ventrolateral part, layer 1","Orbital area, medial part, layer 1",0.3236514522821577,0.0,regions_1,regions_1,GABA,NonNeuron,11,1,513,2,0.003898635477582846,1.0,C57BL6J-1.025_043 OB-mi Frmd7 Gaba_layer 1_merged_regions_table_cell_id.txt,C57BL6J-1.025_327 Oligo NN_layer 1_merged_regions_table_cell_id.txt
C57BL6J-1.025,layer 1,layer 1,layer 1,043 OB-mi Frmd7 Gaba,327 Oligo NN,78,241,26,89,"Frontal pole, layer 1,Prelimbic area, layer 1,Orbital area, medial part, layer 1,Orbital area, ventrolateral part, layer 1","Frontal pole, layer 1,Secondary motor area, layer 1",0.3236514522821577,0.29213483146067415,regions_1,regions_2,GABA,NonNeuron,11,6,513,151,0.0,0.0,C57BL6J-1.025_043 OB-mi Frmd7 Gaba_layer 1_merged_regions_table_cell_id.txt,C57BL6J-1.025_327 Oligo NN_layer 1_merged_regions_table_cell_id.txt
C57BL6J-1.025,layer 1,layer 1,layer 1,043 OB-mi Frmd7 Gaba,328 OEC NN,78,241,82,257,"Frontal pole, layer 1,Prelimbic area, layer 1,Orbital area, medial part, layer 1,Orbital area, ventrolateral part, layer 1","Frontal pole, layer 1,Orbital area, ventrolateral part, layer 1,Secondary motor area, layer 1,Orbital area, lateral part, layer 1,Orbital area, medial part, layer 1,Prelimbic area, layer 1",0.3236514522821577,0.31906614785992216,regions_1,regions_1,GABA,NonNeuron,11,71,513,650,0.6042884990253411,0.47692307692307695,C57BL6J-1.025_043 OB-mi Frmd7 Gaba_layer 1_merged_regions_table_cell_id.txt,C57BL6J-1.025_328 OEC NN_layer 1_merged_regions_table_cell_id.txt
C57BL6J-1.025,layer 1,layer 1,layer 1,043 OB-mi Frmd7 Gaba,330 VLMC NN,78,241,66,196,"Frontal pole, layer 1,Prelimbic area, layer 1,Orbital area, medial part, layer 1,Orbital area, ventrolateral part, layer 1","Frontal pole, layer 1,Orbital area, ventrolateral part, layer 1,Secondary motor area, layer 1,Orbital area, lateral part, layer 1,Prelimbic area, layer 1",0.3236514522821577,0.336734693877551,regions_1,regions_1,GABA,NonNeuron,11,33,513,548,0.46588693957115007,0.43613138686131386,C57BL6J-1.025_043 OB-mi Frmd7 Gaba_layer 1_merged_regions_table_cell_id.txt,C57BL6J-1.025_330 VLMC NN_layer 1_merged_regions_table_cell_id.txt
C57BL6J-1.025,layer 1,layer 1,layer 1,043 OB-mi Frmd7 Gaba,332 SMC NN,78,241,54,164,"Frontal pole, layer 1,Prelimbic area, layer 1,Orbital area, medial part, layer 1,Orbital area, ventrolateral part, layer 1","Frontal pole, layer 1,Orbital area, ventrolateral part, layer 1,Secondary motor area, layer 1,Orbital area, lateral part, layer 1",0.3236514522821577,0.32926829268292684,regions_1,regions_1,GABA,NonNeuron,11,7,513,489,0.29239766081871343,0.3067484662576687,C57BL6J-1.025_043 OB-mi Frmd7 Gaba_layer 1_merged_regions_table_cell_id.txt,C57BL6J-1.025_332 SMC NN_layer 1_merged_regions_table_cell_id.txt
C57BL6J-1.025,layer 1,layer 1,layer 1,043 OB-mi Frmd7 Gaba,333 Endo NN,78,241,28,70,"Frontal pole, layer 1,Prelimbic area, layer 1,Orbital area, medial part, layer 1,Orbital area, ventrolateral part, layer 1","Frontal pole, layer 1,Orbital area, ventrolateral part, layer 1,Secondary motor area, layer 1,Orbital area, lateral part, layer 1",0.3236514522821577,0.4,regions_1,regions_1,GABA,NonNeuron,11,35,513,287,0.03508771929824561,0.0627177700348432,C57BL6J-1.025_043 OB-mi Frmd7 Gaba_layer 1_merged_regions_table_cell_id.txt,C57BL6J-1.025_333 Endo NN_layer 1_merged_regions_table_cell_id.txt
C57BL6J-1.025,layer 1,layer 1,layer 1,043 OB-mi Frmd7 Gaba,333 Endo NN,78,241,50,136,"Frontal pole, layer 1,Prelimbic area, layer 1,Orbital area, medial part, layer 1,Orbital area, ventrolateral part, layer 1","Frontal pole, layer 1,Prelimbic area, layer 1,Orbital area, medial part, layer 1,Orbital area, ventrolateral part, layer 1",0.3236514522821577,0.36764705882352944,regions_1,regions_2,GABA,NonNeuron,11,34,513,280,0.5458089668615984,1.0,C57BL6J-1.025_043 OB-mi Frmd7 Gaba_layer 1_merged_regions_table_cell_id.txt,C57BL6J-1.025_333 Endo NN_layer 1_merged_regions_table_cell_id.txt
C57BL6J-1.025,layer 1,layer 1,layer 1,043 OB-mi Frmd7 Gaba,334 Microglia NN,78,241,29,47,"Frontal pole, layer 1,Prelimbic area, layer 1,Orbital area, medial part, layer 1,Orbital area, ventrolateral part, layer 1","Frontal pole, layer 1,Secondary motor area, layer 1",0.3236514522821577,0.6170212765957447,regions_1,regions_1,GABA,NonNeuron,11,7,513,143,0.0,0.0,C57BL6J-1.025_043 OB-mi Frmd7 Gaba_layer 1_merged_regions_table_cell_id.txt,C57BL6J-1.025_334 Microglia NN_layer 1_merged_regions_table_cell_id.txt
C57BL6J-1.025,layer 1,layer 1,layer 1,044 OB Dopa-Gaba,045 OB-STR-CTX Inh IMN,90,269,15,82,"Frontal pole, layer 1,Prelimbic area, layer 1,Orbital area, medial part, layer 1,Orbital area, ventrolateral part, layer 1,Orbital area, lateral part, layer 1","Frontal pole, layer 1,Secondary motor area, layer 1",0.3345724907063197,0.18292682926829268,regions_1,regions_1,NonNeuron,NonNeuron,35,2,555,123,0.0,0.0,C57BL6J-1.025_044 OB Dopa-Gaba_layer 1_merged_regions_table_cell_id.txt,C57BL6J-1.025_045 OB-STR-CTX Inh IMN_layer 1_merged_regions_table_cell_id.txt
C57BL6J-1.025,layer 1,layer 1,layer 1,044 OB Dopa-Gaba,049 Lamp5 Gaba,90,269,19,30,"Frontal pole, layer 1,Prelimbic area, layer 1,Orbital area, medial part, layer 1,Orbital area, ventrolateral part, layer 1,Orbital area, lateral part, layer 1","Frontal pole, layer 1,Secondary motor area, layer 1",0.3345724907063197,0.6333333333333333,regions_1,regions_1,NonNeuron,GABA,35,2,555,106,0.0,0.0,C57BL6J-1.025_044 OB Dopa-Gaba_layer 1_merged_regions_table_cell_id.txt,C57BL6J-1.025_049 Lamp5 Gaba_layer 1_merged_regions_table_cell_id.txt
C57BL6J-1.025,layer 1,layer 1,layer 1,044 OB Dopa-Gaba,117 LHA Barhl2 Glut,90,269,13,43,"Frontal pole, layer 1,Prelimbic area, layer 1,Orbital area, medial part, layer 1,Orbital area, ventrolateral part, layer 1,Orbital area, lateral part, layer 1","Orbital area, medial part, layer 1,Orbital area, ventrolateral part, layer 1,Frontal pole, layer 1,Orbital area, lateral part, layer 1",0.3345724907063197,0.3023255813953488,regions_1,regions_1,NonNeuron,Glut,35,1,555,83,0.14954954954954955,1.0,C57BL6J-1.025_044 OB Dopa-Gaba_layer 1_merged_regions_table_cell_id.txt,C57BL6J-1.025_117 LHA Barhl2 Glut_layer 1_merged_regions_table_cell_id.txt
C57BL6J-1.025,layer 1,layer 1,layer 1,044 OB Dopa-Gaba,319 Astro-TE NN,90,269,56,146,"Frontal pole, layer 1,Prelimbic area, layer 1,Orbital area, medial part, layer 1,Orbital area, ventrolateral part, layer 1,Orbital area, lateral part, layer 1","Frontal pole, layer 1,Orbital area, ventrolateral part, layer 1,Secondary motor area, layer 1,Orbital area, lateral part, layer 1",0.3345724907063197,0.3835616438356164,regions_1,regions_1,NonNeuron,NonNeuron,35,31,555,462,0.23243243243243245,0.2792207792207792,C57BL6J-1.025_044 OB Dopa-Gaba_layer 1_merged_regions_table_cell_id.txt,C57BL6J-1.025_319 Astro-TE NN_layer 1_merged_regions_table_cell_id.txt
C57BL6J-1.025,layer 1,layer 1,layer 1,044 OB Dopa-Gaba,320 Astro-OLF NN,90,269,58,181,"Frontal pole, layer 1,Prelimbic area, layer 1,Orbital area, medial part, layer 1,Orbital area, ventrolateral part, layer 1,Orbital area, lateral part, layer 1","Frontal pole, layer 1,Orbital area, ventrolateral part, layer 1,Orbital area, lateral part, layer 1,Secondary motor area, layer 1",0.3345724907063197,0.32044198895027626,regions_1,regions_1,NonNeuron,NonNeuron,35,38,555,473,0.3117117117117117,0.3657505285412262,C57BL6J-1.025_044 OB Dopa-Gaba_layer 1_merged_regions_table_cell_id.txt,C57BL6J-1.025_320 Astro-OLF NN_layer 1_merged_regions_table_cell_id.txt
C57BL6J-1.025,layer 1,layer 1,layer 1,044 OB Dopa-Gaba,320 Astro-OLF NN,90,269,19,42,"Frontal pole, layer 1,Prelimbic area, layer 1,Orbital area, medial part, layer 1,Orbital area, ventrolateral part, layer 1,Orbital area, lateral part, layer 1","Frontal pole, layer 1,Orbital area, medial part, layer 1,Orbital area, ventrolateral part, layer 1",0.3345724907063197,0.4523809523809524,regions_1,regions_2,NonNeuron,NonNeuron,35,11,555,91,0.16396396396396395,1.0,C57BL6J-1.025_044 OB Dopa-Gaba_layer 1_merged_regions_table_cell_id.txt,C57BL6J-1.025_320 Astro-OLF NN_layer 1_merged_regions_table_cell_id.txt
C57BL6J-1.025,layer 1,layer 1,layer 1,044 OB Dopa-Gaba,326 OPC NN,90,269,54,99,"Frontal pole, layer 1,Prelimbic area, layer 1,Orbital area, medial part, layer 1,Orbital area, ventrolateral part, layer 1,Orbital area, lateral part, layer 1","Frontal pole, layer 1,Orbital area, ventrolateral part, layer 1,Secondary motor area, layer 1,Orbital area, lateral part, layer 1",0.3345724907063197,0.5454545454545454,regions_1,regions_1,NonNeuron,NonNeuron,35,15,555,343,0.11531531531531532,0.18658892128279883,C57BL6J-1.025_044 OB Dopa-Gaba_layer 1_merged_regions_table_cell_id.txt,C57BL6J-1.025_326 OPC NN_layer 1_merged_regions_table_cell_id.txt
C57BL6J-1.025,layer 1,layer 1,layer 1,044 OB Dopa-Gaba,326 OPC NN,90,269,1,0,"Frontal pole, layer 1,Prelimbic area, layer 1,Orbital area, medial part, layer 1,Orbital area, ventrolateral part, layer 1,Orbital area, lateral part, layer 1","Orbital area, medial part, layer 1",0.3345724907063197,,regions_1,regions_2,NonNeuron,NonNeuron,35,1,555,3,0.005405405405405406,1.0,C57BL6J-1.025_044 OB Dopa-Gaba_layer 1_merged_regions_table_cell_id.txt,C57BL6J-1.025_326 OPC NN_layer 1_merged_regions_table_cell_id.txt
C57BL6J-1.025,layer 1,layer 1,layer 1,044 OB Dopa-Gaba,327 Oligo NN,90,269,0,1,"Frontal pole, layer 1,Prelimbic area, layer 1,Orbital area, medial part, layer 1,Orbital area, ventrolateral part, layer 1,Orbital area, lateral part, layer 1","Orbital area, medial part, layer 1",0.3345724907063197,0.0,regions_1,regions_1,NonNeuron,NonNeuron,35,1,555,2,0.0036036036036036037,1.0,C57BL6J-1.025_044 OB Dopa-Gaba_layer 1_merged_regions_table_cell_id.txt,C57BL6J-1.025_327 Oligo NN_layer 1_merged_regions_table_cell_id.txt
C57BL6J-1.025,layer 1,layer 1,layer 1,044 OB Dopa-Gaba,327 Oligo NN,90,269,26,89,"Frontal pole, layer 1,Prelimbic area, layer 1,Orbital area, medial part, layer 1,Orbital area, ventrolateral part, layer 1,Orbital area, lateral part, layer 1","Frontal pole, layer 1,Secondary motor area, layer 1",0.3345724907063197,0.29213483146067415,regions_1,regions_2,NonNeuron,NonNeuron,35,6,555,151,0.0,0.0,C57BL6J-1.025_044 OB Dopa-Gaba_layer 1_merged_regions_table_cell_id.txt,C57BL6J-1.025_327 Oligo NN_layer 1_merged_regions_table_cell_id.txt
C57BL6J-1.025,layer 1,layer 1,layer 1,044 OB Dopa-Gaba,328 OEC NN,90,269,82,257,"Frontal pole, layer 1,Prelimbic area, layer 1,Orbital area, medial part, layer 1,Orbital area, ventrolateral part, layer 1,Orbital area, lateral part, layer 1","Frontal pole, layer 1,Orbital area, ventrolateral part, layer 1,Secondary motor area, layer 1,Orbital area, lateral part, layer 1,Orbital area, medial part, layer 1,Prelimbic area, layer 1",0.3345724907063197,0.31906614785992216,regions_1,regions_1,NonNeuron,NonNeuron,35,71,555,650,0.6342342342342342,0.5415384615384615,C57BL6J-1.025_044 OB Dopa-Gaba_layer 1_merged_regions_table_cell_id.txt,C57BL6J-1.025_328 OEC NN_layer 1_merged_regions_table_cell_id.txt
C57BL6J-1.025,layer 1,layer 1,layer 1,044 OB Dopa-Gaba,330 VLMC NN,90,269,66,196,"Frontal pole, layer 1,Prelimbic area, layer 1,Orbital area, medial part, layer 1,Orbital area, ventrolateral part, layer 1,Orbital area, lateral part, layer 1","Frontal pole, layer 1,Orbital area, ventrolateral part, layer 1,Secondary motor area, layer 1,Orbital area, lateral part, layer 1,Prelimbic area, layer 1",0.3345724907063197,0.336734693877551,regions_1,regions_1,NonNeuron,NonNeuron,35,33,555,548,0.5063063063063064,0.5127737226277372,C57BL6J-1.025_044 OB Dopa-Gaba_layer 1_merged_regions_table_cell_id.txt,C57BL6J-1.025_330 VLMC NN_layer 1_merged_regions_table_cell_id.txt
C57BL6J-1.025,layer 1,layer 1,layer 1,044 OB Dopa-Gaba,332 SMC NN,90,269,54,164,"Frontal pole, layer 1,Prelimbic area, layer 1,Orbital area, medial part, layer 1,Orbital area, ventrolateral part, layer 1,Orbital area, lateral part, layer 1","Frontal pole, layer 1,Orbital area, ventrolateral part, layer 1,Secondary motor area, layer 1,Orbital area, lateral part, layer 1",0.3345724907063197,0.32926829268292684,regions_1,regions_1,NonNeuron,NonNeuron,35,7,555,489,0.34594594594594597,0.39263803680981596,C57BL6J-1.025_044 OB Dopa-Gaba_layer 1_merged_regions_table_cell_id.txt,C57BL6J-1.025_332 SMC NN_layer 1_merged_regions_table_cell_id.txt
C57BL6J-1.025,layer 1,layer 1,layer 1,044 OB Dopa-Gaba,333 Endo NN,90,269,28,70,"Frontal pole, layer 1,Prelimbic area, layer 1,Orbital area, medial part, layer 1,Orbital area, ventrolateral part, layer 1,Orbital area, lateral part, layer 1","Frontal pole, layer 1,Orbital area, ventrolateral part, layer 1,Secondary motor area, layer 1,Orbital area, lateral part, layer 1",0.3345724907063197,0.4,regions_1,regions_1,NonNeuron,NonNeuron,35,35,555,287,0.12972972972972974,0.2508710801393728,C57BL6J-1.025_044 OB Dopa-Gaba_layer 1_merged_regions_table_cell_id.txt,C57BL6J-1.025_333 Endo NN_layer 1_merged_regions_table_cell_id.txt
C57BL6J-1.025,layer 1,layer 1,layer 1,044 OB Dopa-Gaba,333 Endo NN,90,269,50,136,"Frontal pole, layer 1,Prelimbic area, layer 1,Orbital area, medial part, layer 1,Orbital area, ventrolateral part, layer 1,Orbital area, lateral part, layer 1","Frontal pole, layer 1,Prelimbic area, layer 1,Orbital area, medial part, layer 1,Orbital area, ventrolateral part, layer 1",0.3345724907063197,0.36764705882352944,regions_1,regions_2,NonNeuron,NonNeuron,35,34,555,280,0.5045045045045045,1.0,C57BL6J-1.025_044 OB Dopa-Gaba_layer 1_merged_regions_table_cell_id.txt,C57BL6J-1.025_333 Endo NN_layer 1_merged_regions_table_cell_id.txt
C57BL6J-1.025,layer 1,layer 1,layer 1,044 OB Dopa-Gaba,334 Microglia NN,90,269,29,47,"Frontal pole, layer 1,Prelimbic area, layer 1,Orbital area, medial part, layer 1,Orbital area, ventrolateral part, layer 1,Orbital area, lateral part, layer 1","Frontal pole, layer 1,Secondary motor area, layer 1",0.3345724907063197,0.6170212765957447,regions_1,regions_1,NonNeuron,NonNeuron,35,7,555,143,0.0,0.0,C57BL6J-1.025_044 OB Dopa-Gaba_layer 1_merged_regions_table_cell_id.txt,C57BL6J-1.025_334 Microglia NN_layer 1_merged_regions_table_cell_id.txt
C57BL6J-1.025,layer 1,layer 1,layer 1,045 OB-STR-CTX Inh IMN,049 Lamp5 Gaba,15,82,19,30,"Frontal pole, layer 1,Secondary motor area, layer 1","Frontal pole, layer 1,Secondary motor area, layer 1",0.18292682926829268,0.6333333333333333,regions_1,regions_1,NonNeuron,GABA,2,2,123,106,0.024390243902439025,0.02830188679245283,C57BL6J-1.025_045 OB-STR-CTX Inh IMN_layer 1_merged_regions_table_cell_id.txt,C57BL6J-1.025_049 Lamp5 Gaba_layer 1_merged_regions_table_cell_id.txt
C57BL6J-1.025,layer 1,layer 1,layer 1,045 OB-STR-CTX Inh IMN,117 LHA Barhl2 Glut,15,82,13,43,"Frontal pole, layer 1,Secondary motor area, layer 1","Orbital area, medial part, layer 1,Orbital area, ventrolateral part, layer 1,Frontal pole, layer 1,Orbital area, lateral part, layer 1",0.18292682926829268,0.3023255813953488,regions_1,regions_1,NonNeuron,Glut,2,1,123,83,0.0,0.0,C57BL6J-1.025_045 OB-STR-CTX Inh IMN_layer 1_merged_regions_table_cell_id.txt,C57BL6J-1.025_117 LHA Barhl2 Glut_layer 1_merged_regions_table_cell_id.txt
C57BL6J-1.025,layer 1,layer 1,layer 1,045 OB-STR-CTX Inh IMN,319 Astro-TE NN,15,82,56,146,"Frontal pole, layer 1,Secondary motor area, layer 1","Frontal pole, layer 1,Orbital area, ventrolateral part, layer 1,Secondary motor area, layer 1,Orbital area, lateral part, layer 1",0.18292682926829268,0.3835616438356164,regions_1,regions_1,NonNeuron,NonNeuron,2,31,123,462,0.6016260162601627,0.16017316017316016,C57BL6J-1.025_045 OB-STR-CTX Inh IMN_layer 1_merged_regions_table_cell_id.txt,C57BL6J-1.025_319 Astro-TE NN_layer 1_merged_regions_table_cell_id.txt
C57BL6J-1.025,layer 1,layer 1,layer 1,045 OB-STR-CTX Inh IMN,320 Astro-OLF NN,15,82,58,181,"Frontal pole, layer 1,Secondary motor area, layer 1","Frontal pole, layer 1,Orbital area, ventrolateral part, layer 1,Orbital area, lateral part, layer 1,Secondary motor area, layer 1",0.18292682926829268,0.32044198895027626,regions_1,regions_1,NonNeuron,NonNeuron,2,38,123,473,0.6910569105691057,0.17970401691331925,C57BL6J-1.025_045 OB-STR-CTX Inh IMN_layer 1_merged_regions_table_cell_id.txt,C57BL6J-1.025_320 Astro-OLF NN_layer 1_merged_regions_table_cell_id.txt
C57BL6J-1.025,layer 1,layer 1,layer 1,045 OB-STR-CTX Inh IMN,320 Astro-OLF NN,15,82,19,42,"Frontal pole, layer 1,Secondary motor area, layer 1","Frontal pole, layer 1,Orbital area, medial part, layer 1,Orbital area, ventrolateral part, layer 1",0.18292682926829268,0.4523809523809524,regions_1,regions_2,NonNeuron,NonNeuron,2,11,123,91,0.0,0.0,C57BL6J-1.025_045 OB-STR-CTX Inh IMN_layer 1_merged_regions_table_cell_id.txt,C57BL6J-1.025_320 Astro-OLF NN_layer 1_merged_regions_table_cell_id.txt
C57BL6J-1.025,layer 1,layer 1,layer 1,045 OB-STR-CTX Inh IMN,326 OPC NN,15,82,54,99,"Frontal pole, layer 1,Secondary motor area, layer 1","Frontal pole, layer 1,Orbital area, ventrolateral part, layer 1,Secondary motor area, layer 1,Orbital area, lateral part, layer 1",0.18292682926829268,0.5454545454545454,regions_1,regions_1,NonNeuron,NonNeuron,2,15,123,343,0.3902439024390244,0.13994169096209913,C57BL6J-1.025_045 OB-STR-CTX Inh IMN_layer 1_merged_regions_table_cell_id.txt,C57BL6J-1.025_326 OPC NN_layer 1_merged_regions_table_cell_id.txt
C57BL6J-1.025,layer 1,layer 1,layer 1,045 OB-STR-CTX Inh IMN,326 OPC NN,15,82,1,0,"Frontal pole, layer 1,Secondary motor area, layer 1","Orbital area, medial part, layer 1",0.18292682926829268,,regions_1,regions_2,NonNeuron,NonNeuron,2,1,123,3,0.0,0.0,C57BL6J-1.025_045 OB-STR-CTX Inh IMN_layer 1_merged_regions_table_cell_id.txt,C57BL6J-1.025_326 OPC NN_layer 1_merged_regions_table_cell_id.txt
C57BL6J-1.025,layer 1,layer 1,layer 1,045 OB-STR-CTX Inh IMN,327 Oligo NN,15,82,0,1,"Frontal pole, layer 1,Secondary motor area, layer 1","Orbital area, medial part, layer 1",0.18292682926829268,0.0,regions_1,regions_1,NonNeuron,NonNeuron,2,1,123,2,0.0,0.0,C57BL6J-1.025_045 OB-STR-CTX Inh IMN_layer 1_merged_regions_table_cell_id.txt,C57BL6J-1.025_327 Oligo NN_layer 1_merged_regions_table_cell_id.txt
C57BL6J-1.025,layer 1,layer 1,layer 1,045 OB-STR-CTX Inh IMN,327 Oligo NN,15,82,26,89,"Frontal pole, layer 1,Secondary motor area, layer 1","Frontal pole, layer 1,Secondary motor area, layer 1",0.18292682926829268,0.29213483146067415,regions_1,regions_2,NonNeuron,NonNeuron,2,6,123,151,1.0,0.8145695364238411,C57BL6J-1.025_045 OB-STR-CTX Inh IMN_layer 1_merged_regions_table_cell_id.txt,C57BL6J-1.025_327 Oligo NN_layer 1_merged_regions_table_cell_id.txt
C57BL6J-1.025,layer 1,layer 1,layer 1,045 OB-STR-CTX Inh IMN,328 OEC NN,15,82,82,257,"Frontal pole, layer 1,Secondary motor area, layer 1","Frontal pole, layer 1,Orbital area, ventrolateral part, layer 1,Secondary motor area, layer 1,Orbital area, lateral part, layer 1,Orbital area, medial part, layer 1,Prelimbic area, layer 1",0.18292682926829268,0.31906614785992216,regions_1,regions_1,NonNeuron,NonNeuron,2,71,123,650,0.6016260162601627,0.11384615384615385,C57BL6J-1.025_045 OB-STR-CTX Inh IMN_layer 1_merged_regions_table_cell_id.txt,C57BL6J-1.025_328 OEC NN_layer 1_merged_regions_table_cell_id.txt
C57BL6J-1.025,layer 1,layer 1,layer 1,045 OB-STR-CTX Inh IMN,330 VLMC NN,15,82,66,196,"Frontal pole, layer 1,Secondary motor area, layer 1","Frontal pole, layer 1,Orbital area, ventrolateral part, layer 1,Secondary motor area, layer 1,Orbital area, lateral part, layer 1,Prelimbic area, layer 1",0.18292682926829268,0.336734693877551,regions_1,regions_1,NonNeuron,NonNeuron,2,33,123,548,0.37398373983739835,0.08394160583941605,C57BL6J-1.025_045 OB-STR-CTX Inh IMN_layer 1_merged_regions_table_cell_id.txt,C57BL6J-1.025_330 VLMC NN_layer 1_merged_regions_table_cell_id.txt
C57BL6J-1.025,layer 1,layer 1,layer 1,045 OB-STR-CTX Inh IMN,332 SMC NN,15,82,54,164,"Frontal pole, layer 1,Secondary motor area, layer 1","Frontal pole, layer 1,Orbital area, ventrolateral part, layer 1,Secondary motor area, layer 1,Orbital area, lateral part, layer 1",0.18292682926829268,0.32926829268292684,regions_1,regions_1,NonNeuron,NonNeuron,2,7,123,489,0.4959349593495935,0.12474437627811862,C57BL6J-1.025_045 OB-STR-CTX Inh IMN_layer 1_merged_regions_table_cell_id.txt,C57BL6J-1.025_332 SMC NN_layer 1_merged_regions_table_cell_id.txt
C57BL6J-1.025,layer 1,layer 1,layer 1,045 OB-STR-CTX Inh IMN,333 Endo NN,15,82,28,70,"Frontal pole, layer 1,Secondary motor area, layer 1","Frontal pole, layer 1,Orbital area, ventrolateral part, layer 1,Secondary motor area, layer 1,Orbital area, lateral part, layer 1",0.18292682926829268,0.4,regions_1,regions_1,NonNeuron,NonNeuron,2,35,123,287,0.0,0.0,C57BL6J-1.025_045 OB-STR-CTX Inh IMN_layer 1_merged_regions_table_cell_id.txt,C57BL6J-1.025_333 Endo NN_layer 1_merged_regions_table_cell_id.txt
C57BL6J-1.025,layer 1,layer 1,layer 1,045 OB-STR-CTX Inh IMN,333 Endo NN,15,82,50,136,"Frontal pole, layer 1,Secondary motor area, layer 1","Frontal pole, layer 1,Prelimbic area, layer 1,Orbital area, medial part, layer 1,Orbital area, ventrolateral part, layer 1",0.18292682926829268,0.36764705882352944,regions_1,regions_2,NonNeuron,NonNeuron,2,34,123,280,0.0,0.0,C57BL6J-1.025_045 OB-STR-CTX Inh IMN_layer 1_merged_regions_table_cell_id.txt,C57BL6J-1.025_333 Endo NN_layer 1_merged_regions_table_cell_id.txt
C57BL6J-1.025,layer 1,layer 1,layer 1,045 OB-STR-CTX Inh IMN,334 Microglia NN,15,82,29,47,"Frontal pole, layer 1,Secondary motor area, layer 1","Frontal pole, layer 1,Secondary motor area, layer 1",0.18292682926829268,0.6170212765957447,regions_1,regions_1,NonNeuron,NonNeuron,2,7,123,143,0.23577235772357724,0.20279720279720279,C57BL6J-1.025_045 OB-STR-CTX Inh IMN_layer 1_merged_regions_table_cell_id.txt,C57BL6J-1.025_334 Microglia NN_layer 1_merged_regions_table_cell_id.txt
C57BL6J-1.025,layer 1,layer 1,layer 1,049 Lamp5 Gaba,117 LHA Barhl2 Glut,19,30,13,43,"Frontal pole, layer 1,Secondary motor area, layer 1","Orbital area, medial part, layer 1,Orbital area, ventrolateral part, layer 1,Frontal pole, layer 1,Orbital area, lateral part, layer 1",0.6333333333333333,0.3023255813953488,regions_1,regions_1,GABA,Glut,2,1,106,83,0.0,0.0,C57BL6J-1.025_049 Lamp5 Gaba_layer 1_merged_regions_table_cell_id.txt,C57BL6J-1.025_117 LHA Barhl2 Glut_layer 1_merged_regions_table_cell_id.txt
C57BL6J-1.025,layer 1,layer 1,layer 1,049 Lamp5 Gaba,319 Astro-TE NN,19,30,56,146,"Frontal pole, layer 1,Secondary motor area, layer 1","Frontal pole, layer 1,Orbital area, ventrolateral part, layer 1,Secondary motor area, layer 1,Orbital area, lateral part, layer 1",0.6333333333333333,0.3835616438356164,regions_1,regions_1,GABA,NonNeuron,2,31,106,462,1.0,0.22943722943722944,C57BL6J-1.025_049 Lamp5 Gaba_layer 1_merged_regions_table_cell_id.txt,C57BL6J-1.025_319 Astro-TE NN_layer 1_merged_regions_table_cell_id.txt
C57BL6J-1.025,layer 1,layer 1,layer 1,049 Lamp5 Gaba,320 Astro-OLF NN,19,30,58,181,"Frontal pole, layer 1,Secondary motor area, layer 1","Frontal pole, layer 1,Orbital area, ventrolateral part, layer 1,Orbital area, lateral part, layer 1,Secondary motor area, layer 1",0.6333333333333333,0.32044198895027626,regions_1,regions_1,GABA,NonNeuron,2,38,106,473,0.8867924528301887,0.19873150105708245,C57BL6J-1.025_049 Lamp5 Gaba_layer 1_merged_regions_table_cell_id.txt,C57BL6J-1.025_320 Astro-OLF NN_layer 1_merged_regions_table_cell_id.txt
C57BL6J-1.025,layer 1,layer 1,layer 1,049 Lamp5 Gaba,320 Astro-OLF NN,19,30,19,42,"Frontal pole, layer 1,Secondary motor area, layer 1","Frontal pole, layer 1,Orbital area, medial part, layer 1,Orbital area, ventrolateral part, layer 1",0.6333333333333333,0.4523809523809524,regions_1,regions_2,GABA,NonNeuron,2,11,106,91,0.0,0.0,C57BL6J-1.025_049 Lamp5 Gaba_layer 1_merged_regions_table_cell_id.txt,C57BL6J-1.025_320 Astro-OLF NN_layer 1_merged_regions_table_cell_id.txt
C57BL6J-1.025,layer 1,layer 1,layer 1,049 Lamp5 Gaba,326 OPC NN,19,30,54,99,"Frontal pole, layer 1,Secondary motor area, layer 1","Frontal pole, layer 1,Orbital area, ventrolateral part, layer 1,Secondary motor area, layer 1,Orbital area, lateral part, layer 1",0.6333333333333333,0.5454545454545454,regions_1,regions_1,GABA,NonNeuron,2,15,106,343,1.0,0.30903790087463556,C57BL6J-1.025_049 Lamp5 Gaba_layer 1_merged_regions_table_cell_id.txt,C57BL6J-1.025_326 OPC NN_layer 1_merged_regions_table_cell_id.txt
C57BL6J-1.025,layer 1,layer 1,layer 1,049 Lamp5 Gaba,326 OPC NN,19,30,1,0,"Frontal pole, layer 1,Secondary motor area, layer 1","Orbital area, medial part, layer 1",0.6333333333333333,,regions_1,regions_2,GABA,NonNeuron,2,1,106,3,0.0,0.0,C57BL6J-1.025_049 Lamp5 Gaba_layer 1_merged_regions_table_cell_id.txt,C57BL6J-1.025_326 OPC NN_layer 1_merged_regions_table_cell_id.txt
C57BL6J-1.025,layer 1,layer 1,layer 1,049 Lamp5 Gaba,327 Oligo NN,19,30,0,1,"Frontal pole, layer 1,Secondary motor area, layer 1","Orbital area, medial part, layer 1",0.6333333333333333,0.0,regions_1,regions_1,GABA,NonNeuron,2,1,106,2,0.0,0.0,C57BL6J-1.025_049 Lamp5 Gaba_layer 1_merged_regions_table_cell_id.txt,C57BL6J-1.025_327 Oligo NN_layer 1_merged_regions_table_cell_id.txt
C57BL6J-1.025,layer 1,layer 1,layer 1,049 Lamp5 Gaba,327 Oligo NN,19,30,26,89,"Frontal pole, layer 1,Secondary motor area, layer 1","Frontal pole, layer 1,Secondary motor area, layer 1",0.6333333333333333,0.29213483146067415,regions_1,regions_2,GABA,NonNeuron,2,6,106,151,0.10377358490566038,0.0728476821192053,C57BL6J-1.025_049 Lamp5 Gaba_layer 1_merged_regions_table_cell_id.txt,C57BL6J-1.025_327 Oligo NN_layer 1_merged_regions_table_cell_id.txt
C57BL6J-1.025,layer 1,layer 1,layer 1,049 Lamp5 Gaba,328 OEC NN,19,30,82,257,"Frontal pole, layer 1,Secondary motor area, layer 1","Frontal pole, layer 1,Orbital area, ventrolateral part, layer 1,Secondary motor area, layer 1,Orbital area, lateral part, layer 1,Orbital area, medial part, layer 1,Prelimbic area, layer 1",0.6333333333333333,0.31906614785992216,regions_1,regions_1,GABA,NonNeuron,2,71,106,650,0.839622641509434,0.13692307692307693,C57BL6J-1.025_049 Lamp5 Gaba_layer 1_merged_regions_table_cell_id.txt,C57BL6J-1.025_328 OEC NN_layer 1_merged_regions_table_cell_id.txt
C57BL6J-1.025,layer 1,layer 1,layer 1,049 Lamp5 Gaba,330 VLMC NN,19,30,66,196,"Frontal pole, layer 1,Secondary motor area, layer 1","Frontal pole, layer 1,Orbital area, ventrolateral part, layer 1,Secondary motor area, layer 1,Orbital area, lateral part, layer 1,Prelimbic area, layer 1",0.6333333333333333,0.336734693877551,regions_1,regions_1,GABA,NonNeuron,2,33,106,548,0.8113207547169812,0.15693430656934307,C57BL6J-1.025_049 Lamp5 Gaba_layer 1_merged_regions_table_cell_id.txt,C57BL6J-1.025_330 VLMC NN_layer 1_merged_regions_table_cell_id.txt
C57BL6J-1.025,layer 1,layer 1,layer 1,049 Lamp5 Gaba,332 SMC NN,19,30,54,164,"Frontal pole, layer 1,Secondary motor area, layer 1","Frontal pole, layer 1,Orbital area, ventrolateral part, layer 1,Secondary motor area, layer 1,Orbital area, lateral part, layer 1",0.6333333333333333,0.32926829268292684,regions_1,regions_1,GABA,NonNeuron,2,7,106,489,0.9056603773584906,0.19631901840490798,C57BL6J-1.025_049 Lamp5 Gaba_layer 1_merged_regions_table_cell_id.txt,C57BL6J-1.025_332 SMC NN_layer 1_merged_regions_table_cell_id.txt
C57BL6J-1.025,layer 1,layer 1,layer 1,049 Lamp5 Gaba,333 Endo NN,19,30,28,70,"Frontal pole, layer 1,Secondary motor area, layer 1","Frontal pole, layer 1,Orbital area, ventrolateral part, layer 1,Secondary motor area, layer 1,Orbital area, lateral part, layer 1",0.6333333333333333,0.4,regions_1,regions_1,GABA,NonNeuron,2,35,106,287,0.8490566037735849,0.313588850174216,C57BL6J-1.025_049 Lamp5 Gaba_layer 1_merged_regions_table_cell_id.txt,C57BL6J-1.025_333 Endo NN_layer 1_merged_regions_table_cell_id.txt
C57BL6J-1.025,layer 1,layer 1,layer 1,049 Lamp5 Gaba,333 Endo NN,19,30,50,136,"Frontal pole, layer 1,Secondary motor area, layer 1","Frontal pole, layer 1,Prelimbic area, layer 1,Orbital area, medial part, layer 1,Orbital area, ventrolateral part, layer 1",0.6333333333333333,0.36764705882352944,regions_1,regions_2,GABA,NonNeuron,2,34,106,280,0.0,0.0,C57BL6J-1.025_049 Lamp5 Gaba_layer 1_merged_regions_table_cell_id.txt,C57BL6J-1.025_333 Endo NN_layer 1_merged_regions_table_cell_id.txt
C57BL6J-1.025,layer 1,layer 1,layer 1,049 Lamp5 Gaba,334 Microglia NN,19,30,29,47,"Frontal pole, layer 1,Secondary motor area, layer 1","Frontal pole, layer 1,Secondary motor area, layer 1",0.6333333333333333,0.6170212765957447,regions_1,regions_1,GABA,NonNeuron,2,7,106,143,1.0,0.7412587412587412,C57BL6J-1.025_049 Lamp5 Gaba_layer 1_merged_regions_table_cell_id.txt,C57BL6J-1.025_334 Microglia NN_layer 1_merged_regions_table_cell_id.txt
C57BL6J-1.025,layer 1,layer 1,layer 1,117 LHA Barhl2 Glut,319 Astro-TE NN,13,43,56,146,"Orbital area, medial part, layer 1,Orbital area, ventrolateral part, layer 1,Frontal pole, layer 1,Orbital area, lateral part, layer 1","Frontal pole, layer 1,Orbital area, ventrolateral part, layer 1,Secondary motor area, layer 1,Orbital area, lateral part, layer 1",0.3023255813953488,0.3835616438356164,regions_1,regions_1,Glut,NonNeuron,1,31,83,462,0.3855421686746988,0.06926406926406926,C57BL6J-1.025_117 LHA Barhl2 Glut_layer 1_merged_regions_table_cell_id.txt,C57BL6J-1.025_319 Astro-TE NN_layer 1_merged_regions_table_cell_id.txt
C57BL6J-1.025,layer 1,layer 1,layer 1,117 LHA Barhl2 Glut,320 Astro-OLF NN,13,43,58,181,"Orbital area, medial part, layer 1,Orbital area, ventrolateral part, layer 1,Frontal pole, layer 1,Orbital area, lateral part, layer 1","Frontal pole, layer 1,Orbital area, ventrolateral part, layer 1,Orbital area, lateral part, layer 1,Secondary motor area, layer 1",0.3023255813953488,0.32044198895027626,regions_1,regions_1,Glut,NonNeuron,1,38,83,473,0.5783132530120482,0.1014799154334038,C57BL6J-1.025_117 LHA Barhl2 Glut_layer 1_merged_regions_table_cell_id.txt,C57BL6J-1.025_320 Astro-OLF NN_layer 1_merged_regions_table_cell_id.txt
C57BL6J-1.025,layer 1,layer 1,layer 1,117 LHA Barhl2 Glut,320 Astro-OLF NN,13,43,19,42,"Orbital area, medial part, layer 1,Orbital area, ventrolateral part, layer 1,Frontal pole, layer 1,Orbital area, lateral part, layer 1","Frontal pole, layer 1,Orbital area, medial part, layer 1,Orbital area, ventrolateral part, layer 1",0.3023255813953488,0.4523809523809524,regions_1,regions_2,Glut,NonNeuron,1,11,83,91,0.27710843373493976,0.25274725274725274,C57BL6J-1.025_117 LHA Barhl2 Glut_layer 1_merged_regions_table_cell_id.txt,C57BL6J-1.025_320 Astro-OLF NN_layer 1_merged_regions_table_cell_id.txt
C57BL6J-1.025,layer 1,layer 1,layer 1,117 LHA Barhl2 Glut,326 OPC NN,13,43,54,99,"Orbital area, medial part, layer 1,Orbital area, ventrolateral part, layer 1,Frontal pole, layer 1,Orbital area, lateral part, layer 1","Frontal pole, layer 1,Orbital area, ventrolateral part, layer 1,Secondary motor area, layer 1,Orbital area, lateral part, layer 1",0.3023255813953488,0.5454545454545454,regions_1,regions_1,Glut,NonNeuron,1,15,83,343,0.3855421686746988,0.09329446064139942,C57BL6J-1.025_117 LHA Barhl2 Glut_layer 1_merged_regions_table_cell_id.txt,C57BL6J-1.025_326 OPC NN_layer 1_merged_regions_table_cell_id.txt
C57BL6J-1.025,layer 1,layer 1,layer 1,117 LHA Barhl2 Glut,326 OPC NN,13,43,1,0,"Orbital area, medial part, layer 1,Orbital area, ventrolateral part, layer 1,Frontal pole, layer 1,Orbital area, lateral part, layer 1","Orbital area, medial part, layer 1",0.3023255813953488,,regions_1,regions_2,Glut,NonNeuron,1,1,83,3,0.012048192771084338,0.3333333333333333,C57BL6J-1.025_117 LHA Barhl2 Glut_layer 1_merged_regions_table_cell_id.txt,C57BL6J-1.025_326 OPC NN_layer 1_merged_regions_table_cell_id.txt
C57BL6J-1.025,layer 1,layer 1,layer 1,117 LHA Barhl2 Glut,327 Oligo NN,13,43,0,1,"Orbital area, medial part, layer 1,Orbital area, ventrolateral part, layer 1,Frontal pole, layer 1,Orbital area, lateral part, layer 1","Orbital area, medial part, layer 1",0.3023255813953488,0.0,regions_1,regions_1,Glut,NonNeuron,1,1,83,2,0.024096385542168676,1.0,C57BL6J-1.025_117 LHA Barhl2 Glut_layer 1_merged_regions_table_cell_id.txt,C57BL6J-1.025_327 Oligo NN_layer 1_merged_regions_table_cell_id.txt
C57BL6J-1.025,layer 1,layer 1,layer 1,117 LHA Barhl2 Glut,327 Oligo NN,13,43,26,89,"Orbital area, medial part, layer 1,Orbital area, ventrolateral part, layer 1,Frontal pole, layer 1,Orbital area, lateral part, layer 1","Frontal pole, layer 1,Secondary motor area, layer 1",0.3023255813953488,0.29213483146067415,regions_1,regions_2,Glut,NonNeuron,1,6,83,151,0.0,0.0,C57BL6J-1.025_117 LHA Barhl2 Glut_layer 1_merged_regions_table_cell_id.txt,C57BL6J-1.025_327 Oligo NN_layer 1_merged_regions_table_cell_id.txt
C57BL6J-1.025,layer 1,layer 1,layer 1,117 LHA Barhl2 Glut,328 OEC NN,13,43,82,257,"Orbital area, medial part, layer 1,Orbital area, ventrolateral part, layer 1,Frontal pole, layer 1,Orbital area, lateral part, layer 1","Frontal pole, layer 1,Orbital area, ventrolateral part, layer 1,Secondary motor area, layer 1,Orbital area, lateral part, layer 1,Orbital area, medial part, layer 1,Prelimbic area, layer 1",0.3023255813953488,0.31906614785992216,regions_1,regions_1,Glut,NonNeuron,1,71,83,650,0.8072289156626506,0.10307692307692308,C57BL6J-1.025_117 LHA Barhl2 Glut_layer 1_merged_regions_table_cell_id.txt,C57BL6J-1.025_328 OEC NN_layer 1_merged_regions_table_cell_id.txt
C57BL6J-1.025,layer 1,layer 1,layer 1,117 LHA Barhl2 Glut,330 VLMC NN,13,43,66,196,"Orbital area, medial part, layer 1,Orbital area, ventrolateral part, layer 1,Frontal pole, layer 1,Orbital area, lateral part, layer 1","Frontal pole, layer 1,Orbital area, ventrolateral part, layer 1,Secondary motor area, layer 1,Orbital area, lateral part, layer 1,Prelimbic area, layer 1",0.3023255813953488,0.336734693877551,regions_1,regions_1,Glut,NonNeuron,1,33,83,548,0.5783132530120482,0.08759124087591241,C57BL6J-1.025_117 LHA Barhl2 Glut_layer 1_merged_regions_table_cell_id.txt,C57BL6J-1.025_330 VLMC NN_layer 1_merged_regions_table_cell_id.txt
C57BL6J-1.025,layer 1,layer 1,layer 1,117 LHA Barhl2 Glut,332 SMC NN,13,43,54,164,"Orbital area, medial part, layer 1,Orbital area, ventrolateral part, layer 1,Frontal pole, layer 1,Orbital area, lateral part, layer 1","Frontal pole, layer 1,Orbital area, ventrolateral part, layer 1,Secondary motor area, layer 1,Orbital area, lateral part, layer 1",0.3023255813953488,0.32926829268292684,regions_1,regions_1,Glut,NonNeuron,1,7,83,489,0.46987951807228917,0.07975460122699386,C57BL6J-1.025_117 LHA Barhl2 Glut_layer 1_merged_regions_table_cell_id.txt,C57BL6J-1.025_332 SMC NN_layer 1_merged_regions_table_cell_id.txt
C57BL6J-1.025,layer 1,layer 1,layer 1,117 LHA Barhl2 Glut,333 Endo NN,13,43,28,70,"Orbital area, medial part, layer 1,Orbital area, ventrolateral part, layer 1,Frontal pole, layer 1,Orbital area, lateral part, layer 1","Frontal pole, layer 1,Orbital area, ventrolateral part, layer 1,Secondary motor area, layer 1,Orbital area, lateral part, layer 1",0.3023255813953488,0.4,regions_1,regions_1,Glut,NonNeuron,1,35,83,287,0.3132530120481928,0.09059233449477352,C57BL6J-1.025_117 LHA Barhl2 Glut_layer 1_merged_regions_table_cell_id.txt,C57BL6J-1.025_333 Endo NN_layer 1_merged_regions_table_cell_id.txt
C57BL6J-1.025,layer 1,layer 1,layer 1,117 LHA Barhl2 Glut,333 Endo NN,13,43,50,136,"Orbital area, medial part, layer 1,Orbital area, ventrolateral part, layer 1,Frontal pole, layer 1,Orbital area, lateral part, layer 1","Frontal pole, layer 1,Prelimbic area, layer 1,Orbital area, medial part, layer 1,Orbital area, ventrolateral part, layer 1",0.3023255813953488,0.36764705882352944,regions_1,regions_2,Glut,NonNeuron,1,34,83,280,0.42168674698795183,0.125,C57BL6J-1.025_117 LHA Barhl2 Glut_layer 1_merged_regions_table_cell_id.txt,C57BL6J-1.025_333 Endo NN_layer 1_merged_regions_table_cell_id.txt
C57BL6J-1.025,layer 1,layer 1,layer 1,117 LHA Barhl2 Glut,334 Microglia NN,13,43,29,47,"Orbital area, medial part, layer 1,Orbital area, ventrolateral part, layer 1,Frontal pole, layer 1,Orbital area, lateral part, layer 1","Frontal pole, layer 1,Secondary motor area, layer 1",0.3023255813953488,0.6170212765957447,regions_1,regions_1,Glut,NonNeuron,1,7,83,143,0.0,0.0,C57BL6J-1.025_117 LHA Barhl2 Glut_layer 1_merged_regions_table_cell_id.txt,C57BL6J-1.025_334 Microglia NN_layer 1_merged_regions_table_cell_id.txt
C57BL6J-1.025,layer 1,layer 1,layer 1,319 Astro-TE NN,320 Astro-OLF NN,56,146,58,181,"Frontal pole, layer 1,Orbital area, ventrolateral part, layer 1,Secondary motor area, layer 1,Orbital area, lateral part, layer 1","Frontal pole, layer 1,Orbital area, ventrolateral part, layer 1,Orbital area, lateral part, layer 1,Secondary motor area, layer 1",0.3835616438356164,0.32044198895027626,regions_1,regions_1,NonNeuron,NonNeuron,31,38,462,473,0.8376623376623377,0.8181818181818182,C57BL6J-1.025_319 Astro-TE NN_layer 1_merged_regions_table_cell_id.txt,C57BL6J-1.025_320 Astro-OLF NN_layer 1_merged_regions_table_cell_id.txt
C57BL6J-1.025,layer 1,layer 1,layer 1,319 Astro-TE NN,320 Astro-OLF NN,56,146,19,42,"Frontal pole, layer 1,Orbital area, ventrolateral part, layer 1,Secondary motor area, layer 1,Orbital area, lateral part, layer 1","Frontal pole, layer 1,Orbital area, medial part, layer 1,Orbital area, ventrolateral part, layer 1",0.3835616438356164,0.4523809523809524,regions_1,regions_2,NonNeuron,NonNeuron,31,11,462,91,0.0,0.0,C57BL6J-1.025_319 Astro-TE NN_layer 1_merged_regions_table_cell_id.txt,C57BL6J-1.025_320 Astro-OLF NN_layer 1_merged_regions_table_cell_id.txt
C57BL6J-1.025,layer 1,layer 1,layer 1,319 Astro-TE NN,326 OPC NN,56,146,54,99,"Frontal pole, layer 1,Orbital area, ventrolateral part, layer 1,Secondary motor area, layer 1,Orbital area, lateral part, layer 1","Frontal pole, layer 1,Orbital area, ventrolateral part, layer 1,Secondary motor area, layer 1,Orbital area, lateral part, layer 1",0.3835616438356164,0.5454545454545454,regions_1,regions_1,NonNeuron,NonNeuron,31,15,462,343,0.7402597402597403,0.9970845481049563,C57BL6J-1.025_319 Astro-TE NN_layer 1_merged_regions_table_cell_id.txt,C57BL6J-1.025_326 OPC NN_layer 1_merged_regions_table_cell_id.txt
C57BL6J-1.025,layer 1,layer 1,layer 1,319 Astro-TE NN,326 OPC NN,56,146,1,0,"Frontal pole, layer 1,Orbital area, ventrolateral part, layer 1,Secondary motor area, layer 1,Orbital area, lateral part, layer 1","Orbital area, medial part, layer 1",0.3835616438356164,,regions_1,regions_2,NonNeuron,NonNeuron,31,1,462,3,0.0,0.0,C57BL6J-1.025_319 Astro-TE NN_layer 1_merged_regions_table_cell_id.txt,C57BL6J-1.025_326 OPC NN_layer 1_merged_regions_table_cell_id.txt
C57BL6J-1.025,layer 1,layer 1,layer 1,319 Astro-TE NN,327 Oligo NN,56,146,0,1,"Frontal pole, layer 1,Orbital area, ventrolateral part, layer 1,Secondary motor area, layer 1,Orbital area, lateral part, layer 1","Orbital area, medial part, layer 1",0.3835616438356164,0.0,regions_1,regions_1,NonNeuron,NonNeuron,31,1,462,2,0.0,0.0,C57BL6J-1.025_319 Astro-TE NN_layer 1_merged_regions_table_cell_id.txt,C57BL6J-1.025_327 Oligo NN_layer 1_merged_regions_table_cell_id.txt
C57BL6J-1.025,layer 1,layer 1,layer 1,319 Astro-TE NN,327 Oligo NN,56,146,26,89,"Frontal pole, layer 1,Orbital area, ventrolateral part, layer 1,Secondary motor area, layer 1,Orbital area, lateral part, layer 1","Frontal pole, layer 1,Secondary motor area, layer 1",0.3835616438356164,0.29213483146067415,regions_1,regions_2,NonNeuron,NonNeuron,31,6,462,151,0.21212121212121213,0.6490066225165563,C57BL6J-1.025_319 Astro-TE NN_layer 1_merged_regions_table_cell_id.txt,C57BL6J-1.025_327 Oligo NN_layer 1_merged_regions_table_cell_id.txt
C57BL6J-1.025,layer 1,layer 1,layer 1,319 Astro-TE NN,328 OEC NN,56,146,82,257,"Frontal pole, layer 1,Orbital area, ventrolateral part, layer 1,Secondary motor area, layer 1,Orbital area, lateral part, layer 1","Frontal pole, layer 1,Orbital area, ventrolateral part, layer 1,Secondary motor area, layer 1,Orbital area, lateral part, layer 1,Orbital area, medial part, layer 1,Prelimbic area, layer 1",0.3835616438356164,0.31906614785992216,regions_1,regions_1,NonNeuron,NonNeuron,31,71,462,650,0.9004329004329005,0.64,C57BL6J-1.025_319 Astro-TE NN_layer 1_merged_regions_table_cell_id.txt,C57BL6J-1.025_328 OEC NN_layer 1_merged_regions_table_cell_id.txt
C57BL6J-1.025,layer 1,layer 1,layer 1,319 Astro-TE NN,330 VLMC NN,56,146,66,196,"Frontal pole, layer 1,Orbital area, ventrolateral part, layer 1,Secondary motor area, layer 1,Orbital area, lateral part, layer 1","Frontal pole, layer 1,Orbital area, ventrolateral part, layer 1,Secondary motor area, layer 1,Orbital area, lateral part, layer 1,Prelimbic area, layer 1",0.3835616438356164,0.336734693877551,regions_1,regions_1,NonNeuron,NonNeuron,31,33,462,548,0.8571428571428571,0.7226277372262774,C57BL6J-1.025_319 Astro-TE NN_layer 1_merged_regions_table_cell_id.txt,C57BL6J-1.025_330 VLMC NN_layer 1_merged_regions_table_cell_id.txt
C57BL6J-1.025,layer 1,layer 1,layer 1,319 Astro-TE NN,332 SMC NN,56,146,54,164,"Frontal pole, layer 1,Orbital area, ventrolateral part, layer 1,Secondary motor area, layer 1,Orbital area, lateral part, layer 1","Frontal pole, layer 1,Orbital area, ventrolateral part, layer 1,Secondary motor area, layer 1,Orbital area, lateral part, layer 1",0.3835616438356164,0.32926829268292684,regions_1,regions_1,NonNeuron,NonNeuron,31,7,462,489,0.9199134199134199,0.869120654396728,C57BL6J-1.025_319 Astro-TE NN_layer 1_merged_regions_table_cell_id.txt,C57BL6J-1.025_332 SMC NN_layer 1_merged_regions_table_cell_id.txt
C57BL6J-1.025,layer 1,layer 1,layer 1,319 Astro-TE NN,333 Endo NN,56,146,28,70,"Frontal pole, layer 1,Orbital area, ventrolateral part, layer 1,Secondary motor area, layer 1,Orbital area, lateral part, layer 1","Frontal pole, layer 1,Orbital area, ventrolateral part, layer 1,Secondary motor area, layer 1,Orbital area, lateral part, layer 1",0.3835616438356164,0.4,regions_1,regions_1,NonNeuron,NonNeuron,31,35,462,287,0.6212121212121212,1.0,C57BL6J-1.025_319 Astro-TE NN_layer 1_merged_regions_table_cell_id.txt,C57BL6J-1.025_333 Endo NN_layer 1_merged_regions_table_cell_id.txt
C57BL6J-1.025,layer 1,layer 1,layer 1,319 Astro-TE NN,333 Endo NN,56,146,50,136,"Frontal pole, layer 1,Orbital area, ventrolateral part, layer 1,Secondary motor area, layer 1,Orbital area, lateral part, layer 1","Frontal pole, layer 1,Prelimbic area, layer 1,Orbital area, medial part, layer 1,Orbital area, ventrolateral part, layer 1",0.3835616438356164,0.36764705882352944,regions_1,regions_2,NonNeuron,NonNeuron,31,34,462,280,0.0,0.0,C57BL6J-1.025_319 Astro-TE NN_layer 1_merged_regions_table_cell_id.txt,C57BL6J-1.025_333 Endo NN_layer 1_merged_regions_table_cell_id.txt
C57BL6J-1.025,layer 1,layer 1,layer 1,319 Astro-TE NN,334 Microglia NN,56,146,29,47,"Frontal pole, layer 1,Orbital area, ventrolateral part, layer 1,Secondary motor area, layer 1,Orbital area, lateral part, layer 1","Frontal pole, layer 1,Secondary motor area, layer 1",0.3835616438356164,0.6170212765957447,regions_1,regions_1,NonNeuron,NonNeuron,31,7,462,143,0.30952380952380953,1.0,C57BL6J-1.025_319 Astro-TE NN_layer 1_merged_regions_table_cell_id.txt,C57BL6J-1.025_334 Microglia NN_layer 1_merged_regions_table_cell_id.txt
C57BL6J-1.025,layer 1,layer 1,layer 1,320 Astro-OLF NN,320 Astro-OLF NN,58,181,19,42,"Frontal pole, layer 1,Orbital area, ventrolateral part, layer 1,Orbital area, lateral part, layer 1,Secondary motor area, layer 1","Frontal pole, layer 1,Orbital area, medial part, layer 1,Orbital area, ventrolateral part, layer 1",0.32044198895027626,0.4523809523809524,regions_1,regions_2,NonNeuron,NonNeuron,38,11,473,91,0.0,0.0,C57BL6J-1.025_320 Astro-OLF NN_layer 1_merged_regions_table_cell_id.txt,C57BL6J-1.025_320 Astro-OLF NN_layer 1_merged_regions_table_cell_id.txt
C57BL6J-1.025,layer 1,layer 1,layer 1,320 Astro-OLF NN,326 OPC NN,58,181,54,99,"Frontal pole, layer 1,Orbital area, ventrolateral part, layer 1,Orbital area, lateral part, layer 1,Secondary motor area, layer 1","Frontal pole, layer 1,Orbital area, ventrolateral part, layer 1,Secondary motor area, layer 1,Orbital area, lateral part, layer 1",0.32044198895027626,0.5454545454545454,regions_1,regions_1,NonNeuron,NonNeuron,38,15,473,343,0.638477801268499,0.880466472303207,C57BL6J-1.025_320 Astro-OLF NN_layer 1_merged_regions_table_cell_id.txt,C57BL6J-1.025_326 OPC NN_layer 1_merged_regions_table_cell_id.txt
C57BL6J-1.025,layer 1,layer 1,layer 1,320 Astro-OLF NN,326 OPC NN,58,181,1,0,"Frontal pole, layer 1,Orbital area, ventrolateral part, layer 1,Orbital area, lateral part, layer 1,Secondary motor area, layer 1","Orbital area, medial part, layer 1",0.32044198895027626,,regions_1,regions_2,NonNeuron,NonNeuron,38,1,473,3,0.0,0.0,C57BL6J-1.025_320 Astro-OLF NN_layer 1_merged_regions_table_cell_id.txt,C57BL6J-1.025_326 OPC NN_layer 1_merged_regions_table_cell_id.txt
C57BL6J-1.025,layer 1,layer 1,layer 1,320 Astro-OLF NN,327 Oligo NN,58,181,0,1,"Frontal pole, layer 1,Orbital area, ventrolateral part, layer 1,Orbital area, lateral part, layer 1,Secondary motor area, layer 1","Orbital area, medial part, layer 1",0.32044198895027626,0.0,regions_1,regions_1,NonNeuron,NonNeuron,38,1,473,2,0.0,0.0,C57BL6J-1.025_320 Astro-OLF NN_layer 1_merged_regions_table_cell_id.txt,C57BL6J-1.025_327 Oligo NN_layer 1_merged_regions_table_cell_id.txt
C57BL6J-1.025,layer 1,layer 1,layer 1,320 Astro-OLF NN,327 Oligo NN,58,181,26,89,"Frontal pole, layer 1,Orbital area, ventrolateral part, layer 1,Orbital area, lateral part, layer 1,Secondary motor area, layer 1","Frontal pole, layer 1,Secondary motor area, layer 1",0.32044198895027626,0.29213483146067415,regions_1,regions_2,NonNeuron,NonNeuron,38,6,473,151,0.2029598308668076,0.6357615894039735,C57BL6J-1.025_320 Astro-OLF NN_layer 1_merged_regions_table_cell_id.txt,C57BL6J-1.025_327 Oligo NN_layer 1_merged_regions_table_cell_id.txt
C57BL6J-1.025,layer 1,layer 1,layer 1,320 Astro-OLF NN,328 OEC NN,58,181,82,257,"Frontal pole, layer 1,Orbital area, ventrolateral part, layer 1,Orbital area, lateral part, layer 1,Secondary motor area, layer 1","Frontal pole, layer 1,Orbital area, ventrolateral part, layer 1,Secondary motor area, layer 1,Orbital area, lateral part, layer 1,Orbital area, medial part, layer 1,Prelimbic area, layer 1",0.32044198895027626,0.31906614785992216,regions_1,regions_1,NonNeuron,NonNeuron,38,71,473,650,0.9534883720930233,0.6938461538461539,C57BL6J-1.025_320 Astro-OLF NN_layer 1_merged_regions_table_cell_id.txt,C57BL6J-1.025_328 OEC NN_layer 1_merged_regions_table_cell_id.txt
C57BL6J-1.025,layer 1,layer 1,layer 1,320 Astro-OLF NN,330 VLMC NN,58,181,66,196,"Frontal pole, layer 1,Orbital area, ventrolateral part, layer 1,Orbital area, lateral part, layer 1,Secondary motor area, layer 1","Frontal pole, layer 1,Orbital area, ventrolateral part, layer 1,Secondary motor area, layer 1,Orbital area, lateral part, layer 1,Prelimbic area, layer 1",0.32044198895027626,0.336734693877551,regions_1,regions_1,NonNeuron,NonNeuron,38,33,473,548,0.8879492600422833,0.7664233576642335,C57BL6J-1.025_320 Astro-OLF NN_layer 1_merged_regions_table_cell_id.txt,C57BL6J-1.025_330 VLMC NN_layer 1_merged_regions_table_cell_id.txt
C57BL6J-1.025,layer 1,layer 1,layer 1,320 Astro-OLF NN,332 SMC NN,58,181,54,164,"Frontal pole, layer 1,Orbital area, ventrolateral part, layer 1,Orbital area, lateral part, layer 1,Secondary motor area, layer 1","Frontal pole, layer 1,Orbital area, ventrolateral part, layer 1,Secondary motor area, layer 1,Orbital area, lateral part, layer 1",0.32044198895027626,0.32926829268292684,regions_1,regions_1,NonNeuron,NonNeuron,38,7,473,489,0.8731501057082452,0.8445807770961146,C57BL6J-1.025_320 Astro-OLF NN_layer 1_merged_regions_table_cell_id.txt,C57BL6J-1.025_332 SMC NN_layer 1_merged_regions_table_cell_id.txt
C57BL6J-1.025,layer 1,layer 1,layer 1,320 Astro-OLF NN,333 Endo NN,58,181,28,70,"Frontal pole, layer 1,Orbital area, ventrolateral part, layer 1,Orbital area, lateral part, layer 1,Secondary motor area, layer 1","Frontal pole, layer 1,Orbital area, ventrolateral part, layer 1,Secondary motor area, layer 1,Orbital area, lateral part, layer 1",0.32044198895027626,0.4,regions_1,regions_1,NonNeuron,NonNeuron,38,35,473,287,0.5623678646934461,0.926829268292683,C57BL6J-1.025_320 Astro-OLF NN_layer 1_merged_regions_table_cell_id.txt,C57BL6J-1.025_333 Endo NN_layer 1_merged_regions_table_cell_id.txt
C57BL6J-1.025,layer 1,layer 1,layer 1,320 Astro-OLF NN,333 Endo NN,58,181,50,136,"Frontal pole, layer 1,Orbital area, ventrolateral part, layer 1,Orbital area, lateral part, layer 1,Secondary motor area, layer 1","Frontal pole, layer 1,Prelimbic area, layer 1,Orbital area, medial part, layer 1,Orbital area, ventrolateral part, layer 1",0.32044198895027626,0.36764705882352944,regions_1,regions_2,NonNeuron,NonNeuron,38,34,473,280,0.0,0.0,C57BL6J-1.025_320 Astro-OLF NN_layer 1_merged_regions_table_cell_id.txt,C57BL6J-1.025_333 Endo NN_layer 1_merged_regions_table_cell_id.txt
C57BL6J-1.025,layer 1,layer 1,layer 1,320 Astro-OLF NN,334 Microglia NN,58,181,29,47,"Frontal pole, layer 1,Orbital area, ventrolateral part, layer 1,Orbital area, lateral part, layer 1,Secondary motor area, layer 1","Frontal pole, layer 1,Secondary motor area, layer 1",0.32044198895027626,0.6170212765957447,regions_1,regions_1,NonNeuron,NonNeuron,38,7,473,143,0.2642706131078224,0.8741258741258742,C57BL6J-1.025_320 Astro-OLF NN_layer 1_merged_regions_table_cell_id.txt,C57BL6J-1.025_334 Microglia NN_layer 1_merged_regions_table_cell_id.txt
C57BL6J-1.025,layer 1,layer 1,layer 1,320 Astro-OLF NN,326 OPC NN,19,42,54,99,"Frontal pole, layer 1,Orbital area, medial part, layer 1,Orbital area, ventrolateral part, layer 1","Frontal pole, layer 1,Orbital area, ventrolateral part, layer 1,Secondary motor area, layer 1,Orbital area, lateral part, layer 1",0.4523809523809524,0.5454545454545454,regions_2,regions_1,NonNeuron,NonNeuron,11,15,91,343,0.0,0.0,C57BL6J-1.025_320 Astro-OLF NN_layer 1_merged_regions_table_cell_id.txt,C57BL6J-1.025_326 OPC NN_layer 1_merged_regions_table_cell_id.txt
C57BL6J-1.025,layer 1,layer 1,layer 1,320 Astro-OLF NN,326 OPC NN,19,42,1,0,"Frontal pole, layer 1,Orbital area, medial part, layer 1,Orbital area, ventrolateral part, layer 1","Orbital area, medial part, layer 1",0.4523809523809524,,regions_2,regions_2,NonNeuron,NonNeuron,11,1,91,3,0.03296703296703297,1.0,C57BL6J-1.025_320 Astro-OLF NN_layer 1_merged_regions_table_cell_id.txt,C57BL6J-1.025_326 OPC NN_layer 1_merged_regions_table_cell_id.txt
C57BL6J-1.025,layer 1,layer 1,layer 1,320 Astro-OLF NN,327 Oligo NN,19,42,0,1,"Frontal pole, layer 1,Orbital area, medial part, layer 1,Orbital area, ventrolateral part, layer 1","Orbital area, medial part, layer 1",0.4523809523809524,0.0,regions_2,regions_1,NonNeuron,NonNeuron,11,1,91,2,0.02197802197802198,1.0,C57BL6J-1.025_320 Astro-OLF NN_layer 1_merged_regions_table_cell_id.txt,C57BL6J-1.025_327 Oligo NN_layer 1_merged_regions_table_cell_id.txt
C57BL6J-1.025,layer 1,layer 1,layer 1,320 Astro-OLF NN,327 Oligo NN,19,42,26,89,"Frontal pole, layer 1,Orbital area, medial part, layer 1,Orbital area, ventrolateral part, layer 1","Frontal pole, layer 1,Secondary motor area, layer 1",0.4523809523809524,0.29213483146067415,regions_2,regions_2,NonNeuron,NonNeuron,11,6,91,151,0.0,0.0,C57BL6J-1.025_320 Astro-OLF NN_layer 1_merged_regions_table_cell_id.txt,C57BL6J-1.025_327 Oligo NN_layer 1_merged_regions_table_cell_id.txt
C57BL6J-1.025,layer 1,layer 1,layer 1,320 Astro-OLF NN,328 OEC NN,19,42,82,257,"Frontal pole, layer 1,Orbital area, medial part, layer 1,Orbital area, ventrolateral part, layer 1","Frontal pole, layer 1,Orbital area, ventrolateral part, layer 1,Secondary motor area, layer 1,Orbital area, lateral part, layer 1,Orbital area, medial part, layer 1,Prelimbic area, layer 1",0.4523809523809524,0.31906614785992216,regions_2,regions_1,NonNeuron,NonNeuron,11,71,91,650,0.12087912087912088,0.016923076923076923,C57BL6J-1.025_320 Astro-OLF NN_layer 1_merged_regions_table_cell_id.txt,C57BL6J-1.025_328 OEC NN_layer 1_merged_regions_table_cell_id.txt
C57BL6J-1.025,layer 1,layer 1,layer 1,320 Astro-OLF NN,330 VLMC NN,19,42,66,196,"Frontal pole, layer 1,Orbital area, medial part, layer 1,Orbital area, ventrolateral part, layer 1","Frontal pole, layer 1,Orbital area, ventrolateral part, layer 1,Secondary motor area, layer 1,Orbital area, lateral part, layer 1,Prelimbic area, layer 1",0.4523809523809524,0.336734693877551,regions_2,regions_1,NonNeuron,NonNeuron,11,33,91,548,0.0,0.0,C57BL6J-1.025_320 Astro-OLF NN_layer 1_merged_regions_table_cell_id.txt,C57BL6J-1.025_330 VLMC NN_layer 1_merged_regions_table_cell_id.txt
C57BL6J-1.025,layer 1,layer 1,layer 1,320 Astro-OLF NN,332 SMC NN,19,42,54,164,"Frontal pole, layer 1,Orbital area, medial part, layer 1,Orbital area, ventrolateral part, layer 1","Frontal pole, layer 1,Orbital area, ventrolateral part, layer 1,Secondary motor area, layer 1,Orbital area, lateral part, layer 1",0.4523809523809524,0.32926829268292684,regions_2,regions_1,NonNeuron,NonNeuron,11,7,91,489,0.0,0.0,C57BL6J-1.025_320 Astro-OLF NN_layer 1_merged_regions_table_cell_id.txt,C57BL6J-1.025_332 SMC NN_layer 1_merged_regions_table_cell_id.txt
C57BL6J-1.025,layer 1,layer 1,layer 1,320 Astro-OLF NN,333 Endo NN,19,42,28,70,"Frontal pole, layer 1,Orbital area, medial part, layer 1,Orbital area, ventrolateral part, layer 1","Frontal pole, layer 1,Orbital area, ventrolateral part, layer 1,Secondary motor area, layer 1,Orbital area, lateral part, layer 1",0.4523809523809524,0.4,regions_2,regions_1,NonNeuron,NonNeuron,11,35,91,287,0.0,0.0,C57BL6J-1.025_320 Astro-OLF NN_layer 1_merged_regions_table_cell_id.txt,C57BL6J-1.025_333 Endo NN_layer 1_merged_regions_table_cell_id.txt
C57BL6J-1.025,layer 1,layer 1,layer 1,320 Astro-OLF NN,333 Endo NN,19,42,50,136,"Frontal pole, layer 1,Orbital area, medial part, layer 1,Orbital area, ventrolateral part, layer 1","Frontal pole, layer 1,Prelimbic area, layer 1,Orbital area, medial part, layer 1,Orbital area, ventrolateral part, layer 1",0.4523809523809524,0.36764705882352944,regions_2,regions_2,NonNeuron,NonNeuron,11,34,91,280,1.0,0.325,C57BL6J-1.025_320 Astro-OLF NN_layer 1_merged_regions_table_cell_id.txt,C57BL6J-1.025_333 Endo NN_layer 1_merged_regions_table_cell_id.txt
C57BL6J-1.025,layer 1,layer 1,layer 1,320 Astro-OLF NN,334 Microglia NN,19,42,29,47,"Frontal pole, layer 1,Orbital area, medial part, layer 1,Orbital area, ventrolateral part, layer 1","Frontal pole, layer 1,Secondary motor area, layer 1",0.4523809523809524,0.6170212765957447,regions_2,regions_1,NonNeuron,NonNeuron,11,7,91,143,0.0,0.0,C57BL6J-1.025_320 Astro-OLF NN_layer 1_merged_regions_table_cell_id.txt,C57BL6J-1.025_334 Microglia NN_layer 1_merged_regions_table_cell_id.txt
C57BL6J-1.025,layer 1,layer 1,layer 1,326 OPC NN,326 OPC NN,54,99,1,0,"Frontal pole, layer 1,Orbital area, ventrolateral part, layer 1,Secondary motor area, layer 1,Orbital area, lateral part, layer 1","Orbital area, medial part, layer 1",0.5454545454545454,,regions_1,regions_2,NonNeuron,NonNeuron,15,1,343,3,0.0,0.0,C57BL6J-1.025_326 OPC NN_layer 1_merged_regions_table_cell_id.txt,C57BL6J-1.025_326 OPC NN_layer 1_merged_regions_table_cell_id.txt
C57BL6J-1.025,layer 1,layer 1,layer 1,326 OPC NN,327 Oligo NN,54,99,0,1,"Frontal pole, layer 1,Orbital area, ventrolateral part, layer 1,Secondary motor area, layer 1,Orbital area, lateral part, layer 1","Orbital area, medial part, layer 1",0.5454545454545454,0.0,regions_1,regions_1,NonNeuron,NonNeuron,15,1,343,2,0.0,0.0,C57BL6J-1.025_326 OPC NN_layer 1_merged_regions_table_cell_id.txt,C57BL6J-1.025_327 Oligo NN_layer 1_merged_regions_table_cell_id.txt
C57BL6J-1.025,layer 1,layer 1,layer 1,326 OPC NN,327 Oligo NN,54,99,26,89,"Frontal pole, layer 1,Orbital area, ventrolateral part, layer 1,Secondary motor area, layer 1,Orbital area, lateral part, layer 1","Frontal pole, layer 1,Secondary motor area, layer 1",0.5454545454545454,0.29213483146067415,regions_1,regions_2,NonNeuron,NonNeuron,15,6,343,151,0.2099125364431487,0.4768211920529801,C57BL6J-1.025_326 OPC NN_layer 1_merged_regions_table_cell_id.txt,C57BL6J-1.025_327 Oligo NN_layer 1_merged_regions_table_cell_id.txt
C57BL6J-1.025,layer 1,layer 1,layer 1,326 OPC NN,328 OEC NN,54,99,82,257,"Frontal pole, layer 1,Orbital area, ventrolateral part, layer 1,Secondary motor area, layer 1,Orbital area, lateral part, layer 1","Frontal pole, layer 1,Orbital area, ventrolateral part, layer 1,Secondary motor area, layer 1,Orbital area, lateral part, layer 1,Orbital area, medial part, layer 1,Prelimbic area, layer 1",0.5454545454545454,0.31906614785992216,regions_1,regions_1,NonNeuron,NonNeuron,15,71,343,650,0.8892128279883382,0.46923076923076923,C57BL6J-1.025_326 OPC NN_layer 1_merged_regions_table_cell_id.txt,C57BL6J-1.025_328 OEC NN_layer 1_merged_regions_table_cell_id.txt
C57BL6J-1.025,layer 1,layer 1,layer 1,326 OPC NN,330 VLMC NN,54,99,66,196,"Frontal pole, layer 1,Orbital area, ventrolateral part, layer 1,Secondary motor area, layer 1,Orbital area, lateral part, layer 1","Frontal pole, layer 1,Orbital area, ventrolateral part, layer 1,Secondary motor area, layer 1,Orbital area, lateral part, layer 1,Prelimbic area, layer 1",0.5454545454545454,0.336734693877551,regions_1,regions_1,NonNeuron,NonNeuron,15,33,343,548,0.8717201166180758,0.5456204379562044,C57BL6J-1.025_326 OPC NN_layer 1_merged_regions_table_cell_id.txt,C57BL6J-1.025_330 VLMC NN_layer 1_merged_regions_table_cell_id.txt
C57BL6J-1.025,layer 1,layer 1,layer 1,326 OPC NN,332 SMC NN,54,99,54,164,"Frontal pole, layer 1,Orbital area, ventrolateral part, layer 1,Secondary motor area, layer 1,Orbital area, lateral part, layer 1","Frontal pole, layer 1,Orbital area, ventrolateral part, layer 1,Secondary motor area, layer 1,Orbital area, lateral part, layer 1",0.5454545454545454,0.32926829268292684,regions_1,regions_1,NonNeuron,NonNeuron,15,7,343,489,0.9271137026239067,0.6503067484662577,C57BL6J-1.025_326 OPC NN_layer 1_merged_regions_table_cell_id.txt,C57BL6J-1.025_332 SMC NN_layer 1_merged_regions_table_cell_id.txt
C57BL6J-1.025,layer 1,layer 1,layer 1,326 OPC NN,333 Endo NN,54,99,28,70,"Frontal pole, layer 1,Orbital area, ventrolateral part, layer 1,Secondary motor area, layer 1,Orbital area, lateral part, layer 1","Frontal pole, layer 1,Orbital area, ventrolateral part, layer 1,Secondary motor area, layer 1,Orbital area, lateral part, layer 1",0.5454545454545454,0.4,regions_1,regions_1,NonNeuron,NonNeuron,15,35,343,287,0.7521865889212828,0.8989547038327527,C57BL6J-1.025_326 OPC NN_layer 1_merged_regions_table_cell_id.txt,C57BL6J-1.025_333 Endo NN_layer 1_merged_regions_table_cell_id.txt
C57BL6J-1.025,layer 1,layer 1,layer 1,326 OPC NN,333 Endo NN,54,99,50,136,"Frontal pole, layer 1,Orbital area, ventrolateral part, layer 1,Secondary motor area, layer 1,Orbital area, lateral part, layer 1","Frontal pole, layer 1,Prelimbic area, layer 1,Orbital area, medial part, layer 1,Orbital area, ventrolateral part, layer 1",0.5454545454545454,0.36764705882352944,regions_1,regions_2,NonNeuron,NonNeuron,15,34,343,280,0.0,0.0,C57BL6J-1.025_326 OPC NN_layer 1_merged_regions_table_cell_id.txt,C57BL6J-1.025_333 Endo NN_layer 1_merged_regions_table_cell_id.txt
C57BL6J-1.025,layer 1,layer 1,layer 1,326 OPC NN,334 Microglia NN,54,99,29,47,"Frontal pole, layer 1,Orbital area, ventrolateral part, layer 1,Secondary motor area, layer 1,Orbital area, lateral part, layer 1","Frontal pole, layer 1,Secondary motor area, layer 1",0.5454545454545454,0.6170212765957447,regions_1,regions_1,NonNeuron,NonNeuron,15,7,343,143,0.41690962099125367,1.0,C57BL6J-1.025_326 OPC NN_layer 1_merged_regions_table_cell_id.txt,C57BL6J-1.025_334 Microglia NN_layer 1_merged_regions_table_cell_id.txt
C57BL6J-1.025,layer 1,layer 1,layer 1,326 OPC NN,327 Oligo NN,1,0,0,1,"Orbital area, medial part, layer 1","Orbital area, medial part, layer 1",,0.0,regions_2,regions_1,NonNeuron,NonNeuron,1,1,3,2,0.0,0.0,C57BL6J-1.025_326 OPC NN_layer 1_merged_regions_table_cell_id.txt,C57BL6J-1.025_327 Oligo NN_layer 1_merged_regions_table_cell_id.txt
C57BL6J-1.025,layer 1,layer 1,layer 1,326 OPC NN,327 Oligo NN,1,0,26,89,"Orbital area, medial part, layer 1","Frontal pole, layer 1,Secondary motor area, layer 1",,0.29213483146067415,regions_2,regions_2,NonNeuron,NonNeuron,1,6,3,151,0.0,0.0,C57BL6J-1.025_326 OPC NN_layer 1_merged_regions_table_cell_id.txt,C57BL6J-1.025_327 Oligo NN_layer 1_merged_regions_table_cell_id.txt
C57BL6J-1.025,layer 1,layer 1,layer 1,326 OPC NN,328 OEC NN,1,0,82,257,"Orbital area, medial part, layer 1","Frontal pole, layer 1,Orbital area, ventrolateral part, layer 1,Secondary motor area, layer 1,Orbital area, lateral part, layer 1,Orbital area, medial part, layer 1,Prelimbic area, layer 1",,0.31906614785992216,regions_2,regions_1,NonNeuron,NonNeuron,1,71,3,650,0.0,0.0,C57BL6J-1.025_326 OPC NN_layer 1_merged_regions_table_cell_id.txt,C57BL6J-1.025_328 OEC NN_layer 1_merged_regions_table_cell_id.txt
C57BL6J-1.025,layer 1,layer 1,layer 1,326 OPC NN,330 VLMC NN,1,0,66,196,"Orbital area, medial part, layer 1","Frontal pole, layer 1,Orbital area, ventrolateral part, layer 1,Secondary motor area, layer 1,Orbital area, lateral part, layer 1,Prelimbic area, layer 1",,0.336734693877551,regions_2,regions_1,NonNeuron,NonNeuron,1,33,3,548,0.0,0.0,C57BL6J-1.025_326 OPC NN_layer 1_merged_regions_table_cell_id.txt,C57BL6J-1.025_330 VLMC NN_layer 1_merged_regions_table_cell_id.txt
C57BL6J-1.025,layer 1,layer 1,layer 1,326 OPC NN,332 SMC NN,1,0,54,164,"Orbital area, medial part, layer 1","Frontal pole, layer 1,Orbital area, ventrolateral part, layer 1,Secondary motor area, layer 1,Orbital area, lateral part, layer 1",,0.32926829268292684,regions_2,regions_1,NonNeuron,NonNeuron,1,7,3,489,0.0,0.0,C57BL6J-1.025_326 OPC NN_layer 1_merged_regions_table_cell_id.txt,C57BL6J-1.025_332 SMC NN_layer 1_merged_regions_table_cell_id.txt
C57BL6J-1.025,layer 1,layer 1,layer 1,326 OPC NN,333 Endo NN,1,0,28,70,"Orbital area, medial part, layer 1","Frontal pole, layer 1,Orbital area, ventrolateral part, layer 1,Secondary motor area, layer 1,Orbital area, lateral part, layer 1",,0.4,regions_2,regions_1,NonNeuron,NonNeuron,1,35,3,287,0.0,0.0,C57BL6J-1.025_326 OPC NN_layer 1_merged_regions_table_cell_id.txt,C57BL6J-1.025_333 Endo NN_layer 1_merged_regions_table_cell_id.txt
C57BL6J-1.025,layer 1,layer 1,layer 1,326 OPC NN,333 Endo NN,1,0,50,136,"Orbital area, medial part, layer 1","Frontal pole, layer 1,Prelimbic area, layer 1,Orbital area, medial part, layer 1,Orbital area, ventrolateral part, layer 1",,0.36764705882352944,regions_2,regions_2,NonNeuron,NonNeuron,1,34,3,280,1.0,0.010714285714285714,C57BL6J-1.025_326 OPC NN_layer 1_merged_regions_table_cell_id.txt,C57BL6J-1.025_333 Endo NN_layer 1_merged_regions_table_cell_id.txt
C57BL6J-1.025,layer 1,layer 1,layer 1,326 OPC NN,334 Microglia NN,1,0,29,47,"Orbital area, medial part, layer 1","Frontal pole, layer 1,Secondary motor area, layer 1",,0.6170212765957447,regions_2,regions_1,NonNeuron,NonNeuron,1,7,3,143,0.0,0.0,C57BL6J-1.025_326 OPC NN_layer 1_merged_regions_table_cell_id.txt,C57BL6J-1.025_334 Microglia NN_layer 1_merged_regions_table_cell_id.txt
C57BL6J-1.025,layer 1,layer 1,layer 1,327 Oligo NN,327 Oligo NN,0,1,26,89,"Orbital area, medial part, layer 1","Frontal pole, layer 1,Secondary motor area, layer 1",0.0,0.29213483146067415,regions_1,regions_2,NonNeuron,NonNeuron,1,6,2,151,0.0,0.0,C57BL6J-1.025_327 Oligo NN_layer 1_merged_regions_table_cell_id.txt,C57BL6J-1.025_327 Oligo NN_layer 1_merged_regions_table_cell_id.txt
C57BL6J-1.025,layer 1,layer 1,layer 1,327 Oligo NN,328 OEC NN,0,1,82,257,"Orbital area, medial part, layer 1","Frontal pole, layer 1,Orbital area, ventrolateral part, layer 1,Secondary motor area, layer 1,Orbital area, lateral part, layer 1,Orbital area, medial part, layer 1,Prelimbic area, layer 1",0.0,0.31906614785992216,regions_1,regions_1,NonNeuron,NonNeuron,1,71,2,650,0.0,0.0,C57BL6J-1.025_327 Oligo NN_layer 1_merged_regions_table_cell_id.txt,C57BL6J-1.025_328 OEC NN_layer 1_merged_regions_table_cell_id.txt
C57BL6J-1.025,layer 1,layer 1,layer 1,327 Oligo NN,330 VLMC NN,0,1,66,196,"Orbital area, medial part, layer 1","Frontal pole, layer 1,Orbital area, ventrolateral part, layer 1,Secondary motor area, layer 1,Orbital area, lateral part, layer 1,Prelimbic area, layer 1",0.0,0.336734693877551,regions_1,regions_1,NonNeuron,NonNeuron,1,33,2,548,0.0,0.0,C57BL6J-1.025_327 Oligo NN_layer 1_merged_regions_table_cell_id.txt,C57BL6J-1.025_330 VLMC NN_layer 1_merged_regions_table_cell_id.txt
C57BL6J-1.025,layer 1,layer 1,layer 1,327 Oligo NN,332 SMC NN,0,1,54,164,"Orbital area, medial part, layer 1","Frontal pole, layer 1,Orbital area, ventrolateral part, layer 1,Secondary motor area, layer 1,Orbital area, lateral part, layer 1",0.0,0.32926829268292684,regions_1,regions_1,NonNeuron,NonNeuron,1,7,2,489,0.0,0.0,C57BL6J-1.025_327 Oligo NN_layer 1_merged_regions_table_cell_id.txt,C57BL6J-1.025_332 SMC NN_layer 1_merged_regions_table_cell_id.txt
C57BL6J-1.025,layer 1,layer 1,layer 1,327 Oligo NN,333 Endo NN,0,1,28,70,"Orbital area, medial part, layer 1","Frontal pole, layer 1,Orbital area, ventrolateral part, layer 1,Secondary motor area, layer 1,Orbital area, lateral part, layer 1",0.0,0.4,regions_1,regions_1,NonNeuron,NonNeuron,1,35,2,287,0.0,0.0,C57BL6J-1.025_327 Oligo NN_layer 1_merged_regions_table_cell_id.txt,C57BL6J-1.025_333 Endo NN_layer 1_merged_regions_table_cell_id.txt
C57BL6J-1.025,layer 1,layer 1,layer 1,327 Oligo NN,333 Endo NN,0,1,50,136,"Orbital area, medial part, layer 1","Frontal pole, layer 1,Prelimbic area, layer 1,Orbital area, medial part, layer 1,Orbital area, ventrolateral part, layer 1",0.0,0.36764705882352944,regions_1,regions_2,NonNeuron,NonNeuron,1,34,2,280,1.0,0.007142857142857143,C57BL6J-1.025_327 Oligo NN_layer 1_merged_regions_table_cell_id.txt,C57BL6J-1.025_333 Endo NN_layer 1_merged_regions_table_cell_id.txt
C57BL6J-1.025,layer 1,layer 1,layer 1,327 Oligo NN,334 Microglia NN,0,1,29,47,"Orbital area, medial part, layer 1","Frontal pole, layer 1,Secondary motor area, layer 1",0.0,0.6170212765957447,regions_1,regions_1,NonNeuron,NonNeuron,1,7,2,143,0.0,0.0,C57BL6J-1.025_327 Oligo NN_layer 1_merged_regions_table_cell_id.txt,C57BL6J-1.025_334 Microglia NN_layer 1_merged_regions_table_cell_id.txt
C57BL6J-1.025,layer 1,layer 1,layer 1,327 Oligo NN,328 OEC NN,26,89,82,257,"Frontal pole, layer 1,Secondary motor area, layer 1","Frontal pole, layer 1,Orbital area, ventrolateral part, layer 1,Secondary motor area, layer 1,Orbital area, lateral part, layer 1,Orbital area, medial part, layer 1,Prelimbic area, layer 1",0.29213483146067415,0.31906614785992216,regions_2,regions_1,NonNeuron,NonNeuron,6,71,151,650,0.5099337748344371,0.11846153846153847,C57BL6J-1.025_327 Oligo NN_layer 1_merged_regions_table_cell_id.txt,C57BL6J-1.025_328 OEC NN_layer 1_merged_regions_table_cell_id.txt
C57BL6J-1.025,layer 1,layer 1,layer 1,327 Oligo NN,330 VLMC NN,26,89,66,196,"Frontal pole, layer 1,Secondary motor area, layer 1","Frontal pole, layer 1,Orbital area, ventrolateral part, layer 1,Secondary motor area, layer 1,Orbital area, lateral part, layer 1,Prelimbic area, layer 1",0.29213483146067415,0.336734693877551,regions_2,regions_1,NonNeuron,NonNeuron,6,33,151,548,0.31125827814569534,0.08576642335766424,C57BL6J-1.025_327 Oligo NN_layer 1_merged_regions_table_cell_id.txt,C57BL6J-1.025_330 VLMC NN_layer 1_merged_regions_table_cell_id.txt
C57BL6J-1.025,layer 1,layer 1,layer 1,327 Oligo NN,332 SMC NN,26,89,54,164,"Frontal pole, layer 1,Secondary motor area, layer 1","Frontal pole, layer 1,Orbital area, ventrolateral part, layer 1,Secondary motor area, layer 1,Orbital area, lateral part, layer 1",0.29213483146067415,0.32926829268292684,regions_2,regions_1,NonNeuron,NonNeuron,6,7,151,489,0.4768211920529801,0.147239263803681,C57BL6J-1.025_327 Oligo NN_layer 1_merged_regions_table_cell_id.txt,C57BL6J-1.025_332 SMC NN_layer 1_merged_regions_table_cell_id.txt
C57BL6J-1.025,layer 1,layer 1,layer 1,327 Oligo NN,333 Endo NN,26,89,28,70,"Frontal pole, layer 1,Secondary motor area, layer 1","Frontal pole, layer 1,Orbital area, ventrolateral part, layer 1,Secondary motor area, layer 1,Orbital area, lateral part, layer 1",0.29213483146067415,0.4,regions_2,regions_1,NonNeuron,NonNeuron,6,35,151,287,0.0,0.0,C57BL6J-1.025_327 Oligo NN_layer 1_merged_regions_table_cell_id.txt,C57BL6J-1.025_333 Endo NN_layer 1_merged_regions_table_cell_id.txt
C57BL6J-1.025,layer 1,layer 1,layer 1,327 Oligo NN,333 Endo NN,26,89,50,136,"Frontal pole, layer 1,Secondary motor area, layer 1","Frontal pole, layer 1,Prelimbic area, layer 1,Orbital area, medial part, layer 1,Orbital area, ventrolateral part, layer 1",0.29213483146067415,0.36764705882352944,regions_2,regions_2,NonNeuron,NonNeuron,6,34,151,280,0.0,0.0,C57BL6J-1.025_327 Oligo NN_layer 1_merged_regions_table_cell_id.txt,C57BL6J-1.025_333 Endo NN_layer 1_merged_regions_table_cell_id.txt
C57BL6J-1.025,layer 1,layer 1,layer 1,327 Oligo NN,334 Microglia NN,26,89,29,47,"Frontal pole, layer 1,Secondary motor area, layer 1","Frontal pole, layer 1,Secondary motor area, layer 1",0.29213483146067415,0.6170212765957447,regions_2,regions_1,NonNeuron,NonNeuron,6,7,151,143,0.304635761589404,0.32167832167832167,C57BL6J-1.025_327 Oligo NN_layer 1_merged_regions_table_cell_id.txt,C57BL6J-1.025_334 Microglia NN_layer 1_merged_regions_table_cell_id.txt
C57BL6J-1.025,layer 1,layer 1,layer 1,328 OEC NN,330 VLMC NN,82,257,66,196,"Frontal pole, layer 1,Orbital area, ventrolateral part, layer 1,Secondary motor area, layer 1,Orbital area, lateral part, layer 1,Orbital area, medial part, layer 1,Prelimbic area, layer 1","Frontal pole, layer 1,Orbital area, ventrolateral part, layer 1,Secondary motor area, layer 1,Orbital area, lateral part, layer 1,Prelimbic area, layer 1",0.31906614785992216,0.336734693877551,regions_1,regions_1,NonNeuron,NonNeuron,71,33,650,548,0.8430769230769231,1.0,C57BL6J-1.025_328 OEC NN_layer 1_merged_regions_table_cell_id.txt,C57BL6J-1.025_330 VLMC NN_layer 1_merged_regions_table_cell_id.txt
C57BL6J-1.025,layer 1,layer 1,layer 1,328 OEC NN,332 SMC NN,82,257,54,164,"Frontal pole, layer 1,Orbital area, ventrolateral part, layer 1,Secondary motor area, layer 1,Orbital area, lateral part, layer 1,Orbital area, medial part, layer 1,Prelimbic area, layer 1","Frontal pole, layer 1,Orbital area, ventrolateral part, layer 1,Secondary motor area, layer 1,Orbital area, lateral part, layer 1",0.31906614785992216,0.32926829268292684,regions_1,regions_1,NonNeuron,NonNeuron,71,7,650,489,0.7230769230769231,0.9611451942740287,C57BL6J-1.025_328 OEC NN_layer 1_merged_regions_table_cell_id.txt,C57BL6J-1.025_332 SMC NN_layer 1_merged_regions_table_cell_id.txt
C57BL6J-1.025,layer 1,layer 1,layer 1,328 OEC NN,333 Endo NN,82,257,28,70,"Frontal pole, layer 1,Orbital area, ventrolateral part, layer 1,Secondary motor area, layer 1,Orbital area, lateral part, layer 1,Orbital area, medial part, layer 1,Prelimbic area, layer 1","Frontal pole, layer 1,Orbital area, ventrolateral part, layer 1,Secondary motor area, layer 1,Orbital area, lateral part, layer 1",0.31906614785992216,0.4,regions_1,regions_1,NonNeuron,NonNeuron,71,35,650,287,0.4307692307692308,0.975609756097561,C57BL6J-1.025_328 OEC NN_layer 1_merged_regions_table_cell_id.txt,C57BL6J-1.025_333 Endo NN_layer 1_merged_regions_table_cell_id.txt
C57BL6J-1.025,layer 1,layer 1,layer 1,328 OEC NN,333 Endo NN,82,257,50,136,"Frontal pole, layer 1,Orbital area, ventrolateral part, layer 1,Secondary motor area, layer 1,Orbital area, lateral part, layer 1,Orbital area, medial part, layer 1,Prelimbic area, layer 1","Frontal pole, layer 1,Prelimbic area, layer 1,Orbital area, medial part, layer 1,Orbital area, ventrolateral part, layer 1",0.31906614785992216,0.36764705882352944,regions_1,regions_2,NonNeuron,NonNeuron,71,34,650,280,0.11846153846153847,0.275,C57BL6J-1.025_328 OEC NN_layer 1_merged_regions_table_cell_id.txt,C57BL6J-1.025_333 Endo NN_layer 1_merged_regions_table_cell_id.txt
C57BL6J-1.025,layer 1,layer 1,layer 1,328 OEC NN,334 Microglia NN,82,257,29,47,"Frontal pole, layer 1,Orbital area, ventrolateral part, layer 1,Secondary motor area, layer 1,Orbital area, lateral part, layer 1,Orbital area, medial part, layer 1,Prelimbic area, layer 1","Frontal pole, layer 1,Secondary motor area, layer 1",0.31906614785992216,0.6170212765957447,regions_1,regions_1,NonNeuron,NonNeuron,71,7,650,143,0.17692307692307693,0.8041958041958042,C57BL6J-1.025_328 OEC NN_layer 1_merged_regions_table_cell_id.txt,C57BL6J-1.025_334 Microglia NN_layer 1_merged_regions_table_cell_id.txt
C57BL6J-1.025,layer 1,layer 1,layer 1,330 VLMC NN,332 SMC NN,66,196,54,164,"Frontal pole, layer 1,Orbital area, ventrolateral part, layer 1,Secondary motor area, layer 1,Orbital area, lateral part, layer 1,Prelimbic area, layer 1","Frontal pole, layer 1,Orbital area, ventrolateral part, layer 1,Secondary motor area, layer 1,Orbital area, lateral part, layer 1",0.336734693877551,0.32926829268292684,regions_1,regions_1,NonNeuron,NonNeuron,33,7,548,489,0.8375912408759124,0.9386503067484663,C57BL6J-1.025_330 VLMC NN_layer 1_merged_regions_table_cell_id.txt,C57BL6J-1.025_332 SMC NN_layer 1_merged_regions_table_cell_id.txt
C57BL6J-1.025,layer 1,layer 1,layer 1,330 VLMC NN,333 Endo NN,66,196,28,70,"Frontal pole, layer 1,Orbital area, ventrolateral part, layer 1,Secondary motor area, layer 1,Orbital area, lateral part, layer 1,Prelimbic area, layer 1","Frontal pole, layer 1,Orbital area, ventrolateral part, layer 1,Secondary motor area, layer 1,Orbital area, lateral part, layer 1",0.336734693877551,0.4,regions_1,regions_1,NonNeuron,NonNeuron,33,35,548,287,0.5091240875912408,0.9721254355400697,C57BL6J-1.025_330 VLMC NN_layer 1_merged_regions_table_cell_id.txt,C57BL6J-1.025_333 Endo NN_layer 1_merged_regions_table_cell_id.txt
C57BL6J-1.025,layer 1,layer 1,layer 1,330 VLMC NN,333 Endo NN,66,196,50,136,"Frontal pole, layer 1,Orbital area, ventrolateral part, layer 1,Secondary motor area, layer 1,Orbital area, lateral part, layer 1,Prelimbic area, layer 1","Frontal pole, layer 1,Prelimbic area, layer 1,Orbital area, medial part, layer 1,Orbital area, ventrolateral part, layer 1",0.336734693877551,0.36764705882352944,regions_1,regions_2,NonNeuron,NonNeuron,33,34,548,280,0.010948905109489052,0.02142857142857143,C57BL6J-1.025_330 VLMC NN_layer 1_merged_regions_table_cell_id.txt,C57BL6J-1.025_333 Endo NN_layer 1_merged_regions_table_cell_id.txt
C57BL6J-1.025,layer 1,layer 1,layer 1,330 VLMC NN,334 Microglia NN,66,196,29,47,"Frontal pole, layer 1,Orbital area, ventrolateral part, layer 1,Secondary motor area, layer 1,Orbital area, lateral part, layer 1,Prelimbic area, layer 1","Frontal pole, layer 1,Secondary motor area, layer 1",0.336734693877551,0.6170212765957447,regions_1,regions_1,NonNeuron,NonNeuron,33,7,548,143,0.20255474452554745,0.7762237762237763,C57BL6J-1.025_330 VLMC NN_layer 1_merged_regions_table_cell_id.txt,C57BL6J-1.025_334 Microglia NN_layer 1_merged_regions_table_cell_id.txt
C57BL6J-1.025,layer 1,layer 1,layer 1,332 SMC NN,333 Endo NN,54,164,28,70,"Frontal pole, layer 1,Orbital area, ventrolateral part, layer 1,Secondary motor area, layer 1,Orbital area, lateral part, layer 1","Frontal pole, layer 1,Orbital area, ventrolateral part, layer 1,Secondary motor area, layer 1,Orbital area, lateral part, layer 1",0.32926829268292684,0.4,regions_1,regions_1,NonNeuron,NonNeuron,7,35,489,287,0.5807770961145194,0.9895470383275261,C57BL6J-1.025_332 SMC NN_layer 1_merged_regions_table_cell_id.txt,C57BL6J-1.025_333 Endo NN_layer 1_merged_regions_table_cell_id.txt
C57BL6J-1.025,layer 1,layer 1,layer 1,332 SMC NN,333 Endo NN,54,164,50,136,"Frontal pole, layer 1,Orbital area, ventrolateral part, layer 1,Secondary motor area, layer 1,Orbital area, lateral part, layer 1","Frontal pole, layer 1,Prelimbic area, layer 1,Orbital area, medial part, layer 1,Orbital area, ventrolateral part, layer 1",0.32926829268292684,0.36764705882352944,regions_1,regions_2,NonNeuron,NonNeuron,7,34,489,280,0.0,0.0,C57BL6J-1.025_332 SMC NN_layer 1_merged_regions_table_cell_id.txt,C57BL6J-1.025_333 Endo NN_layer 1_merged_regions_table_cell_id.txt
C57BL6J-1.025,layer 1,layer 1,layer 1,332 SMC NN,334 Microglia NN,54,164,29,47,"Frontal pole, layer 1,Orbital area, ventrolateral part, layer 1,Secondary motor area, layer 1,Orbital area, lateral part, layer 1","Frontal pole, layer 1,Secondary motor area, layer 1",0.32926829268292684,0.6170212765957447,regions_1,regions_1,NonNeuron,NonNeuron,7,7,489,143,0.25971370143149286,0.8881118881118881,C57BL6J-1.025_332 SMC NN_layer 1_merged_regions_table_cell_id.txt,C57BL6J-1.025_334 Microglia NN_layer 1_merged_regions_table_cell_id.txt
C57BL6J-1.025,layer 1,layer 1,layer 1,333 Endo NN,333 Endo NN,28,70,50,136,"Frontal pole, layer 1,Orbital area, ventrolateral part, layer 1,Secondary motor area, layer 1,Orbital area, lateral part, layer 1","Frontal pole, layer 1,Prelimbic area, layer 1,Orbital area, medial part, layer 1,Orbital area, ventrolateral part, layer 1",0.4,0.36764705882352944,regions_1,regions_2,NonNeuron,NonNeuron,35,34,287,280,0.0,0.0,C57BL6J-1.025_333 Endo NN_layer 1_merged_regions_table_cell_id.txt,C57BL6J-1.025_333 Endo NN_layer 1_merged_regions_table_cell_id.txt
C57BL6J-1.025,layer 1,layer 1,layer 1,333 Endo NN,334 Microglia NN,28,70,29,47,"Frontal pole, layer 1,Orbital area, ventrolateral part, layer 1,Secondary motor area, layer 1,Orbital area, lateral part, layer 1","Frontal pole, layer 1,Secondary motor area, layer 1",0.4,0.6170212765957447,regions_1,regions_1,NonNeuron,NonNeuron,35,7,287,143,0.313588850174216,0.6293706293706294,C57BL6J-1.025_333 Endo NN_layer 1_merged_regions_table_cell_id.txt,C57BL6J-1.025_334 Microglia NN_layer 1_merged_regions_table_cell_id.txt
C57BL6J-1.025,layer 1,layer 1,layer 1,333 Endo NN,334 Microglia NN,50,136,29,47,"Frontal pole, layer 1,Prelimbic area, layer 1,Orbital area, medial part, layer 1,Orbital area, ventrolateral part, layer 1","Frontal pole, layer 1,Secondary motor area, layer 1",0.36764705882352944,0.6170212765957447,regions_2,regions_1,NonNeuron,NonNeuron,34,7,280,143,0.0,0.0,C57BL6J-1.025_333 Endo NN_layer 1_merged_regions_table_cell_id.txt,C57BL6J-1.025_334 Microglia NN_layer 1_merged_regions_table_cell_id.txt
C57BL6J-1.026,layer 1,layer 1,layer 1,007 L2/3 IT CTX Glut,035 OB Eomes Ms4a15 Glut,58,33,1,2,"Frontal pole, layer 1,Secondary motor area, layer 1,Prelimbic area, layer 1,Orbital area, lateral part, layer 1,Orbital area, ventrolateral part, layer 1","Orbital area, lateral part, layer 1,Secondary motor area, layer 1,Frontal pole, layer 1",1.7575757575757576,0.5,regions_1,regions_1,Glut,Glut,58,1,429,62,0.016317016317016316,0.11290322580645161,C57BL6J-1.026_007 L2&3 IT CTX Glut_layer 1_merged_regions_table_cell_id.txt,C57BL6J-1.026_035 OB Eomes Ms4a15 Glut_layer 1_merged_regions_table_cell_id.txt
C57BL6J-1.026,layer 1,layer 1,layer 1,007 L2/3 IT CTX Glut,036 HPF CR Glut,58,33,1,1,"Frontal pole, layer 1,Secondary motor area, layer 1,Prelimbic area, layer 1,Orbital area, lateral part, layer 1,Orbital area, ventrolateral part, layer 1","Orbital area, medial part, layer 1,Frontal pole, layer 1,Prelimbic area, layer 1",1.7575757575757576,1.0,regions_1,regions_1,Glut,Glut,58,1,429,63,0.0,0.0,C57BL6J-1.026_007 L2&3 IT CTX Glut_layer 1_merged_regions_table_cell_id.txt,C57BL6J-1.026_036 HPF CR Glut_layer 1_merged_regions_table_cell_id.txt
C57BL6J-1.026,layer 1,layer 1,layer 1,007 L2/3 IT CTX Glut,044 OB Dopa-Gaba,58,33,1,3,"Frontal pole, layer 1,Secondary motor area, layer 1,Prelimbic area, layer 1,Orbital area, lateral part, layer 1,Orbital area, ventrolateral part, layer 1","Orbital area, lateral part, layer 1,Secondary motor area, layer 1,Frontal pole, layer 1",1.7575757575757576,0.3333333333333333,regions_1,regions_1,Glut,NonNeuron,58,1,429,62,0.030303030303030304,0.20967741935483872,C57BL6J-1.026_007 L2&3 IT CTX Glut_layer 1_merged_regions_table_cell_id.txt,C57BL6J-1.026_044 OB Dopa-Gaba_layer 1_merged_regions_table_cell_id.txt
C57BL6J-1.026,layer 1,layer 1,layer 1,007 L2/3 IT CTX Glut,046 Vip Gaba,58,33,50,21,"Frontal pole, layer 1,Secondary motor area, layer 1,Prelimbic area, layer 1,Orbital area, lateral part, layer 1,Orbital area, ventrolateral part, layer 1","Frontal pole, layer 1,Secondary motor area, layer 1,Prelimbic area, layer 1",1.7575757575757576,2.380952380952381,regions_1,regions_1,Glut,GABA,58,4,429,210,0.48951048951048953,1.0,C57BL6J-1.026_007 L2&3 IT CTX Glut_layer 1_merged_regions_table_cell_id.txt,C57BL6J-1.026_046 Vip Gaba_layer 1_merged_regions_table_cell_id.txt
C57BL6J-1.026,layer 1,layer 1,layer 1,007 L2/3 IT CTX Glut,047 Sncg Gaba,58,33,51,23,"Frontal pole, layer 1,Secondary motor area, layer 1,Prelimbic area, layer 1,Orbital area, lateral part, layer 1,Orbital area, ventrolateral part, layer 1","Frontal pole, layer 1,Secondary motor area, layer 1,Prelimbic area, layer 1",1.7575757575757576,2.217391304347826,regions_1,regions_1,Glut,GABA,58,8,429,224,0.4988344988344988,0.9553571428571429,C57BL6J-1.026_007 L2&3 IT CTX Glut_layer 1_merged_regions_table_cell_id.txt,C57BL6J-1.026_047 Sncg Gaba_layer 1_merged_regions_table_cell_id.txt
C57BL6J-1.026,layer 1,layer 1,layer 1,007 L2/3 IT CTX Glut,049 Lamp5 Gaba,58,33,11,13,"Frontal pole, layer 1,Secondary motor area, layer 1,Prelimbic area, layer 1,Orbital area, lateral part, layer 1,Orbital area, ventrolateral part, layer 1","Frontal pole, layer 1,Orbital area, lateral part, layer 1,Prelimbic area, layer 1,Orbital area, ventrolateral part, layer 1",1.7575757575757576,0.8461538461538461,regions_1,regions_1,Glut,GABA,58,7,429,135,0.21212121212121213,0.674074074074074,C57BL6J-1.026_007 L2&3 IT CTX Glut_layer 1_merged_regions_table_cell_id.txt,C57BL6J-1.026_049 Lamp5 Gaba_layer 1_merged_regions_table_cell_id.txt
C57BL6J-1.026,layer 1,layer 1,layer 1,007 L2/3 IT CTX Glut,051 Pvalb chandelier Gaba,58,33,26,22,"Frontal pole, layer 1,Secondary motor area, layer 1,Prelimbic area, layer 1,Orbital area, lateral part, layer 1,Orbital area, ventrolateral part, layer 1","Frontal pole, layer 1,Prelimbic area, layer 1,Secondary motor area, layer 1,Orbital area, medial part, layer 1,Orbital area, ventrolateral part, layer 1",1.7575757575757576,1.1818181818181819,regions_1,regions_1,Glut,GABA,58,2,429,230,0.4149184149184149,0.7739130434782608,C57BL6J-1.026_007 L2&3 IT CTX Glut_layer 1_merged_regions_table_cell_id.txt,C57BL6J-1.026_051 Pvalb chandelier Gaba_layer 1_merged_regions_table_cell_id.txt
C57BL6J-1.026,layer 1,layer 1,layer 1,007 L2/3 IT CTX Glut,052 Pvalb Gaba,58,33,23,5,"Frontal pole, layer 1,Secondary motor area, layer 1,Prelimbic area, layer 1,Orbital area, lateral part, layer 1,Orbital area, ventrolateral part, layer 1","Frontal pole, layer 1",1.7575757575757576,4.6,regions_1,regions_1,Glut,GABA,58,1,429,52,0.12121212121212122,1.0,C57BL6J-1.026_007 L2&3 IT CTX Glut_layer 1_merged_regions_table_cell_id.txt,C57BL6J-1.026_052 Pvalb Gaba_layer 1_merged_regions_table_cell_id.txt
C57BL6J-1.026,layer 1,layer 1,layer 1,007 L2/3 IT CTX Glut,053 Sst Gaba,58,33,9,16,"Frontal pole, layer 1,Secondary motor area, layer 1,Prelimbic area, layer 1,Orbital area, lateral part, layer 1,Orbital area, ventrolateral part, layer 1","Frontal pole, layer 1,Orbital area, medial part, layer 1,Prelimbic area, layer 1,Secondary motor area, layer 1,Orbital area, ventrolateral part, layer 1",1.7575757575757576,0.5625,regions_1,regions_1,Glut,GABA,58,3,429,195,0.2097902097902098,0.46153846153846156,C57BL6J-1.026_007 L2&3 IT CTX Glut_layer 1_merged_regions_table_cell_id.txt,C57BL6J-1.026_053 Sst Gaba_layer 1_merged_regions_table_cell_id.txt
C57BL6J-1.026,layer 1,layer 1,layer 1,007 L2/3 IT CTX Glut,319 Astro-TE NN,58,33,19,18,"Frontal pole, layer 1,Secondary motor area, layer 1,Prelimbic area, layer 1,Orbital area, lateral part, layer 1,Orbital area, ventrolateral part, layer 1","Frontal pole, layer 1,Prelimbic area, layer 1,Orbital area, lateral part, layer 1,Secondary motor area, layer 1,Orbital area, medial part, layer 1,Orbital area, ventrolateral part, layer 1",1.7575757575757576,1.0555555555555556,regions_1,regions_1,Glut,NonNeuron,58,80,429,233,0.37995337995337997,0.6995708154506438,C57BL6J-1.026_007 L2&3 IT CTX Glut_layer 1_merged_regions_table_cell_id.txt,C57BL6J-1.026_319 Astro-TE NN_layer 1_merged_regions_table_cell_id.txt
C57BL6J-1.026,layer 1,layer 1,layer 1,007 L2/3 IT CTX Glut,319 Astro-TE NN,58,33,0,0,"Frontal pole, layer 1,Secondary motor area, layer 1,Prelimbic area, layer 1,Orbital area, lateral part, layer 1,Orbital area, ventrolateral part, layer 1","Frontal pole, layer 1,Secondary motor area, layer 1",1.7575757575757576,,regions_1,regions_2,Glut,NonNeuron,58,26,429,70,0.039627039627039624,0.24285714285714285,C57BL6J-1.026_007 L2&3 IT CTX Glut_layer 1_merged_regions_table_cell_id.txt,C57BL6J-1.026_319 Astro-TE NN_layer 1_merged_regions_table_cell_id.txt
C57BL6J-1.026,layer 1,layer 1,layer 1,007 L2/3 IT CTX Glut,326 OPC NN,58,33,1,1,"Frontal pole, layer 1,Secondary motor area, layer 1,Prelimbic area, layer 1,Orbital area, lateral part, layer 1,Orbital area, ventrolateral part, layer 1","Orbital area, medial part, layer 1,Frontal pole, layer 1,Prelimbic area, layer 1",1.7575757575757576,1.0,regions_1,regions_1,Glut,NonNeuron,58,6,429,42,0.0,0.0,C57BL6J-1.026_007 L2&3 IT CTX Glut_layer 1_merged_regions_table_cell_id.txt,C57BL6J-1.026_326 OPC NN_layer 1_merged_regions_table_cell_id.txt
C57BL6J-1.026,layer 1,layer 1,layer 1,007 L2/3 IT CTX Glut,326 OPC NN,58,33,20,6,"Frontal pole, layer 1,Secondary motor area, layer 1,Prelimbic area, layer 1,Orbital area, lateral part, layer 1,Orbital area, ventrolateral part, layer 1","Frontal pole, layer 1,Secondary motor area, layer 1",1.7575757575757576,3.3333333333333335,regions_1,regions_2,Glut,NonNeuron,58,24,429,220,0.331002331002331,0.6454545454545455,C57BL6J-1.026_007 L2&3 IT CTX Glut_layer 1_merged_regions_table_cell_id.txt,C57BL6J-1.026_326 OPC NN_layer 1_merged_regions_table_cell_id.txt
C57BL6J-1.026,layer 1,layer 1,layer 1,007 L2/3 IT CTX Glut,327 Oligo NN,58,33,5,3,"Frontal pole, layer 1,Secondary motor area, layer 1,Prelimbic area, layer 1,Orbital area, lateral part, layer 1,Orbital area, ventrolateral part, layer 1","Frontal pole, layer 1,Orbital area, medial part, layer 1,Orbital area, ventrolateral part, layer 1,Prelimbic area, layer 1",1.7575757575757576,1.6666666666666667,regions_1,regions_1,Glut,NonNeuron,58,5,429,97,0.07692307692307693,0.3402061855670103,C57BL6J-1.026_007 L2&3 IT CTX Glut_layer 1_merged_regions_table_cell_id.txt,C57BL6J-1.026_327 Oligo NN_layer 1_merged_regions_table_cell_id.txt
C57BL6J-1.026,layer 1,layer 1,layer 1,007 L2/3 IT CTX Glut,327 Oligo NN,58,33,1,1,"Frontal pole, layer 1,Secondary motor area, layer 1,Prelimbic area, layer 1,Orbital area, lateral part, layer 1,Orbital area, ventrolateral part, layer 1","Orbital area, lateral part, layer 1,Secondary motor area, layer 1,Frontal pole, layer 1",1.7575757575757576,1.0,regions_1,regions_2,Glut,NonNeuron,58,4,429,71,0.027972027972027972,0.16901408450704225,C57BL6J-1.026_007 L2&3 IT CTX Glut_layer 1_merged_regions_table_cell_id.txt,C57BL6J-1.026_327 Oligo NN_layer 1_merged_regions_table_cell_id.txt
C57BL6J-1.026,layer 1,layer 1,layer 1,007 L2/3 IT CTX Glut,328 OEC NN,58,33,6,6,"Frontal pole, layer 1,Secondary motor area, layer 1,Prelimbic area, layer 1,Orbital area, lateral part, layer 1,Orbital area, ventrolateral part, layer 1","Frontal pole, layer 1,Orbital area, lateral part, layer 1,Secondary motor area, layer 1,Orbital area, ventrolateral part, layer 1",1.7575757575757576,1.0,regions_1,regions_1,Glut,NonNeuron,58,4,429,156,0.21678321678321677,0.5961538461538461,C57BL6J-1.026_007 L2&3 IT CTX Glut_layer 1_merged_regions_table_cell_id.txt,C57BL6J-1.026_328 OEC NN_layer 1_merged_regions_table_cell_id.txt
C57BL6J-1.026,layer 1,layer 1,layer 1,007 L2/3 IT CTX Glut,330 VLMC NN,58,33,5,8,"Frontal pole, layer 1,Secondary motor area, layer 1,Prelimbic area, layer 1,Orbital area, lateral part, layer 1,Orbital area, ventrolateral part, layer 1","Frontal pole, layer 1,Orbital area, medial part, layer 1,Prelimbic area, layer 1",1.7575757575757576,0.625,regions_1,regions_1,Glut,NonNeuron,58,14,429,119,0.06993006993006994,0.25210084033613445,C57BL6J-1.026_007 L2&3 IT CTX Glut_layer 1_merged_regions_table_cell_id.txt,C57BL6J-1.026_330 VLMC NN_layer 1_merged_regions_table_cell_id.txt
C57BL6J-1.026,layer 1,layer 1,layer 1,007 L2/3 IT CTX Glut,330 VLMC NN,58,33,9,6,"Frontal pole, layer 1,Secondary motor area, layer 1,Prelimbic area, layer 1,Orbital area, lateral part, layer 1,Orbital area, ventrolateral part, layer 1","Frontal pole, layer 1,Orbital area, lateral part, layer 1,Secondary motor area, layer 1,Orbital area, ventrolateral part, layer 1",1.7575757575757576,1.5,regions_1,regions_2,Glut,NonNeuron,58,12,429,167,0.23776223776223776,0.6107784431137725,C57BL6J-1.026_007 L2&3 IT CTX Glut_layer 1_merged_regions_table_cell_id.txt,C57BL6J-1.026_330 VLMC NN_layer 1_merged_regions_table_cell_id.txt
C57BL6J-1.026,layer 1,layer 1,layer 1,007 L2/3 IT CTX Glut,331 Peri NN,58,33,21,14,"Frontal pole, layer 1,Secondary motor area, layer 1,Prelimbic area, layer 1,Orbital area, lateral part, layer 1,Orbital area, ventrolateral part, layer 1","Frontal pole, layer 1,Orbital area, lateral part, layer 1,Secondary motor area, layer 1,Orbital area, medial part, layer 1,Orbital area, ventrolateral part, layer 1",1.7575757575757576,1.5,regions_1,regions_1,Glut,NonNeuron,58,19,429,334,0.46153846153846156,0.592814371257485,C57BL6J-1.026_007 L2&3 IT CTX Glut_layer 1_merged_regions_table_cell_id.txt,C57BL6J-1.026_331 Peri NN_layer 1_merged_regions_table_cell_id.txt
C57BL6J-1.026,layer 1,layer 1,layer 1,035 OB Eomes Ms4a15 Glut,036 HPF CR Glut,1,2,1,1,"Orbital area, lateral part, layer 1,Secondary motor area, layer 1,Frontal pole, layer 1","Orbital area, medial part, layer 1,Frontal pole, layer 1,Prelimbic area, layer 1",0.5,1.0,regions_1,regions_1,Glut,Glut,1,1,62,63,0.0,0.0,C57BL6J-1.026_035 OB Eomes Ms4a15 Glut_layer 1_merged_regions_table_cell_id.txt,C57BL6J-1.026_036 HPF CR Glut_layer 1_merged_regions_table_cell_id.txt
C57BL6J-1.026,layer 1,layer 1,layer 1,035 OB Eomes Ms4a15 Glut,044 OB Dopa-Gaba,1,2,1,3,"Orbital area, lateral part, layer 1,Secondary motor area, layer 1,Frontal pole, layer 1","Orbital area, lateral part, layer 1,Secondary motor area, layer 1,Frontal pole, layer 1",0.5,0.3333333333333333,regions_1,regions_1,Glut,NonNeuron,1,1,62,62,0.9032258064516129,0.9032258064516129,C57BL6J-1.026_035 OB Eomes Ms4a15 Glut_layer 1_merged_regions_table_cell_id.txt,C57BL6J-1.026_044 OB Dopa-Gaba_layer 1_merged_regions_table_cell_id.txt
C57BL6J-1.026,layer 1,layer 1,layer 1,035 OB Eomes Ms4a15 Glut,046 Vip Gaba,1,2,50,21,"Orbital area, lateral part, layer 1,Secondary motor area, layer 1,Frontal pole, layer 1","Frontal pole, layer 1,Secondary motor area, layer 1,Prelimbic area, layer 1",0.5,2.380952380952381,regions_1,regions_1,Glut,GABA,1,4,62,210,0.0,0.0,C57BL6J-1.026_035 OB Eomes Ms4a15 Glut_layer 1_merged_regions_table_cell_id.txt,C57BL6J-1.026_046 Vip Gaba_layer 1_merged_regions_table_cell_id.txt
C57BL6J-1.026,layer 1,layer 1,layer 1,035 OB Eomes Ms4a15 Glut,047 Sncg Gaba,1,2,51,23,"Orbital area, lateral part, layer 1,Secondary motor area, layer 1,Frontal pole, layer 1","Frontal pole, layer 1,Secondary motor area, layer 1,Prelimbic area, layer 1",0.5,2.217391304347826,regions_1,regions_1,Glut,GABA,1,8,62,224,0.0,0.0,C57BL6J-1.026_035 OB Eomes Ms4a15 Glut_layer 1_merged_regions_table_cell_id.txt,C57BL6J-1.026_047 Sncg Gaba_layer 1_merged_regions_table_cell_id.txt
C57BL6J-1.026,layer 1,layer 1,layer 1,035 OB Eomes Ms4a15 Glut,049 Lamp5 Gaba,1,2,11,13,"Orbital area, lateral part, layer 1,Secondary motor area, layer 1,Frontal pole, layer 1","Frontal pole, layer 1,Orbital area, lateral part, layer 1,Prelimbic area, layer 1,Orbital area, ventrolateral part, layer 1",0.5,0.8461538461538461,regions_1,regions_1,Glut,GABA,1,7,62,135,0.12903225806451613,0.05925925925925926,C57BL6J-1.026_035 OB Eomes Ms4a15 Glut_layer 1_merged_regions_table_cell_id.txt,C57BL6J-1.026_049 Lamp5 Gaba_layer 1_merged_regions_table_cell_id.txt
C57BL6J-1.026,layer 1,layer 1,layer 1,035 OB Eomes Ms4a15 Glut,051 Pvalb chandelier Gaba,1,2,26,22,"Orbital area, lateral part, layer 1,Secondary motor area, layer 1,Frontal pole, layer 1","Frontal pole, layer 1,Prelimbic area, layer 1,Secondary motor area, layer 1,Orbital area, medial part, layer 1,Orbital area, ventrolateral part, layer 1",0.5,1.1818181818181819,regions_1,regions_1,Glut,GABA,1,2,62,230,0.0,0.0,C57BL6J-1.026_035 OB Eomes Ms4a15 Glut_layer 1_merged_regions_table_cell_id.txt,C57BL6J-1.026_051 Pvalb chandelier Gaba_layer 1_merged_regions_table_cell_id.txt
C57BL6J-1.026,layer 1,layer 1,layer 1,035 OB Eomes Ms4a15 Glut,052 Pvalb Gaba,1,2,23,5,"Orbital area, lateral part, layer 1,Secondary motor area, layer 1,Frontal pole, layer 1","Frontal pole, layer 1",0.5,4.6,regions_1,regions_1,Glut,GABA,1,1,62,52,0.0,0.0,C57BL6J-1.026_035 OB Eomes Ms4a15 Glut_layer 1_merged_regions_table_cell_id.txt,C57BL6J-1.026_052 Pvalb Gaba_layer 1_merged_regions_table_cell_id.txt
C57BL6J-1.026,layer 1,layer 1,layer 1,035 OB Eomes Ms4a15 Glut,053 Sst Gaba,1,2,9,16,"Orbital area, lateral part, layer 1,Secondary motor area, layer 1,Frontal pole, layer 1","Frontal pole, layer 1,Orbital area, medial part, layer 1,Prelimbic area, layer 1,Secondary motor area, layer 1,Orbital area, ventrolateral part, layer 1",0.5,0.5625,regions_1,regions_1,Glut,GABA,1,3,62,195,0.0,0.0,C57BL6J-1.026_035 OB Eomes Ms4a15 Glut_layer 1_merged_regions_table_cell_id.txt,C57BL6J-1.026_053 Sst Gaba_layer 1_merged_regions_table_cell_id.txt
C57BL6J-1.026,layer 1,layer 1,layer 1,035 OB Eomes Ms4a15 Glut,319 Astro-TE NN,1,2,19,18,"Orbital area, lateral part, layer 1,Secondary motor area, layer 1,Frontal pole, layer 1","Frontal pole, layer 1,Prelimbic area, layer 1,Orbital area, lateral part, layer 1,Secondary motor area, layer 1,Orbital area, medial part, layer 1,Orbital area, ventrolateral part, layer 1",0.5,1.0555555555555556,regions_1,regions_1,Glut,NonNeuron,1,80,62,233,0.04838709677419355,0.012875536480686695,C57BL6J-1.026_035 OB Eomes Ms4a15 Glut_layer 1_merged_regions_table_cell_id.txt,C57BL6J-1.026_319 Astro-TE NN_layer 1_merged_regions_table_cell_id.txt
C57BL6J-1.026,layer 1,layer 1,layer 1,035 OB Eomes Ms4a15 Glut,319 Astro-TE NN,1,2,0,0,"Orbital area, lateral part, layer 1,Secondary motor area, layer 1,Frontal pole, layer 1","Frontal pole, layer 1,Secondary motor area, layer 1",0.5,,regions_1,regions_2,Glut,NonNeuron,1,26,62,70,0.11290322580645161,0.1,C57BL6J-1.026_035 OB Eomes Ms4a15 Glut_layer 1_merged_regions_table_cell_id.txt,C57BL6J-1.026_319 Astro-TE NN_layer 1_merged_regions_table_cell_id.txt
C57BL6J-1.026,layer 1,layer 1,layer 1,035 OB Eomes Ms4a15 Glut,326 OPC NN,1,2,1,1,"Orbital area, lateral part, layer 1,Secondary motor area, layer 1,Frontal pole, layer 1","Orbital area, medial part, layer 1,Frontal pole, layer 1,Prelimbic area, layer 1",0.5,1.0,regions_1,regions_1,Glut,NonNeuron,1,6,62,42,0.0,0.0,C57BL6J-1.026_035 OB Eomes Ms4a15 Glut_layer 1_merged_regions_table_cell_id.txt,C57BL6J-1.026_326 OPC NN_layer 1_merged_regions_table_cell_id.txt
C57BL6J-1.026,layer 1,layer 1,layer 1,035 OB Eomes Ms4a15 Glut,326 OPC NN,1,2,20,6,"Orbital area, lateral part, layer 1,Secondary motor area, layer 1,Frontal pole, layer 1","Frontal pole, layer 1,Secondary motor area, layer 1",0.5,3.3333333333333335,regions_1,regions_2,Glut,NonNeuron,1,24,62,220,0.12903225806451613,0.03636363636363636,C57BL6J-1.026_035 OB Eomes Ms4a15 Glut_layer 1_merged_regions_table_cell_id.txt,C57BL6J-1.026_326 OPC NN_layer 1_merged_regions_table_cell_id.txt
C57BL6J-1.026,layer 1,layer 1,layer 1,035 OB Eomes Ms4a15 Glut,327 Oligo NN,1,2,5,3,"Orbital area, lateral part, layer 1,Secondary motor area, layer 1,Frontal pole, layer 1","Frontal pole, layer 1,Orbital area, medial part, layer 1,Orbital area, ventrolateral part, layer 1,Prelimbic area, layer 1",0.5,1.6666666666666667,regions_1,regions_1,Glut,NonNeuron,1,5,62,97,0.0,0.0,C57BL6J-1.026_035 OB Eomes Ms4a15 Glut_layer 1_merged_regions_table_cell_id.txt,C57BL6J-1.026_327 Oligo NN_layer 1_merged_regions_table_cell_id.txt
C57BL6J-1.026,layer 1,layer 1,layer 1,035 OB Eomes Ms4a15 Glut,327 Oligo NN,1,2,1,1,"Orbital area, lateral part, layer 1,Secondary motor area, layer 1,Frontal pole, layer 1","Orbital area, lateral part, layer 1,Secondary motor area, layer 1,Frontal pole, layer 1",0.5,1.0,regions_1,regions_2,Glut,NonNeuron,1,4,62,71,0.5161290322580645,0.4507042253521127,C57BL6J-1.026_035 OB Eomes Ms4a15 Glut_layer 1_merged_regions_table_cell_id.txt,C57BL6J-1.026_327 Oligo NN_layer 1_merged_regions_table_cell_id.txt
C57BL6J-1.026,layer 1,layer 1,layer 1,035 OB Eomes Ms4a15 Glut,328 OEC NN,1,2,6,6,"Orbital area, lateral part, layer 1,Secondary motor area, layer 1,Frontal pole, layer 1","Frontal pole, layer 1,Orbital area, lateral part, layer 1,Secondary motor area, layer 1,Orbital area, ventrolateral part, layer 1",0.5,1.0,regions_1,regions_1,Glut,NonNeuron,1,4,62,156,0.9838709677419355,0.391025641025641,C57BL6J-1.026_035 OB Eomes Ms4a15 Glut_layer 1_merged_regions_table_cell_id.txt,C57BL6J-1.026_328 OEC NN_layer 1_merged_regions_table_cell_id.txt
C57BL6J-1.026,layer 1,layer 1,layer 1,035 OB Eomes Ms4a15 Glut,330 VLMC NN,1,2,5,8,"Orbital area, lateral part, layer 1,Secondary motor area, layer 1,Frontal pole, layer 1","Frontal pole, layer 1,Orbital area, medial part, layer 1,Prelimbic area, layer 1",0.5,0.625,regions_1,regions_1,Glut,NonNeuron,1,14,62,119,0.0,0.0,C57BL6J-1.026_035 OB Eomes Ms4a15 Glut_layer 1_merged_regions_table_cell_id.txt,C57BL6J-1.026_330 VLMC NN_layer 1_merged_regions_table_cell_id.txt
C57BL6J-1.026,layer 1,layer 1,layer 1,035 OB Eomes Ms4a15 Glut,330 VLMC NN,1,2,9,6,"Orbital area, lateral part, layer 1,Secondary motor area, layer 1,Frontal pole, layer 1","Frontal pole, layer 1,Orbital area, lateral part, layer 1,Secondary motor area, layer 1,Orbital area, ventrolateral part, layer 1",0.5,1.5,regions_1,regions_2,Glut,NonNeuron,1,12,62,167,0.9838709677419355,0.3652694610778443,C57BL6J-1.026_035 OB Eomes Ms4a15 Glut_layer 1_merged_regions_table_cell_id.txt,C57BL6J-1.026_330 VLMC NN_layer 1_merged_regions_table_cell_id.txt
C57BL6J-1.026,layer 1,layer 1,layer 1,035 OB Eomes Ms4a15 Glut,331 Peri NN,1,2,21,14,"Orbital area, lateral part, layer 1,Secondary motor area, layer 1,Frontal pole, layer 1","Frontal pole, layer 1,Orbital area, lateral part, layer 1,Secondary motor area, layer 1,Orbital area, medial part, layer 1,Orbital area, ventrolateral part, layer 1",0.5,1.5,regions_1,regions_1,Glut,NonNeuron,1,19,62,334,0.8548387096774194,0.15868263473053892,C57BL6J-1.026_035 OB Eomes Ms4a15 Glut_layer 1_merged_regions_table_cell_id.txt,C57BL6J-1.026_331 Peri NN_layer 1_merged_regions_table_cell_id.txt
C57BL6J-1.026,layer 1,layer 1,layer 1,036 HPF CR Glut,044 OB Dopa-Gaba,1,1,1,3,"Orbital area, medial part, layer 1,Frontal pole, layer 1,Prelimbic area, layer 1","Orbital area, lateral part, layer 1,Secondary motor area, layer 1,Frontal pole, layer 1",1.0,0.3333333333333333,regions_1,regions_1,Glut,NonNeuron,1,1,63,62,0.0,0.0,C57BL6J-1.026_036 HPF CR Glut_layer 1_merged_regions_table_cell_id.txt,C57BL6J-1.026_044 OB Dopa-Gaba_layer 1_merged_regions_table_cell_id.txt
C57BL6J-1.026,layer 1,layer 1,layer 1,036 HPF CR Glut,046 Vip Gaba,1,1,50,21,"Orbital area, medial part, layer 1,Frontal pole, layer 1,Prelimbic area, layer 1","Frontal pole, layer 1,Secondary motor area, layer 1,Prelimbic area, layer 1",1.0,2.380952380952381,regions_1,regions_1,Glut,GABA,1,4,63,210,0.0,0.0,C57BL6J-1.026_036 HPF CR Glut_layer 1_merged_regions_table_cell_id.txt,C57BL6J-1.026_046 Vip Gaba_layer 1_merged_regions_table_cell_id.txt
C57BL6J-1.026,layer 1,layer 1,layer 1,036 HPF CR Glut,047 Sncg Gaba,1,1,51,23,"Orbital area, medial part, layer 1,Frontal pole, layer 1,Prelimbic area, layer 1","Frontal pole, layer 1,Secondary motor area, layer 1,Prelimbic area, layer 1",1.0,2.217391304347826,regions_1,regions_1,Glut,GABA,1,8,63,224,0.0,0.0,C57BL6J-1.026_036 HPF CR Glut_layer 1_merged_regions_table_cell_id.txt,C57BL6J-1.026_047 Sncg Gaba_layer 1_merged_regions_table_cell_id.txt
C57BL6J-1.026,layer 1,layer 1,layer 1,036 HPF CR Glut,049 Lamp5 Gaba,1,1,11,13,"Orbital area, medial part, layer 1,Frontal pole, layer 1,Prelimbic area, layer 1","Frontal pole, layer 1,Orbital area, lateral part, layer 1,Prelimbic area, layer 1,Orbital area, ventrolateral part, layer 1",1.0,0.8461538461538461,regions_1,regions_1,Glut,GABA,1,7,63,135,0.1746031746031746,0.08148148148148149,C57BL6J-1.026_036 HPF CR Glut_layer 1_merged_regions_table_cell_id.txt,C57BL6J-1.026_049 Lamp5 Gaba_layer 1_merged_regions_table_cell_id.txt
C57BL6J-1.026,layer 1,layer 1,layer 1,036 HPF CR Glut,051 Pvalb chandelier Gaba,1,1,26,22,"Orbital area, medial part, layer 1,Frontal pole, layer 1,Prelimbic area, layer 1","Frontal pole, layer 1,Prelimbic area, layer 1,Secondary motor area, layer 1,Orbital area, medial part, layer 1,Orbital area, ventrolateral part, layer 1",1.0,1.1818181818181819,regions_1,regions_1,Glut,GABA,1,2,63,230,0.1746031746031746,0.04782608695652174,C57BL6J-1.026_036 HPF CR Glut_layer 1_merged_regions_table_cell_id.txt,C57BL6J-1.026_051 Pvalb chandelier Gaba_layer 1_merged_regions_table_cell_id.txt
C57BL6J-1.026,layer 1,layer 1,layer 1,036 HPF CR Glut,052 Pvalb Gaba,1,1,23,5,"Orbital area, medial part, layer 1,Frontal pole, layer 1,Prelimbic area, layer 1","Frontal pole, layer 1",1.0,4.6,regions_1,regions_1,Glut,GABA,1,1,63,52,0.0,0.0,C57BL6J-1.026_036 HPF CR Glut_layer 1_merged_regions_table_cell_id.txt,C57BL6J-1.026_052 Pvalb Gaba_layer 1_merged_regions_table_cell_id.txt
C57BL6J-1.026,layer 1,layer 1,layer 1,036 HPF CR Glut,053 Sst Gaba,1,1,9,16,"Orbital area, medial part, layer 1,Frontal pole, layer 1,Prelimbic area, layer 1","Frontal pole, layer 1,Orbital area, medial part, layer 1,Prelimbic area, layer 1,Secondary motor area, layer 1,Orbital area, ventrolateral part, layer 1",1.0,0.5625,regions_1,regions_1,Glut,GABA,1,3,63,195,0.9841269841269841,0.31794871794871793,C57BL6J-1.026_036 HPF CR Glut_layer 1_merged_regions_table_cell_id.txt,C57BL6J-1.026_053 Sst Gaba_layer 1_merged_regions_table_cell_id.txt
C57BL6J-1.026,layer 1,layer 1,layer 1,036 HPF CR Glut,319 Astro-TE NN,1,1,19,18,"Orbital area, medial part, layer 1,Frontal pole, layer 1,Prelimbic area, layer 1","Frontal pole, layer 1,Prelimbic area, layer 1,Orbital area, lateral part, layer 1,Secondary motor area, layer 1,Orbital area, medial part, layer 1,Orbital area, ventrolateral part, layer 1",1.0,1.0555555555555556,regions_1,regions_1,Glut,NonNeuron,1,80,63,233,0.3492063492063492,0.0944206008583691,C57BL6J-1.026_036 HPF CR Glut_layer 1_merged_regions_table_cell_id.txt,C57BL6J-1.026_319 Astro-TE NN_layer 1_merged_regions_table_cell_id.txt
C57BL6J-1.026,layer 1,layer 1,layer 1,036 HPF CR Glut,319 Astro-TE NN,1,1,0,0,"Orbital area, medial part, layer 1,Frontal pole, layer 1,Prelimbic area, layer 1","Frontal pole, layer 1,Secondary motor area, layer 1",1.0,,regions_1,regions_2,Glut,NonNeuron,1,26,63,70,0.0,0.0,C57BL6J-1.026_036 HPF CR Glut_layer 1_merged_regions_table_cell_id.txt,C57BL6J-1.026_319 Astro-TE NN_layer 1_merged_regions_table_cell_id.txt
C57BL6J-1.026,layer 1,layer 1,layer 1,036 HPF CR Glut,326 OPC NN,1,1,1,1,"Orbital area, medial part, layer 1,Frontal pole, layer 1,Prelimbic area, layer 1","Orbital area, medial part, layer 1,Frontal pole, layer 1,Prelimbic area, layer 1",1.0,1.0,regions_1,regions_1,Glut,NonNeuron,1,6,63,42,0.6666666666666666,1.0,C57BL6J-1.026_036 HPF CR Glut_layer 1_merged_regions_table_cell_id.txt,C57BL6J-1.026_326 OPC NN_layer 1_merged_regions_table_cell_id.txt
C57BL6J-1.026,layer 1,layer 1,layer 1,036 HPF CR Glut,326 OPC NN,1,1,20,6,"Orbital area, medial part, layer 1,Frontal pole, layer 1,Prelimbic area, layer 1","Frontal pole, layer 1,Secondary motor area, layer 1",1.0,3.3333333333333335,regions_1,regions_2,Glut,NonNeuron,1,24,63,220,0.0,0.0,C57BL6J-1.026_036 HPF CR Glut_layer 1_merged_regions_table_cell_id.txt,C57BL6J-1.026_326 OPC NN_layer 1_merged_regions_table_cell_id.txt
C57BL6J-1.026,layer 1,layer 1,layer 1,036 HPF CR Glut,327 Oligo NN,1,1,5,3,"Orbital area, medial part, layer 1,Frontal pole, layer 1,Prelimbic area, layer 1","Frontal pole, layer 1,Orbital area, medial part, layer 1,Orbital area, ventrolateral part, layer 1,Prelimbic area, layer 1",1.0,1.6666666666666667,regions_1,regions_1,Glut,NonNeuron,1,5,63,97,0.5714285714285714,0.3711340206185567,C57BL6J-1.026_036 HPF CR Glut_layer 1_merged_regions_table_cell_id.txt,C57BL6J-1.026_327 Oligo NN_layer 1_merged_regions_table_cell_id.txt
C57BL6J-1.026,layer 1,layer 1,layer 1,036 HPF CR Glut,327 Oligo NN,1,1,1,1,"Orbital area, medial part, layer 1,Frontal pole, layer 1,Prelimbic area, layer 1","Orbital area, lateral part, layer 1,Secondary motor area, layer 1,Frontal pole, layer 1",1.0,1.0,regions_1,regions_2,Glut,NonNeuron,1,4,63,71,0.0,0.0,C57BL6J-1.026_036 HPF CR Glut_layer 1_merged_regions_table_cell_id.txt,C57BL6J-1.026_327 Oligo NN_layer 1_merged_regions_table_cell_id.txt
C57BL6J-1.026,layer 1,layer 1,layer 1,036 HPF CR Glut,328 OEC NN,1,1,6,6,"Orbital area, medial part, layer 1,Frontal pole, layer 1,Prelimbic area, layer 1","Frontal pole, layer 1,Orbital area, lateral part, layer 1,Secondary motor area, layer 1,Orbital area, ventrolateral part, layer 1",1.0,1.0,regions_1,regions_1,Glut,NonNeuron,1,4,63,156,0.0,0.0,C57BL6J-1.026_036 HPF CR Glut_layer 1_merged_regions_table_cell_id.txt,C57BL6J-1.026_328 OEC NN_layer 1_merged_regions_table_cell_id.txt
C57BL6J-1.026,layer 1,layer 1,layer 1,036 HPF CR Glut,330 VLMC NN,1,1,5,8,"Orbital area, medial part, layer 1,Frontal pole, layer 1,Prelimbic area, layer 1","Frontal pole, layer 1,Orbital area, medial part, layer 1,Prelimbic area, layer 1",1.0,0.625,regions_1,regions_1,Glut,NonNeuron,1,14,63,119,0.7777777777777778,0.4117647058823529,C57BL6J-1.026_036 HPF CR Glut_layer 1_merged_regions_table_cell_id.txt,C57BL6J-1.026_330 VLMC NN_layer 1_merged_regions_table_cell_id.txt
C57BL6J-1.026,layer 1,layer 1,layer 1,036 HPF CR Glut,330 VLMC NN,1,1,9,6,"Orbital area, medial part, layer 1,Frontal pole, layer 1,Prelimbic area, layer 1","Frontal pole, layer 1,Orbital area, lateral part, layer 1,Secondary motor area, layer 1,Orbital area, ventrolateral part, layer 1",1.0,1.5,regions_1,regions_2,Glut,NonNeuron,1,12,63,167,0.0,0.0,C57BL6J-1.026_036 HPF CR Glut_layer 1_merged_regions_table_cell_id.txt,C57BL6J-1.026_330 VLMC NN_layer 1_merged_regions_table_cell_id.txt
C57BL6J-1.026,layer 1,layer 1,layer 1,036 HPF CR Glut,331 Peri NN,1,1,21,14,"Orbital area, medial part, layer 1,Frontal pole, layer 1,Prelimbic area, layer 1","Frontal pole, layer 1,Orbital area, lateral part, layer 1,Secondary motor area, layer 1,Orbital area, medial part, layer 1,Orbital area, ventrolateral part, layer 1",1.0,1.5,regions_1,regions_1,Glut,NonNeuron,1,19,63,334,0.3968253968253968,0.0748502994011976,C57BL6J-1.026_036 HPF CR Glut_layer 1_merged_regions_table_cell_id.txt,C57BL6J-1.026_331 Peri NN_layer 1_merged_regions_table_cell_id.txt
C57BL6J-1.026,layer 1,layer 1,layer 1,044 OB Dopa-Gaba,046 Vip Gaba,1,3,50,21,"Orbital area, lateral part, layer 1,Secondary motor area, layer 1,Frontal pole, layer 1","Frontal pole, layer 1,Secondary motor area, layer 1,Prelimbic area, layer 1",0.3333333333333333,2.380952380952381,regions_1,regions_1,NonNeuron,GABA,1,4,62,210,0.0,0.0,C57BL6J-1.026_044 OB Dopa-Gaba_layer 1_merged_regions_table_cell_id.txt,C57BL6J-1.026_046 Vip Gaba_layer 1_merged_regions_table_cell_id.txt
C57BL6J-1.026,layer 1,layer 1,layer 1,044 OB Dopa-Gaba,047 Sncg Gaba,1,3,51,23,"Orbital area, lateral part, layer 1,Secondary motor area, layer 1,Frontal pole, layer 1","Frontal pole, layer 1,Secondary motor area, layer 1,Prelimbic area, layer 1",0.3333333333333333,2.217391304347826,regions_1,regions_1,NonNeuron,GABA,1,8,62,224,0.0,0.0,C57BL6J-1.026_044 OB Dopa-Gaba_layer 1_merged_regions_table_cell_id.txt,C57BL6J-1.026_047 Sncg Gaba_layer 1_merged_regions_table_cell_id.txt
C57BL6J-1.026,layer 1,layer 1,layer 1,044 OB Dopa-Gaba,049 Lamp5 Gaba,1,3,11,13,"Orbital area, lateral part, layer 1,Secondary motor area, layer 1,Frontal pole, layer 1","Frontal pole, layer 1,Orbital area, lateral part, layer 1,Prelimbic area, layer 1,Orbital area, ventrolateral part, layer 1",0.3333333333333333,0.8461538461538461,regions_1,regions_1,NonNeuron,GABA,1,7,62,135,0.1774193548387097,0.08148148148148149,C57BL6J-1.026_044 OB Dopa-Gaba_layer 1_merged_regions_table_cell_id.txt,C57BL6J-1.026_049 Lamp5 Gaba_layer 1_merged_regions_table_cell_id.txt
C57BL6J-1.026,layer 1,layer 1,layer 1,044 OB Dopa-Gaba,051 Pvalb chandelier Gaba,1,3,26,22,"Orbital area, lateral part, layer 1,Secondary motor area, layer 1,Frontal pole, layer 1","Frontal pole, layer 1,Prelimbic area, layer 1,Secondary motor area, layer 1,Orbital area, medial part, layer 1,Orbital area, ventrolateral part, layer 1",0.3333333333333333,1.1818181818181819,regions_1,regions_1,NonNeuron,GABA,1,2,62,230,0.0,0.0,C57BL6J-1.026_044 OB Dopa-Gaba_layer 1_merged_regions_table_cell_id.txt,C57BL6J-1.026_051 Pvalb chandelier Gaba_layer 1_merged_regions_table_cell_id.txt
C57BL6J-1.026,layer 1,layer 1,layer 1,044 OB Dopa-Gaba,052 Pvalb Gaba,1,3,23,5,"Orbital area, lateral part, layer 1,Secondary motor area, layer 1,Frontal pole, layer 1","Frontal pole, layer 1",0.3333333333333333,4.6,regions_1,regions_1,NonNeuron,GABA,1,1,62,52,0.03225806451612903,0.038461538461538464,C57BL6J-1.026_044 OB Dopa-Gaba_layer 1_merged_regions_table_cell_id.txt,C57BL6J-1.026_052 Pvalb Gaba_layer 1_merged_regions_table_cell_id.txt
C57BL6J-1.026,layer 1,layer 1,layer 1,044 OB Dopa-Gaba,053 Sst Gaba,1,3,9,16,"Orbital area, lateral part, layer 1,Secondary motor area, layer 1,Frontal pole, layer 1","Frontal pole, layer 1,Orbital area, medial part, layer 1,Prelimbic area, layer 1,Secondary motor area, layer 1,Orbital area, ventrolateral part, layer 1",0.3333333333333333,0.5625,regions_1,regions_1,NonNeuron,GABA,1,3,62,195,0.0,0.0,C57BL6J-1.026_044 OB Dopa-Gaba_layer 1_merged_regions_table_cell_id.txt,C57BL6J-1.026_053 Sst Gaba_layer 1_merged_regions_table_cell_id.txt
C57BL6J-1.026,layer 1,layer 1,layer 1,044 OB Dopa-Gaba,319 Astro-TE NN,1,3,19,18,"Orbital area, lateral part, layer 1,Secondary motor area, layer 1,Frontal pole, layer 1","Frontal pole, layer 1,Prelimbic area, layer 1,Orbital area, lateral part, layer 1,Secondary motor area, layer 1,Orbital area, medial part, layer 1,Orbital area, ventrolateral part, layer 1",0.3333333333333333,1.0555555555555556,regions_1,regions_1,NonNeuron,NonNeuron,1,80,62,233,0.06451612903225806,0.017167381974248927,C57BL6J-1.026_044 OB Dopa-Gaba_layer 1_merged_regions_table_cell_id.txt,C57BL6J-1.026_319 Astro-TE NN_layer 1_merged_regions_table_cell_id.txt
C57BL6J-1.026,layer 1,layer 1,layer 1,044 OB Dopa-Gaba,319 Astro-TE NN,1,3,0,0,"Orbital area, lateral part, layer 1,Secondary motor area, layer 1,Frontal pole, layer 1","Frontal pole, layer 1,Secondary motor area, layer 1",0.3333333333333333,,regions_1,regions_2,NonNeuron,NonNeuron,1,26,62,70,0.03225806451612903,0.02857142857142857,C57BL6J-1.026_044 OB Dopa-Gaba_layer 1_merged_regions_table_cell_id.txt,C57BL6J-1.026_319 Astro-TE NN_layer 1_merged_regions_table_cell_id.txt
C57BL6J-1.026,layer 1,layer 1,layer 1,044 OB Dopa-Gaba,326 OPC NN,1,3,1,1,"Orbital area, lateral part, layer 1,Secondary motor area, layer 1,Frontal pole, layer 1","Orbital area, medial part, layer 1,Frontal pole, layer 1,Prelimbic area, layer 1",0.3333333333333333,1.0,regions_1,regions_1,NonNeuron,NonNeuron,1,6,62,42,0.0,0.0,C57BL6J-1.026_044 OB Dopa-Gaba_layer 1_merged_regions_table_cell_id.txt,C57BL6J-1.026_326 OPC NN_layer 1_merged_regions_table_cell_id.txt
C57BL6J-1.026,layer 1,layer 1,layer 1,044 OB Dopa-Gaba,326 OPC NN,1,3,20,6,"Orbital area, lateral part, layer 1,Secondary motor area, layer 1,Frontal pole, layer 1","Frontal pole, layer 1,Secondary motor area, layer 1",0.3333333333333333,3.3333333333333335,regions_1,regions_2,NonNeuron,NonNeuron,1,24,62,220,0.06451612903225806,0.01818181818181818,C57BL6J-1.026_044 OB Dopa-Gaba_layer 1_merged_regions_table_cell_id.txt,C57BL6J-1.026_326 OPC NN_layer 1_merged_regions_table_cell_id.txt
C57BL6J-1.026,layer 1,layer 1,layer 1,044 OB Dopa-Gaba,327 Oligo NN,1,3,5,3,"Orbital area, lateral part, layer 1,Secondary motor area, layer 1,Frontal pole, layer 1","Frontal pole, layer 1,Orbital area, medial part, layer 1,Orbital area, ventrolateral part, layer 1,Prelimbic area, layer 1",0.3333333333333333,1.6666666666666667,regions_1,regions_1,NonNeuron,NonNeuron,1,5,62,97,0.0,0.0,C57BL6J-1.026_044 OB Dopa-Gaba_layer 1_merged_regions_table_cell_id.txt,C57BL6J-1.026_327 Oligo NN_layer 1_merged_regions_table_cell_id.txt
C57BL6J-1.026,layer 1,layer 1,layer 1,044 OB Dopa-Gaba,327 Oligo NN,1,3,1,1,"Orbital area, lateral part, layer 1,Secondary motor area, layer 1,Frontal pole, layer 1","Orbital area, lateral part, layer 1,Secondary motor area, layer 1,Frontal pole, layer 1",0.3333333333333333,1.0,regions_1,regions_2,NonNeuron,NonNeuron,1,4,62,71,0.41935483870967744,0.36619718309859156,C57BL6J-1.026_044 OB Dopa-Gaba_layer 1_merged_regions_table_cell_id.txt,C57BL6J-1.026_327 Oligo NN_layer 1_merged_regions_table_cell_id.txt
C57BL6J-1.026,layer 1,layer 1,layer 1,044 OB Dopa-Gaba,328 OEC NN,1,3,6,6,"Orbital area, lateral part, layer 1,Secondary motor area, layer 1,Frontal pole, layer 1","Frontal pole, layer 1,Orbital area, lateral part, layer 1,Secondary motor area, layer 1,Orbital area, ventrolateral part, layer 1",0.3333333333333333,1.0,regions_1,regions_1,NonNeuron,NonNeuron,1,4,62,156,1.0,0.3974358974358974,C57BL6J-1.026_044 OB Dopa-Gaba_layer 1_merged_regions_table_cell_id.txt,C57BL6J-1.026_328 OEC NN_layer 1_merged_regions_table_cell_id.txt
C57BL6J-1.026,layer 1,layer 1,layer 1,044 OB Dopa-Gaba,330 VLMC NN,1,3,5,8,"Orbital area, lateral part, layer 1,Secondary motor area, layer 1,Frontal pole, layer 1","Frontal pole, layer 1,Orbital area, medial part, layer 1,Prelimbic area, layer 1",0.3333333333333333,0.625,regions_1,regions_1,NonNeuron,NonNeuron,1,14,62,119,0.0,0.0,C57BL6J-1.026_044 OB Dopa-Gaba_layer 1_merged_regions_table_cell_id.txt,C57BL6J-1.026_330 VLMC NN_layer 1_merged_regions_table_cell_id.txt
C57BL6J-1.026,layer 1,layer 1,layer 1,044 OB Dopa-Gaba,330 VLMC NN,1,3,9,6,"Orbital area, lateral part, layer 1,Secondary motor area, layer 1,Frontal pole, layer 1","Frontal pole, layer 1,Orbital area, lateral part, layer 1,Secondary motor area, layer 1,Orbital area, ventrolateral part, layer 1",0.3333333333333333,1.5,regions_1,regions_2,NonNeuron,NonNeuron,1,12,62,167,1.0,0.3712574850299401,C57BL6J-1.026_044 OB Dopa-Gaba_layer 1_merged_regions_table_cell_id.txt,C57BL6J-1.026_330 VLMC NN_layer 1_merged_regions_table_cell_id.txt
C57BL6J-1.026,layer 1,layer 1,layer 1,044 OB Dopa-Gaba,331 Peri NN,1,3,21,14,"Orbital area, lateral part, layer 1,Secondary motor area, layer 1,Frontal pole, layer 1","Frontal pole, layer 1,Orbital area, lateral part, layer 1,Secondary motor area, layer 1,Orbital area, medial part, layer 1,Orbital area, ventrolateral part, layer 1",0.3333333333333333,1.5,regions_1,regions_1,NonNeuron,NonNeuron,1,19,62,334,0.8548387096774194,0.15868263473053892,C57BL6J-1.026_044 OB Dopa-Gaba_layer 1_merged_regions_table_cell_id.txt,C57BL6J-1.026_331 Peri NN_layer 1_merged_regions_table_cell_id.txt
C57BL6J-1.026,layer 1,layer 1,layer 1,046 Vip Gaba,047 Sncg Gaba,50,21,51,23,"Frontal pole, layer 1,Secondary motor area, layer 1,Prelimbic area, layer 1","Frontal pole, layer 1,Secondary motor area, layer 1,Prelimbic area, layer 1",2.380952380952381,2.217391304347826,regions_1,regions_1,GABA,GABA,4,8,210,224,0.6190476190476191,0.5803571428571429,C57BL6J-1.026_046 Vip Gaba_layer 1_merged_regions_table_cell_id.txt,C57BL6J-1.026_047 Sncg Gaba_layer 1_merged_regions_table_cell_id.txt
C57BL6J-1.026,layer 1,layer 1,layer 1,046 Vip Gaba,049 Lamp5 Gaba,50,21,11,13,"Frontal pole, layer 1,Secondary motor area, layer 1,Prelimbic area, layer 1","Frontal pole, layer 1,Orbital area, lateral part, layer 1,Prelimbic area, layer 1,Orbital area, ventrolateral part, layer 1",2.380952380952381,0.8461538461538461,regions_1,regions_1,GABA,GABA,4,7,210,135,0.10952380952380952,0.17037037037037037,C57BL6J-1.026_046 Vip Gaba_layer 1_merged_regions_table_cell_id.txt,C57BL6J-1.026_049 Lamp5 Gaba_layer 1_merged_regions_table_cell_id.txt
C57BL6J-1.026,layer 1,layer 1,layer 1,046 Vip Gaba,051 Pvalb chandelier Gaba,50,21,26,22,"Frontal pole, layer 1,Secondary motor area, layer 1,Prelimbic area, layer 1","Frontal pole, layer 1,Prelimbic area, layer 1,Secondary motor area, layer 1,Orbital area, medial part, layer 1,Orbital area, ventrolateral part, layer 1",2.380952380952381,1.1818181818181819,regions_1,regions_1,GABA,GABA,4,2,210,230,0.5571428571428572,0.508695652173913,C57BL6J-1.026_046 Vip Gaba_layer 1_merged_regions_table_cell_id.txt,C57BL6J-1.026_051 Pvalb chandelier Gaba_layer 1_merged_regions_table_cell_id.txt
C57BL6J-1.026,layer 1,layer 1,layer 1,046 Vip Gaba,052 Pvalb Gaba,50,21,23,5,"Frontal pole, layer 1,Secondary motor area, layer 1,Prelimbic area, layer 1","Frontal pole, layer 1",2.380952380952381,4.6,regions_1,regions_1,GABA,GABA,4,1,210,52,0.1619047619047619,0.6538461538461539,C57BL6J-1.026_046 Vip Gaba_layer 1_merged_regions_table_cell_id.txt,C57BL6J-1.026_052 Pvalb Gaba_layer 1_merged_regions_table_cell_id.txt
C57BL6J-1.026,layer 1,layer 1,layer 1,046 Vip Gaba,053 Sst Gaba,50,21,9,16,"Frontal pole, layer 1,Secondary motor area, layer 1,Prelimbic area, layer 1","Frontal pole, layer 1,Orbital area, medial part, layer 1,Prelimbic area, layer 1,Secondary motor area, layer 1,Orbital area, ventrolateral part, layer 1",2.380952380952381,0.5625,regions_1,regions_1,GABA,GABA,4,3,210,195,0.1523809523809524,0.1641025641025641,C57BL6J-1.026_046 Vip Gaba_layer 1_merged_regions_table_cell_id.txt,C57BL6J-1.026_053 Sst Gaba_layer 1_merged_regions_table_cell_id.txt
C57BL6J-1.026,layer 1,layer 1,layer 1,046 Vip Gaba,319 Astro-TE NN,50,21,19,18,"Frontal pole, layer 1,Secondary motor area, layer 1,Prelimbic area, layer 1","Frontal pole, layer 1,Prelimbic area, layer 1,Orbital area, lateral part, layer 1,Secondary motor area, layer 1,Orbital area, medial part, layer 1,Orbital area, ventrolateral part, layer 1",2.380952380952381,1.0555555555555556,regions_1,regions_1,GABA,NonNeuron,4,80,210,233,0.4,0.3605150214592275,C57BL6J-1.026_046 Vip Gaba_layer 1_merged_regions_table_cell_id.txt,C57BL6J-1.026_319 Astro-TE NN_layer 1_merged_regions_table_cell_id.txt
C57BL6J-1.026,layer 1,layer 1,layer 1,046 Vip Gaba,319 Astro-TE NN,50,21,0,0,"Frontal pole, layer 1,Secondary motor area, layer 1,Prelimbic area, layer 1","Frontal pole, layer 1,Secondary motor area, layer 1",2.380952380952381,,regions_1,regions_2,GABA,NonNeuron,4,26,210,70,0.0,0.0,C57BL6J-1.026_046 Vip Gaba_layer 1_merged_regions_table_cell_id.txt,C57BL6J-1.026_319 Astro-TE NN_layer 1_merged_regions_table_cell_id.txt
C57BL6J-1.026,layer 1,layer 1,layer 1,046 Vip Gaba,326 OPC NN,50,21,1,1,"Frontal pole, layer 1,Secondary motor area, layer 1,Prelimbic area, layer 1","Orbital area, medial part, layer 1,Frontal pole, layer 1,Prelimbic area, layer 1",2.380952380952381,1.0,regions_1,regions_1,GABA,NonNeuron,4,6,210,42,0.0,0.0,C57BL6J-1.026_046 Vip Gaba_layer 1_merged_regions_table_cell_id.txt,C57BL6J-1.026_326 OPC NN_layer 1_merged_regions_table_cell_id.txt
C57BL6J-1.026,layer 1,layer 1,layer 1,046 Vip Gaba,326 OPC NN,50,21,20,6,"Frontal pole, layer 1,Secondary motor area, layer 1,Prelimbic area, layer 1","Frontal pole, layer 1,Secondary motor area, layer 1",2.380952380952381,3.3333333333333335,regions_1,regions_2,GABA,NonNeuron,4,24,210,220,0.1619047619047619,0.15454545454545454,C57BL6J-1.026_046 Vip Gaba_layer 1_merged_regions_table_cell_id.txt,C57BL6J-1.026_326 OPC NN_layer 1_merged_regions_table_cell_id.txt
C57BL6J-1.026,layer 1,layer 1,layer 1,046 Vip Gaba,327 Oligo NN,50,21,5,3,"Frontal pole, layer 1,Secondary motor area, layer 1,Prelimbic area, layer 1","Frontal pole, layer 1,Orbital area, medial part, layer 1,Orbital area, ventrolateral part, layer 1,Prelimbic area, layer 1",2.380952380952381,1.6666666666666667,regions_1,regions_1,GABA,NonNeuron,4,5,210,97,0.01904761904761905,0.041237113402061855,C57BL6J-1.026_046 Vip Gaba_layer 1_merged_regions_table_cell_id.txt,C57BL6J-1.026_327 Oligo NN_layer 1_merged_regions_table_cell_id.txt
C57BL6J-1.026,layer 1,layer 1,layer 1,046 Vip Gaba,327 Oligo NN,50,21,1,1,"Frontal pole, layer 1,Secondary motor area, layer 1,Prelimbic area, layer 1","Orbital area, lateral part, layer 1,Secondary motor area, layer 1,Frontal pole, layer 1",2.380952380952381,1.0,regions_1,regions_2,GABA,NonNeuron,4,4,210,71,0.0,0.0,C57BL6J-1.026_046 Vip Gaba_layer 1_merged_regions_table_cell_id.txt,C57BL6J-1.026_327 Oligo NN_layer 1_merged_regions_table_cell_id.txt
C57BL6J-1.026,layer 1,layer 1,layer 1,046 Vip Gaba,328 OEC NN,50,21,6,6,"Frontal pole, layer 1,Secondary motor area, layer 1,Prelimbic area, layer 1","Frontal pole, layer 1,Orbital area, lateral part, layer 1,Secondary motor area, layer 1,Orbital area, ventrolateral part, layer 1",2.380952380952381,1.0,regions_1,regions_1,GABA,NonNeuron,4,4,210,156,0.0380952380952381,0.05128205128205128,C57BL6J-1.026_046 Vip Gaba_layer 1_merged_regions_table_cell_id.txt,C57BL6J-1.026_328 OEC NN_layer 1_merged_regions_table_cell_id.txt
C57BL6J-1.026,layer 1,layer 1,layer 1,046 Vip Gaba,330 VLMC NN,50,21,5,8,"Frontal pole, layer 1,Secondary motor area, layer 1,Prelimbic area, layer 1","Frontal pole, layer 1,Orbital area, medial part, layer 1,Prelimbic area, layer 1",2.380952380952381,0.625,regions_1,regions_1,GABA,NonNeuron,4,14,210,119,0.01904761904761905,0.03361344537815126,C57BL6J-1.026_046 Vip Gaba_layer 1_merged_regions_table_cell_id.txt,C57BL6J-1.026_330 VLMC NN_layer 1_merged_regions_table_cell_id.txt
C57BL6J-1.026,layer 1,layer 1,layer 1,046 Vip Gaba,330 VLMC NN,50,21,9,6,"Frontal pole, layer 1,Secondary motor area, layer 1,Prelimbic area, layer 1","Frontal pole, layer 1,Orbital area, lateral part, layer 1,Secondary motor area, layer 1,Orbital area, ventrolateral part, layer 1",2.380952380952381,1.5,regions_1,regions_2,GABA,NonNeuron,4,12,210,167,0.05238095238095238,0.0658682634730539,C57BL6J-1.026_046 Vip Gaba_layer 1_merged_regions_table_cell_id.txt,C57BL6J-1.026_330 VLMC NN_layer 1_merged_regions_table_cell_id.txt
C57BL6J-1.026,layer 1,layer 1,layer 1,046 Vip Gaba,331 Peri NN,50,21,21,14,"Frontal pole, layer 1,Secondary motor area, layer 1,Prelimbic area, layer 1","Frontal pole, layer 1,Orbital area, lateral part, layer 1,Secondary motor area, layer 1,Orbital area, medial part, layer 1,Orbital area, ventrolateral part, layer 1",2.380952380952381,1.5,regions_1,regions_1,GABA,NonNeuron,4,19,210,334,0.10952380952380952,0.0688622754491018,C57BL6J-1.026_046 Vip Gaba_layer 1_merged_regions_table_cell_id.txt,C57BL6J-1.026_331 Peri NN_layer 1_merged_regions_table_cell_id.txt
C57BL6J-1.026,layer 1,layer 1,layer 1,047 Sncg Gaba,049 Lamp5 Gaba,51,23,11,13,"Frontal pole, layer 1,Secondary motor area, layer 1,Prelimbic area, layer 1","Frontal pole, layer 1,Orbital area, lateral part, layer 1,Prelimbic area, layer 1,Orbital area, ventrolateral part, layer 1",2.217391304347826,0.8461538461538461,regions_1,regions_1,GABA,GABA,8,7,224,135,0.21428571428571427,0.35555555555555557,C57BL6J-1.026_047 Sncg Gaba_layer 1_merged_regions_table_cell_id.txt,C57BL6J-1.026_049 Lamp5 Gaba_layer 1_merged_regions_table_cell_id.txt
C57BL6J-1.026,layer 1,layer 1,layer 1,047 Sncg Gaba,051 Pvalb chandelier Gaba,51,23,26,22,"Frontal pole, layer 1,Secondary motor area, layer 1,Prelimbic area, layer 1","Frontal pole, layer 1,Prelimbic area, layer 1,Secondary motor area, layer 1,Orbital area, medial part, layer 1,Orbital area, ventrolateral part, layer 1",2.217391304347826,1.1818181818181819,regions_1,regions_1,GABA,GABA,8,2,224,230,0.47767857142857145,0.4652173913043478,C57BL6J-1.026_047 Sncg Gaba_layer 1_merged_regions_table_cell_id.txt,C57BL6J-1.026_051 Pvalb chandelier Gaba_layer 1_merged_regions_table_cell_id.txt
C57BL6J-1.026,layer 1,layer 1,layer 1,047 Sncg Gaba,052 Pvalb Gaba,51,23,23,5,"Frontal pole, layer 1,Secondary motor area, layer 1,Prelimbic area, layer 1","Frontal pole, layer 1",2.217391304347826,4.6,regions_1,regions_1,GABA,GABA,8,1,224,52,0.16071428571428573,0.6923076923076923,C57BL6J-1.026_047 Sncg Gaba_layer 1_merged_regions_table_cell_id.txt,C57BL6J-1.026_052 Pvalb Gaba_layer 1_merged_regions_table_cell_id.txt
C57BL6J-1.026,layer 1,layer 1,layer 1,047 Sncg Gaba,053 Sst Gaba,51,23,9,16,"Frontal pole, layer 1,Secondary motor area, layer 1,Prelimbic area, layer 1","Frontal pole, layer 1,Orbital area, medial part, layer 1,Prelimbic area, layer 1,Secondary motor area, layer 1,Orbital area, ventrolateral part, layer 1",2.217391304347826,0.5625,regions_1,regions_1,GABA,GABA,8,3,224,195,0.29464285714285715,0.3384615384615385,C57BL6J-1.026_047 Sncg Gaba_layer 1_merged_regions_table_cell_id.txt,C57BL6J-1.026_053 Sst Gaba_layer 1_merged_regions_table_cell_id.txt
C57BL6J-1.026,layer 1,layer 1,layer 1,047 Sncg Gaba,319 Astro-TE NN,51,23,19,18,"Frontal pole, layer 1,Secondary motor area, layer 1,Prelimbic area, layer 1","Frontal pole, layer 1,Prelimbic area, layer 1,Orbital area, lateral part, layer 1,Secondary motor area, layer 1,Orbital area, medial part, layer 1,Orbital area, ventrolateral part, layer 1",2.217391304347826,1.0555555555555556,regions_1,regions_1,GABA,NonNeuron,8,80,224,233,0.48660714285714285,0.4678111587982833,C57BL6J-1.026_047 Sncg Gaba_layer 1_merged_regions_table_cell_id.txt,C57BL6J-1.026_319 Astro-TE NN_layer 1_merged_regions_table_cell_id.txt
C57BL6J-1.026,layer 1,layer 1,layer 1,047 Sncg Gaba,319 Astro-TE NN,51,23,0,0,"Frontal pole, layer 1,Secondary motor area, layer 1,Prelimbic area, layer 1","Frontal pole, layer 1,Secondary motor area, layer 1",2.217391304347826,,regions_1,regions_2,GABA,NonNeuron,8,26,224,70,0.008928571428571428,0.02857142857142857,C57BL6J-1.026_047 Sncg Gaba_layer 1_merged_regions_table_cell_id.txt,C57BL6J-1.026_319 Astro-TE NN_layer 1_merged_regions_table_cell_id.txt
C57BL6J-1.026,layer 1,layer 1,layer 1,047 Sncg Gaba,326 OPC NN,51,23,1,1,"Frontal pole, layer 1,Secondary motor area, layer 1,Prelimbic area, layer 1","Orbital area, medial part, layer 1,Frontal pole, layer 1,Prelimbic area, layer 1",2.217391304347826,1.0,regions_1,regions_1,GABA,NonNeuron,8,6,224,42,0.0,0.0,C57BL6J-1.026_047 Sncg Gaba_layer 1_merged_regions_table_cell_id.txt,C57BL6J-1.026_326 OPC NN_layer 1_merged_regions_table_cell_id.txt
C57BL6J-1.026,layer 1,layer 1,layer 1,047 Sncg Gaba,326 OPC NN,51,23,20,6,"Frontal pole, layer 1,Secondary motor area, layer 1,Prelimbic area, layer 1","Frontal pole, layer 1,Secondary motor area, layer 1",2.217391304347826,3.3333333333333335,regions_1,regions_2,GABA,NonNeuron,8,24,224,220,0.3392857142857143,0.34545454545454546,C57BL6J-1.026_047 Sncg Gaba_layer 1_merged_regions_table_cell_id.txt,C57BL6J-1.026_326 OPC NN_layer 1_merged_regions_table_cell_id.txt
C57BL6J-1.026,layer 1,layer 1,layer 1,047 Sncg Gaba,327 Oligo NN,51,23,5,3,"Frontal pole, layer 1,Secondary motor area, layer 1,Prelimbic area, layer 1","Frontal pole, layer 1,Orbital area, medial part, layer 1,Orbital area, ventrolateral part, layer 1,Prelimbic area, layer 1",2.217391304347826,1.6666666666666667,regions_1,regions_1,GABA,NonNeuron,8,5,224,97,0.049107142857142856,0.1134020618556701,C57BL6J-1.026_047 Sncg Gaba_layer 1_merged_regions_table_cell_id.txt,C57BL6J-1.026_327 Oligo NN_layer 1_merged_regions_table_cell_id.txt
C57BL6J-1.026,layer 1,layer 1,layer 1,047 Sncg Gaba,327 Oligo NN,51,23,1,1,"Frontal pole, layer 1,Secondary motor area, layer 1,Prelimbic area, layer 1","Orbital area, lateral part, layer 1,Secondary motor area, layer 1,Frontal pole, layer 1",2.217391304347826,1.0,regions_1,regions_2,GABA,NonNeuron,8,4,224,71,0.0,0.0,C57BL6J-1.026_047 Sncg Gaba_layer 1_merged_regions_table_cell_id.txt,C57BL6J-1.026_327 Oligo NN_layer 1_merged_regions_table_cell_id.txt
C57BL6J-1.026,layer 1,layer 1,layer 1,047 Sncg Gaba,328 OEC NN,51,23,6,6,"Frontal pole, layer 1,Secondary motor area, layer 1,Prelimbic area, layer 1","Frontal pole, layer 1,Orbital area, lateral part, layer 1,Secondary motor area, layer 1,Orbital area, ventrolateral part, layer 1",2.217391304347826,1.0,regions_1,regions_1,GABA,NonNeuron,8,4,224,156,0.08928571428571429,0.1282051282051282,C57BL6J-1.026_047 Sncg Gaba_layer 1_merged_regions_table_cell_id.txt,C57BL6J-1.026_328 OEC NN_layer 1_merged_regions_table_cell_id.txt
C57BL6J-1.026,layer 1,layer 1,layer 1,047 Sncg Gaba,330 VLMC NN,51,23,5,8,"Frontal pole, layer 1,Secondary motor area, layer 1,Prelimbic area, layer 1","Frontal pole, layer 1,Orbital area, medial part, layer 1,Prelimbic area, layer 1",2.217391304347826,0.625,regions_1,regions_1,GABA,NonNeuron,8,14,224,119,0.16071428571428573,0.3025210084033613,C57BL6J-1.026_047 Sncg Gaba_layer 1_merged_regions_table_cell_id.txt,C57BL6J-1.026_330 VLMC NN_layer 1_merged_regions_table_cell_id.txt
C57BL6J-1.026,layer 1,layer 1,layer 1,047 Sncg Gaba,330 VLMC NN,51,23,9,6,"Frontal pole, layer 1,Secondary motor area, layer 1,Prelimbic area, layer 1","Frontal pole, layer 1,Orbital area, lateral part, layer 1,Secondary motor area, layer 1,Orbital area, ventrolateral part, layer 1",2.217391304347826,1.5,regions_1,regions_2,GABA,NonNeuron,8,12,224,167,0.10267857142857142,0.1377245508982036,C57BL6J-1.026_047 Sncg Gaba_layer 1_merged_regions_table_cell_id.txt,C57BL6J-1.026_330 VLMC NN_layer 1_merged_regions_table_cell_id.txt
C57BL6J-1.026,layer 1,layer 1,layer 1,047 Sncg Gaba,331 Peri NN,51,23,21,14,"Frontal pole, layer 1,Secondary motor area, layer 1,Prelimbic area, layer 1","Frontal pole, layer 1,Orbital area, lateral part, layer 1,Secondary motor area, layer 1,Orbital area, medial part, layer 1,Orbital area, ventrolateral part, layer 1",2.217391304347826,1.5,regions_1,regions_1,GABA,NonNeuron,8,19,224,334,0.36160714285714285,0.24251497005988024,C57BL6J-1.026_047 Sncg Gaba_layer 1_merged_regions_table_cell_id.txt,C57BL6J-1.026_331 Peri NN_layer 1_merged_regions_table_cell_id.txt
C57BL6J-1.026,layer 1,layer 1,layer 1,049 Lamp5 Gaba,051 Pvalb chandelier Gaba,11,13,26,22,"Frontal pole, layer 1,Orbital area, lateral part, layer 1,Prelimbic area, layer 1,Orbital area, ventrolateral part, layer 1","Frontal pole, layer 1,Prelimbic area, layer 1,Secondary motor area, layer 1,Orbital area, medial part, layer 1,Orbital area, ventrolateral part, layer 1",0.8461538461538461,1.1818181818181819,regions_1,regions_1,GABA,GABA,7,2,135,230,0.725925925925926,0.4260869565217391,C57BL6J-1.026_049 Lamp5 Gaba_layer 1_merged_regions_table_cell_id.txt,C57BL6J-1.026_051 Pvalb chandelier Gaba_layer 1_merged_regions_table_cell_id.txt
C57BL6J-1.026,layer 1,layer 1,layer 1,049 Lamp5 Gaba,052 Pvalb Gaba,11,13,23,5,"Frontal pole, layer 1,Orbital area, lateral part, layer 1,Prelimbic area, layer 1,Orbital area, ventrolateral part, layer 1","Frontal pole, layer 1",0.8461538461538461,4.6,regions_1,regions_1,GABA,GABA,7,1,135,52,0.06666666666666667,0.17307692307692307,C57BL6J-1.026_049 Lamp5 Gaba_layer 1_merged_regions_table_cell_id.txt,C57BL6J-1.026_052 Pvalb Gaba_layer 1_merged_regions_table_cell_id.txt
C57BL6J-1.026,layer 1,layer 1,layer 1,049 Lamp5 Gaba,053 Sst Gaba,11,13,9,16,"Frontal pole, layer 1,Orbital area, lateral part, layer 1,Prelimbic area, layer 1,Orbital area, ventrolateral part, layer 1","Frontal pole, layer 1,Orbital area, medial part, layer 1,Prelimbic area, layer 1,Secondary motor area, layer 1,Orbital area, ventrolateral part, layer 1",0.8461538461538461,0.5625,regions_1,regions_1,GABA,GABA,7,3,135,195,0.7481481481481481,0.517948717948718,C57BL6J-1.026_049 Lamp5 Gaba_layer 1_merged_regions_table_cell_id.txt,C57BL6J-1.026_053 Sst Gaba_layer 1_merged_regions_table_cell_id.txt
C57BL6J-1.026,layer 1,layer 1,layer 1,049 Lamp5 Gaba,319 Astro-TE NN,11,13,19,18,"Frontal pole, layer 1,Orbital area, lateral part, layer 1,Prelimbic area, layer 1,Orbital area, ventrolateral part, layer 1","Frontal pole, layer 1,Prelimbic area, layer 1,Orbital area, lateral part, layer 1,Secondary motor area, layer 1,Orbital area, medial part, layer 1,Orbital area, ventrolateral part, layer 1",0.8461538461538461,1.0555555555555556,regions_1,regions_1,GABA,NonNeuron,7,80,135,233,0.8962962962962963,0.51931330472103,C57BL6J-1.026_049 Lamp5 Gaba_layer 1_merged_regions_table_cell_id.txt,C57BL6J-1.026_319 Astro-TE NN_layer 1_merged_regions_table_cell_id.txt
C57BL6J-1.026,layer 1,layer 1,layer 1,049 Lamp5 Gaba,319 Astro-TE NN,11,13,0,0,"Frontal pole, layer 1,Orbital area, lateral part, layer 1,Prelimbic area, layer 1,Orbital area, ventrolateral part, layer 1","Frontal pole, layer 1,Secondary motor area, layer 1",0.8461538461538461,,regions_1,regions_2,GABA,NonNeuron,7,26,135,70,0.0,0.0,C57BL6J-1.026_049 Lamp5 Gaba_layer 1_merged_regions_table_cell_id.txt,C57BL6J-1.026_319 Astro-TE NN_layer 1_merged_regions_table_cell_id.txt
C57BL6J-1.026,layer 1,layer 1,layer 1,049 Lamp5 Gaba,326 OPC NN,11,13,1,1,"Frontal pole, layer 1,Orbital area, lateral part, layer 1,Prelimbic area, layer 1,Orbital area, ventrolateral part, layer 1","Orbital area, medial part, layer 1,Frontal pole, layer 1,Prelimbic area, layer 1",0.8461538461538461,1.0,regions_1,regions_1,GABA,NonNeuron,7,6,135,42,0.0,0.0,C57BL6J-1.026_049 Lamp5 Gaba_layer 1_merged_regions_table_cell_id.txt,C57BL6J-1.026_326 OPC NN_layer 1_merged_regions_table_cell_id.txt
C57BL6J-1.026,layer 1,layer 1,layer 1,049 Lamp5 Gaba,326 OPC NN,11,13,20,6,"Frontal pole, layer 1,Orbital area, lateral part, layer 1,Prelimbic area, layer 1,Orbital area, ventrolateral part, layer 1","Frontal pole, layer 1,Secondary motor area, layer 1",0.8461538461538461,3.3333333333333335,regions_1,regions_2,GABA,NonNeuron,7,24,135,220,0.014814814814814815,0.00909090909090909,C57BL6J-1.026_049 Lamp5 Gaba_layer 1_merged_regions_table_cell_id.txt,C57BL6J-1.026_326 OPC NN_layer 1_merged_regions_table_cell_id.txt
C57BL6J-1.026,layer 1,layer 1,layer 1,049 Lamp5 Gaba,327 Oligo NN,11,13,5,3,"Frontal pole, layer 1,Orbital area, lateral part, layer 1,Prelimbic area, layer 1,Orbital area, ventrolateral part, layer 1","Frontal pole, layer 1,Orbital area, medial part, layer 1,Orbital area, ventrolateral part, layer 1,Prelimbic area, layer 1",0.8461538461538461,1.6666666666666667,regions_1,regions_1,GABA,NonNeuron,7,5,135,97,0.4148148148148148,0.5773195876288659,C57BL6J-1.026_049 Lamp5 Gaba_layer 1_merged_regions_table_cell_id.txt,C57BL6J-1.026_327 Oligo NN_layer 1_merged_regions_table_cell_id.txt
C57BL6J-1.026,layer 1,layer 1,layer 1,049 Lamp5 Gaba,327 Oligo NN,11,13,1,1,"Frontal pole, layer 1,Orbital area, lateral part, layer 1,Prelimbic area, layer 1,Orbital area, ventrolateral part, layer 1","Orbital area, lateral part, layer 1,Secondary motor area, layer 1,Frontal pole, layer 1",0.8461538461538461,1.0,regions_1,regions_2,GABA,NonNeuron,7,4,135,71,0.0,0.0,C57BL6J-1.026_049 Lamp5 Gaba_layer 1_merged_regions_table_cell_id.txt,C57BL6J-1.026_327 Oligo NN_layer 1_merged_regions_table_cell_id.txt
C57BL6J-1.026,layer 1,layer 1,layer 1,049 Lamp5 Gaba,328 OEC NN,11,13,6,6,"Frontal pole, layer 1,Orbital area, lateral part, layer 1,Prelimbic area, layer 1,Orbital area, ventrolateral part, layer 1","Frontal pole, layer 1,Orbital area, lateral part, layer 1,Secondary motor area, layer 1,Orbital area, ventrolateral part, layer 1",0.8461538461538461,1.0,regions_1,regions_1,GABA,NonNeuron,7,4,135,156,0.18518518518518517,0.16025641025641027,C57BL6J-1.026_049 Lamp5 Gaba_layer 1_merged_regions_table_cell_id.txt,C57BL6J-1.026_328 OEC NN_layer 1_merged_regions_table_cell_id.txt
C57BL6J-1.026,layer 1,layer 1,layer 1,049 Lamp5 Gaba,330 VLMC NN,11,13,5,8,"Frontal pole, layer 1,Orbital area, lateral part, layer 1,Prelimbic area, layer 1,Orbital area, ventrolateral part, layer 1","Frontal pole, layer 1,Orbital area, medial part, layer 1,Prelimbic area, layer 1",0.8461538461538461,0.625,regions_1,regions_1,GABA,NonNeuron,7,14,135,119,0.25925925925925924,0.29411764705882354,C57BL6J-1.026_049 Lamp5 Gaba_layer 1_merged_regions_table_cell_id.txt,C57BL6J-1.026_330 VLMC NN_layer 1_merged_regions_table_cell_id.txt
C57BL6J-1.026,layer 1,layer 1,layer 1,049 Lamp5 Gaba,330 VLMC NN,11,13,9,6,"Frontal pole, layer 1,Orbital area, lateral part, layer 1,Prelimbic area, layer 1,Orbital area, ventrolateral part, layer 1","Frontal pole, layer 1,Orbital area, lateral part, layer 1,Secondary motor area, layer 1,Orbital area, ventrolateral part, layer 1",0.8461538461538461,1.5,regions_1,regions_2,GABA,NonNeuron,7,12,135,167,0.3111111111111111,0.25149700598802394,C57BL6J-1.026_049 Lamp5 Gaba_layer 1_merged_regions_table_cell_id.txt,C57BL6J-1.026_330 VLMC NN_layer 1_merged_regions_table_cell_id.txt
C57BL6J-1.026,layer 1,layer 1,layer 1,049 Lamp5 Gaba,331 Peri NN,11,13,21,14,"Frontal pole, layer 1,Orbital area, lateral part, layer 1,Prelimbic area, layer 1,Orbital area, ventrolateral part, layer 1","Frontal pole, layer 1,Orbital area, lateral part, layer 1,Secondary motor area, layer 1,Orbital area, medial part, layer 1,Orbital area, ventrolateral part, layer 1",0.8461538461538461,1.5,regions_1,regions_1,GABA,NonNeuron,7,19,135,334,0.725925925925926,0.2934131736526946,C57BL6J-1.026_049 Lamp5 Gaba_layer 1_merged_regions_table_cell_id.txt,C57BL6J-1.026_331 Peri NN_layer 1_merged_regions_table_cell_id.txt
C57BL6J-1.026,layer 1,layer 1,layer 1,051 Pvalb chandelier Gaba,052 Pvalb Gaba,26,22,23,5,"Frontal pole, layer 1,Prelimbic area, layer 1,Secondary motor area, layer 1,Orbital area, medial part, layer 1,Orbital area, ventrolateral part, layer 1","Frontal pole, layer 1",1.1818181818181819,4.6,regions_1,regions_1,GABA,GABA,2,1,230,52,0.017391304347826087,0.07692307692307693,C57BL6J-1.026_051 Pvalb chandelier Gaba_layer 1_merged_regions_table_cell_id.txt,C57BL6J-1.026_052 Pvalb Gaba_layer 1_merged_regions_table_cell_id.txt
C57BL6J-1.026,layer 1,layer 1,layer 1,051 Pvalb chandelier Gaba,053 Sst Gaba,26,22,9,16,"Frontal pole, layer 1,Prelimbic area, layer 1,Secondary motor area, layer 1,Orbital area, medial part, layer 1,Orbital area, ventrolateral part, layer 1","Frontal pole, layer 1,Orbital area, medial part, layer 1,Prelimbic area, layer 1,Secondary motor area, layer 1,Orbital area, ventrolateral part, layer 1",1.1818181818181819,0.5625,regions_1,regions_1,GABA,GABA,2,3,230,195,0.5739130434782609,0.676923076923077,C57BL6J-1.026_051 Pvalb chandelier Gaba_layer 1_merged_regions_table_cell_id.txt,C57BL6J-1.026_053 Sst Gaba_layer 1_merged_regions_table_cell_id.txt
C57BL6J-1.026,layer 1,layer 1,layer 1,051 Pvalb chandelier Gaba,319 Astro-TE NN,26,22,19,18,"Frontal pole, layer 1,Prelimbic area, layer 1,Secondary motor area, layer 1,Orbital area, medial part, layer 1,Orbital area, ventrolateral part, layer 1","Frontal pole, layer 1,Prelimbic area, layer 1,Orbital area, lateral part, layer 1,Secondary motor area, layer 1,Orbital area, medial part, layer 1,Orbital area, ventrolateral part, layer 1",1.1818181818181819,1.0555555555555556,regions_1,regions_1,GABA,NonNeuron,2,80,230,233,0.8478260869565217,0.8369098712446352,C57BL6J-1.026_051 Pvalb chandelier Gaba_layer 1_merged_regions_table_cell_id.txt,C57BL6J-1.026_319 Astro-TE NN_layer 1_merged_regions_table_cell_id.txt
C57BL6J-1.026,layer 1,layer 1,layer 1,051 Pvalb chandelier Gaba,319 Astro-TE NN,26,22,0,0,"Frontal pole, layer 1,Prelimbic area, layer 1,Secondary motor area, layer 1,Orbital area, medial part, layer 1,Orbital area, ventrolateral part, layer 1","Frontal pole, layer 1,Secondary motor area, layer 1",1.1818181818181819,,regions_1,regions_2,GABA,NonNeuron,2,26,230,70,0.0,0.0,C57BL6J-1.026_051 Pvalb chandelier Gaba_layer 1_merged_regions_table_cell_id.txt,C57BL6J-1.026_319 Astro-TE NN_layer 1_merged_regions_table_cell_id.txt
C57BL6J-1.026,layer 1,layer 1,layer 1,051 Pvalb chandelier Gaba,326 OPC NN,26,22,1,1,"Frontal pole, layer 1,Prelimbic area, layer 1,Secondary motor area, layer 1,Orbital area, medial part, layer 1,Orbital area, ventrolateral part, layer 1","Orbital area, medial part, layer 1,Frontal pole, layer 1,Prelimbic area, layer 1",1.1818181818181819,1.0,regions_1,regions_1,GABA,NonNeuron,2,6,230,42,0.0,0.0,C57BL6J-1.026_051 Pvalb chandelier Gaba_layer 1_merged_regions_table_cell_id.txt,C57BL6J-1.026_326 OPC NN_layer 1_merged_regions_table_cell_id.txt
C57BL6J-1.026,layer 1,layer 1,layer 1,051 Pvalb chandelier Gaba,326 OPC NN,26,22,20,6,"Frontal pole, layer 1,Prelimbic area, layer 1,Secondary motor area, layer 1,Orbital area, medial part, layer 1,Orbital area, ventrolateral part, layer 1","Frontal pole, layer 1,Secondary motor area, layer 1",1.1818181818181819,3.3333333333333335,regions_1,regions_2,GABA,NonNeuron,2,24,230,220,0.0,0.0,C57BL6J-1.026_051 Pvalb chandelier Gaba_layer 1_merged_regions_table_cell_id.txt,C57BL6J-1.026_326 OPC NN_layer 1_merged_regions_table_cell_id.txt
C57BL6J-1.026,layer 1,layer 1,layer 1,051 Pvalb chandelier Gaba,327 Oligo NN,26,22,5,3,"Frontal pole, layer 1,Prelimbic area, layer 1,Secondary motor area, layer 1,Orbital area, medial part, layer 1,Orbital area, ventrolateral part, layer 1","Frontal pole, layer 1,Orbital area, medial part, layer 1,Orbital area, ventrolateral part, layer 1,Prelimbic area, layer 1",1.1818181818181819,1.6666666666666667,regions_1,regions_1,GABA,NonNeuron,2,5,230,97,0.20869565217391303,0.4948453608247423,C57BL6J-1.026_051 Pvalb chandelier Gaba_layer 1_merged_regions_table_cell_id.txt,C57BL6J-1.026_327 Oligo NN_layer 1_merged_regions_table_cell_id.txt
C57BL6J-1.026,layer 1,layer 1,layer 1,051 Pvalb chandelier Gaba,327 Oligo NN,26,22,1,1,"Frontal pole, layer 1,Prelimbic area, layer 1,Secondary motor area, layer 1,Orbital area, medial part, layer 1,Orbital area, ventrolateral part, layer 1","Orbital area, lateral part, layer 1,Secondary motor area, layer 1,Frontal pole, layer 1",1.1818181818181819,1.0,regions_1,regions_2,GABA,NonNeuron,2,4,230,71,0.0,0.0,C57BL6J-1.026_051 Pvalb chandelier Gaba_layer 1_merged_regions_table_cell_id.txt,C57BL6J-1.026_327 Oligo NN_layer 1_merged_regions_table_cell_id.txt
C57BL6J-1.026,layer 1,layer 1,layer 1,051 Pvalb chandelier Gaba,328 OEC NN,26,22,6,6,"Frontal pole, layer 1,Prelimbic area, layer 1,Secondary motor area, layer 1,Orbital area, medial part, layer 1,Orbital area, ventrolateral part, layer 1","Frontal pole, layer 1,Orbital area, lateral part, layer 1,Secondary motor area, layer 1,Orbital area, ventrolateral part, layer 1",1.1818181818181819,1.0,regions_1,regions_1,GABA,NonNeuron,2,4,230,156,0.0,0.0,C57BL6J-1.026_051 Pvalb chandelier Gaba_layer 1_merged_regions_table_cell_id.txt,C57BL6J-1.026_328 OEC NN_layer 1_merged_regions_table_cell_id.txt
C57BL6J-1.026,layer 1,layer 1,layer 1,051 Pvalb chandelier Gaba,330 VLMC NN,26,22,5,8,"Frontal pole, layer 1,Prelimbic area, layer 1,Secondary motor area, layer 1,Orbital area, medial part, layer 1,Orbital area, ventrolateral part, layer 1","Frontal pole, layer 1,Orbital area, medial part, layer 1,Prelimbic area, layer 1",1.1818181818181819,0.625,regions_1,regions_1,GABA,NonNeuron,2,14,230,119,0.27391304347826084,0.5294117647058824,C57BL6J-1.026_051 Pvalb chandelier Gaba_layer 1_merged_regions_table_cell_id.txt,C57BL6J-1.026_330 VLMC NN_layer 1_merged_regions_table_cell_id.txt
C57BL6J-1.026,layer 1,layer 1,layer 1,051 Pvalb chandelier Gaba,330 VLMC NN,26,22,9,6,"Frontal pole, layer 1,Prelimbic area, layer 1,Secondary motor area, layer 1,Orbital area, medial part, layer 1,Orbital area, ventrolateral part, layer 1","Frontal pole, layer 1,Orbital area, lateral part, layer 1,Secondary motor area, layer 1,Orbital area, ventrolateral part, layer 1",1.1818181818181819,1.5,regions_1,regions_2,GABA,NonNeuron,2,12,230,167,0.030434782608695653,0.041916167664670656,C57BL6J-1.026_051 Pvalb chandelier Gaba_layer 1_merged_regions_table_cell_id.txt,C57BL6J-1.026_330 VLMC NN_layer 1_merged_regions_table_cell_id.txt
C57BL6J-1.026,layer 1,layer 1,layer 1,051 Pvalb chandelier Gaba,331 Peri NN,26,22,21,14,"Frontal pole, layer 1,Prelimbic area, layer 1,Secondary motor area, layer 1,Orbital area, medial part, layer 1,Orbital area, ventrolateral part, layer 1","Frontal pole, layer 1,Orbital area, lateral part, layer 1,Secondary motor area, layer 1,Orbital area, medial part, layer 1,Orbital area, ventrolateral part, layer 1",1.1818181818181819,1.5,regions_1,regions_1,GABA,NonNeuron,2,19,230,334,0.32608695652173914,0.2245508982035928,C57BL6J-1.026_051 Pvalb chandelier Gaba_layer 1_merged_regions_table_cell_id.txt,C57BL6J-1.026_331 Peri NN_layer 1_merged_regions_table_cell_id.txt
C57BL6J-1.026,layer 1,layer 1,layer 1,052 Pvalb Gaba,053 Sst Gaba,23,5,9,16,"Frontal pole, layer 1","Frontal pole, layer 1,Orbital area, medial part, layer 1,Prelimbic area, layer 1,Secondary motor area, layer 1,Orbital area, ventrolateral part, layer 1",4.6,0.5625,regions_1,regions_1,GABA,GABA,1,3,52,195,0.0,0.0,C57BL6J-1.026_052 Pvalb Gaba_layer 1_merged_regions_table_cell_id.txt,C57BL6J-1.026_053 Sst Gaba_layer 1_merged_regions_table_cell_id.txt
C57BL6J-1.026,layer 1,layer 1,layer 1,052 Pvalb Gaba,319 Astro-TE NN,23,5,19,18,"Frontal pole, layer 1","Frontal pole, layer 1,Prelimbic area, layer 1,Orbital area, lateral part, layer 1,Secondary motor area, layer 1,Orbital area, medial part, layer 1,Orbital area, ventrolateral part, layer 1",4.6,1.0555555555555556,regions_1,regions_1,GABA,NonNeuron,1,80,52,233,0.11538461538461539,0.02575107296137339,C57BL6J-1.026_052 Pvalb Gaba_layer 1_merged_regions_table_cell_id.txt,C57BL6J-1.026_319 Astro-TE NN_layer 1_merged_regions_table_cell_id.txt
C57BL6J-1.026,layer 1,layer 1,layer 1,052 Pvalb Gaba,319 Astro-TE NN,23,5,0,0,"Frontal pole, layer 1","Frontal pole, layer 1,Secondary motor area, layer 1",4.6,,regions_1,regions_2,GABA,NonNeuron,1,26,52,70,0.0,0.0,C57BL6J-1.026_052 Pvalb Gaba_layer 1_merged_regions_table_cell_id.txt,C57BL6J-1.026_319 Astro-TE NN_layer 1_merged_regions_table_cell_id.txt
C57BL6J-1.026,layer 1,layer 1,layer 1,052 Pvalb Gaba,326 OPC NN,23,5,1,1,"Frontal pole, layer 1","Orbital area, medial part, layer 1,Frontal pole, layer 1,Prelimbic area, layer 1",4.6,1.0,regions_1,regions_1,GABA,NonNeuron,1,6,52,42,0.0,0.0,C57BL6J-1.026_052 Pvalb Gaba_layer 1_merged_regions_table_cell_id.txt,C57BL6J-1.026_326 OPC NN_layer 1_merged_regions_table_cell_id.txt
C57BL6J-1.026,layer 1,layer 1,layer 1,052 Pvalb Gaba,326 OPC NN,23,5,20,6,"Frontal pole, layer 1","Frontal pole, layer 1,Secondary motor area, layer 1",4.6,3.3333333333333335,regions_1,regions_2,GABA,NonNeuron,1,24,52,220,0.5961538461538461,0.1409090909090909,C57BL6J-1.026_052 Pvalb Gaba_layer 1_merged_regions_table_cell_id.txt,C57BL6J-1.026_326 OPC NN_layer 1_merged_regions_table_cell_id.txt
C57BL6J-1.026,layer 1,layer 1,layer 1,052 Pvalb Gaba,327 Oligo NN,23,5,5,3,"Frontal pole, layer 1","Frontal pole, layer 1,Orbital area, medial part, layer 1,Orbital area, ventrolateral part, layer 1,Prelimbic area, layer 1",4.6,1.6666666666666667,regions_1,regions_1,GABA,NonNeuron,1,5,52,97,0.1346153846153846,0.07216494845360824,C57BL6J-1.026_052 Pvalb Gaba_layer 1_merged_regions_table_cell_id.txt,C57BL6J-1.026_327 Oligo NN_layer 1_merged_regions_table_cell_id.txt
C57BL6J-1.026,layer 1,layer 1,layer 1,052 Pvalb Gaba,327 Oligo NN,23,5,1,1,"Frontal pole, layer 1","Orbital area, lateral part, layer 1,Secondary motor area, layer 1,Frontal pole, layer 1",4.6,1.0,regions_1,regions_2,GABA,NonNeuron,1,4,52,71,0.0,0.0,C57BL6J-1.026_052 Pvalb Gaba_layer 1_merged_regions_table_cell_id.txt,C57BL6J-1.026_327 Oligo NN_layer 1_merged_regions_table_cell_id.txt
C57BL6J-1.026,layer 1,layer 1,layer 1,052 Pvalb Gaba,328 OEC NN,23,5,6,6,"Frontal pole, layer 1","Frontal pole, layer 1,Orbital area, lateral part, layer 1,Secondary motor area, layer 1,Orbital area, ventrolateral part, layer 1",4.6,1.0,regions_1,regions_1,GABA,NonNeuron,1,4,52,156,0.46153846153846156,0.15384615384615385,C57BL6J-1.026_052 Pvalb Gaba_layer 1_merged_regions_table_cell_id.txt,C57BL6J-1.026_328 OEC NN_layer 1_merged_regions_table_cell_id.txt
C57BL6J-1.026,layer 1,layer 1,layer 1,052 Pvalb Gaba,330 VLMC NN,23,5,5,8,"Frontal pole, layer 1","Frontal pole, layer 1,Orbital area, medial part, layer 1,Prelimbic area, layer 1",4.6,0.625,regions_1,regions_1,GABA,NonNeuron,1,14,52,119,0.0,0.0,C57BL6J-1.026_052 Pvalb Gaba_layer 1_merged_regions_table_cell_id.txt,C57BL6J-1.026_330 VLMC NN_layer 1_merged_regions_table_cell_id.txt
C57BL6J-1.026,layer 1,layer 1,layer 1,052 Pvalb Gaba,330 VLMC NN,23,5,9,6,"Frontal pole, layer 1","Frontal pole, layer 1,Orbital area, lateral part, layer 1,Secondary motor area, layer 1,Orbital area, ventrolateral part, layer 1",4.6,1.5,regions_1,regions_2,GABA,NonNeuron,1,12,52,167,0.5192307692307693,0.16167664670658682,C57BL6J-1.026_052 Pvalb Gaba_layer 1_merged_regions_table_cell_id.txt,C57BL6J-1.026_330 VLMC NN_layer 1_merged_regions_table_cell_id.txt
C57BL6J-1.026,layer 1,layer 1,layer 1,052 Pvalb Gaba,331 Peri NN,23,5,21,14,"Frontal pole, layer 1","Frontal pole, layer 1,Orbital area, lateral part, layer 1,Secondary motor area, layer 1,Orbital area, medial part, layer 1,Orbital area, ventrolateral part, layer 1",4.6,1.5,regions_1,regions_1,GABA,NonNeuron,1,19,52,334,0.5961538461538461,0.09281437125748503,C57BL6J-1.026_052 Pvalb Gaba_layer 1_merged_regions_table_cell_id.txt,C57BL6J-1.026_331 Peri NN_layer 1_merged_regions_table_cell_id.txt
C57BL6J-1.026,layer 1,layer 1,layer 1,053 Sst Gaba,319 Astro-TE NN,9,16,19,18,"Frontal pole, layer 1,Orbital area, medial part, layer 1,Prelimbic area, layer 1,Secondary motor area, layer 1,Orbital area, ventrolateral part, layer 1","Frontal pole, layer 1,Prelimbic area, layer 1,Orbital area, lateral part, layer 1,Secondary motor area, layer 1,Orbital area, medial part, layer 1,Orbital area, ventrolateral part, layer 1",0.5625,1.0555555555555556,regions_1,regions_1,GABA,NonNeuron,3,80,195,233,0.7794871794871795,0.6523605150214592,C57BL6J-1.026_053 Sst Gaba_layer 1_merged_regions_table_cell_id.txt,C57BL6J-1.026_319 Astro-TE NN_layer 1_merged_regions_table_cell_id.txt
C57BL6J-1.026,layer 1,layer 1,layer 1,053 Sst Gaba,319 Astro-TE NN,9,16,0,0,"Frontal pole, layer 1,Orbital area, medial part, layer 1,Prelimbic area, layer 1,Secondary motor area, layer 1,Orbital area, ventrolateral part, layer 1","Frontal pole, layer 1,Secondary motor area, layer 1",0.5625,,regions_1,regions_2,GABA,NonNeuron,3,26,195,70,0.0,0.0,C57BL6J-1.026_053 Sst Gaba_layer 1_merged_regions_table_cell_id.txt,C57BL6J-1.026_319 Astro-TE NN_layer 1_merged_regions_table_cell_id.txt
C57BL6J-1.026,layer 1,layer 1,layer 1,053 Sst Gaba,326 OPC NN,9,16,1,1,"Frontal pole, layer 1,Orbital area, medial part, layer 1,Prelimbic area, layer 1,Secondary motor area, layer 1,Orbital area, ventrolateral part, layer 1","Orbital area, medial part, layer 1,Frontal pole, layer 1,Prelimbic area, layer 1",0.5625,1.0,regions_1,regions_1,GABA,NonNeuron,3,6,195,42,0.2153846153846154,1.0,C57BL6J-1.026_053 Sst Gaba_layer 1_merged_regions_table_cell_id.txt,C57BL6J-1.026_326 OPC NN_layer 1_merged_regions_table_cell_id.txt
C57BL6J-1.026,layer 1,layer 1,layer 1,053 Sst Gaba,326 OPC NN,9,16,20,6,"Frontal pole, layer 1,Orbital area, medial part, layer 1,Prelimbic area, layer 1,Secondary motor area, layer 1,Orbital area, ventrolateral part, layer 1","Frontal pole, layer 1,Secondary motor area, layer 1",0.5625,3.3333333333333335,regions_1,regions_2,GABA,NonNeuron,3,24,195,220,0.0,0.0,C57BL6J-1.026_053 Sst Gaba_layer 1_merged_regions_table_cell_id.txt,C57BL6J-1.026_326 OPC NN_layer 1_merged_regions_table_cell_id.txt
C57BL6J-1.026,layer 1,layer 1,layer 1,053 Sst Gaba,327 Oligo NN,9,16,5,3,"Frontal pole, layer 1,Orbital area, medial part, layer 1,Prelimbic area, layer 1,Secondary motor area, layer 1,Orbital area, ventrolateral part, layer 1","Frontal pole, layer 1,Orbital area, medial part, layer 1,Orbital area, ventrolateral part, layer 1,Prelimbic area, layer 1",0.5625,1.6666666666666667,regions_1,regions_1,GABA,NonNeuron,3,5,195,97,0.4205128205128205,0.845360824742268,C57BL6J-1.026_053 Sst Gaba_layer 1_merged_regions_table_cell_id.txt,C57BL6J-1.026_327 Oligo NN_layer 1_merged_regions_table_cell_id.txt
C57BL6J-1.026,layer 1,layer 1,layer 1,053 Sst Gaba,327 Oligo NN,9,16,1,1,"Frontal pole, layer 1,Orbital area, medial part, layer 1,Prelimbic area, layer 1,Secondary motor area, layer 1,Orbital area, ventrolateral part, layer 1","Orbital area, lateral part, layer 1,Secondary motor area, layer 1,Frontal pole, layer 1",0.5625,1.0,regions_1,regions_2,GABA,NonNeuron,3,4,195,71,0.0,0.0,C57BL6J-1.026_053 Sst Gaba_layer 1_merged_regions_table_cell_id.txt,C57BL6J-1.026_327 Oligo NN_layer 1_merged_regions_table_cell_id.txt
C57BL6J-1.026,layer 1,layer 1,layer 1,053 Sst Gaba,328 OEC NN,9,16,6,6,"Frontal pole, layer 1,Orbital area, medial part, layer 1,Prelimbic area, layer 1,Secondary motor area, layer 1,Orbital area, ventrolateral part, layer 1","Frontal pole, layer 1,Orbital area, lateral part, layer 1,Secondary motor area, layer 1,Orbital area, ventrolateral part, layer 1",0.5625,1.0,regions_1,regions_1,GABA,NonNeuron,3,4,195,156,0.0,0.0,C57BL6J-1.026_053 Sst Gaba_layer 1_merged_regions_table_cell_id.txt,C57BL6J-1.026_328 OEC NN_layer 1_merged_regions_table_cell_id.txt
C57BL6J-1.026,layer 1,layer 1,layer 1,053 Sst Gaba,330 VLMC NN,9,16,5,8,"Frontal pole, layer 1,Orbital area, medial part, layer 1,Prelimbic area, layer 1,Secondary motor area, layer 1,Orbital area, ventrolateral part, layer 1","Frontal pole, layer 1,Orbital area, medial part, layer 1,Prelimbic area, layer 1",0.5625,0.625,regions_1,regions_1,GABA,NonNeuron,3,14,195,119,0.5025641025641026,0.8235294117647058,C57BL6J-1.026_053 Sst Gaba_layer 1_merged_regions_table_cell_id.txt,C57BL6J-1.026_330 VLMC NN_layer 1_merged_regions_table_cell_id.txt
C57BL6J-1.026,layer 1,layer 1,layer 1,053 Sst Gaba,330 VLMC NN,9,16,9,6,"Frontal pole, layer 1,Orbital area, medial part, layer 1,Prelimbic area, layer 1,Secondary motor area, layer 1,Orbital area, ventrolateral part, layer 1","Frontal pole, layer 1,Orbital area, lateral part, layer 1,Secondary motor area, layer 1,Orbital area, ventrolateral part, layer 1",0.5625,1.5,regions_1,regions_2,GABA,NonNeuron,3,12,195,167,0.06666666666666667,0.07784431137724551,C57BL6J-1.026_053 Sst Gaba_layer 1_merged_regions_table_cell_id.txt,C57BL6J-1.026_330 VLMC NN_layer 1_merged_regions_table_cell_id.txt
C57BL6J-1.026,layer 1,layer 1,layer 1,053 Sst Gaba,331 Peri NN,9,16,21,14,"Frontal pole, layer 1,Orbital area, medial part, layer 1,Prelimbic area, layer 1,Secondary motor area, layer 1,Orbital area, ventrolateral part, layer 1","Frontal pole, layer 1,Orbital area, lateral part, layer 1,Secondary motor area, layer 1,Orbital area, medial part, layer 1,Orbital area, ventrolateral part, layer 1",0.5625,1.5,regions_1,regions_1,GABA,NonNeuron,3,19,195,334,0.49743589743589745,0.2904191616766467,C57BL6J-1.026_053 Sst Gaba_layer 1_merged_regions_table_cell_id.txt,C57BL6J-1.026_331 Peri NN_layer 1_merged_regions_table_cell_id.txt
C57BL6J-1.026,layer 1,layer 1,layer 1,319 Astro-TE NN,319 Astro-TE NN,19,18,0,0,"Frontal pole, layer 1,Prelimbic area, layer 1,Orbital area, lateral part, layer 1,Secondary motor area, layer 1,Orbital area, medial part, layer 1,Orbital area, ventrolateral part, layer 1","Frontal pole, layer 1,Secondary motor area, layer 1",1.0555555555555556,,regions_1,regions_2,NonNeuron,NonNeuron,80,26,233,70,0.0,0.0,C57BL6J-1.026_319 Astro-TE NN_layer 1_merged_regions_table_cell_id.txt,C57BL6J-1.026_319 Astro-TE NN_layer 1_merged_regions_table_cell_id.txt
C57BL6J-1.026,layer 1,layer 1,layer 1,319 Astro-TE NN,326 OPC NN,19,18,1,1,"Frontal pole, layer 1,Prelimbic area, layer 1,Orbital area, lateral part, layer 1,Secondary motor area, layer 1,Orbital area, medial part, layer 1,Orbital area, ventrolateral part, layer 1","Orbital area, medial part, layer 1,Frontal pole, layer 1,Prelimbic area, layer 1",1.0555555555555556,1.0,regions_1,regions_1,NonNeuron,NonNeuron,80,6,233,42,0.034334763948497854,0.19047619047619047,C57BL6J-1.026_319 Astro-TE NN_layer 1_merged_regions_table_cell_id.txt,C57BL6J-1.026_326 OPC NN_layer 1_merged_regions_table_cell_id.txt
C57BL6J-1.026,layer 1,layer 1,layer 1,319 Astro-TE NN,326 OPC NN,19,18,20,6,"Frontal pole, layer 1,Prelimbic area, layer 1,Orbital area, lateral part, layer 1,Secondary motor area, layer 1,Orbital area, medial part, layer 1,Orbital area, ventrolateral part, layer 1","Frontal pole, layer 1,Secondary motor area, layer 1",1.0555555555555556,3.3333333333333335,regions_1,regions_2,NonNeuron,NonNeuron,80,24,233,220,0.0,0.0,C57BL6J-1.026_319 Astro-TE NN_layer 1_merged_regions_table_cell_id.txt,C57BL6J-1.026_326 OPC NN_layer 1_merged_regions_table_cell_id.txt
C57BL6J-1.026,layer 1,layer 1,layer 1,319 Astro-TE NN,327 Oligo NN,19,18,5,3,"Frontal pole, layer 1,Prelimbic area, layer 1,Orbital area, lateral part, layer 1,Secondary motor area, layer 1,Orbital area, medial part, layer 1,Orbital area, ventrolateral part, layer 1","Frontal pole, layer 1,Orbital area, medial part, layer 1,Orbital area, ventrolateral part, layer 1,Prelimbic area, layer 1",1.0555555555555556,1.6666666666666667,regions_1,regions_1,NonNeuron,NonNeuron,80,5,233,97,0.33476394849785407,0.8041237113402062,C57BL6J-1.026_319 Astro-TE NN_layer 1_merged_regions_table_cell_id.txt,C57BL6J-1.026_327 Oligo NN_layer 1_merged_regions_table_cell_id.txt
C57BL6J-1.026,layer 1,layer 1,layer 1,319 Astro-TE NN,327 Oligo NN,19,18,1,1,"Frontal pole, layer 1,Prelimbic area, layer 1,Orbital area, lateral part, layer 1,Secondary motor area, layer 1,Orbital area, medial part, layer 1,Orbital area, ventrolateral part, layer 1","Orbital area, lateral part, layer 1,Secondary motor area, layer 1,Frontal pole, layer 1",1.0555555555555556,1.0,regions_1,regions_2,NonNeuron,NonNeuron,80,4,233,71,0.0,0.0,C57BL6J-1.026_319 Astro-TE NN_layer 1_merged_regions_table_cell_id.txt,C57BL6J-1.026_327 Oligo NN_layer 1_merged_regions_table_cell_id.txt
C57BL6J-1.026,layer 1,layer 1,layer 1,319 Astro-TE NN,328 OEC NN,19,18,6,6,"Frontal pole, layer 1,Prelimbic area, layer 1,Orbital area, lateral part, layer 1,Secondary motor area, layer 1,Orbital area, medial part, layer 1,Orbital area, ventrolateral part, layer 1","Frontal pole, layer 1,Orbital area, lateral part, layer 1,Secondary motor area, layer 1,Orbital area, ventrolateral part, layer 1",1.0555555555555556,1.0,regions_1,regions_1,NonNeuron,NonNeuron,80,4,233,156,0.055793991416309016,0.08333333333333333,C57BL6J-1.026_319 Astro-TE NN_layer 1_merged_regions_table_cell_id.txt,C57BL6J-1.026_328 OEC NN_layer 1_merged_regions_table_cell_id.txt
C57BL6J-1.026,layer 1,layer 1,layer 1,319 Astro-TE NN,330 VLMC NN,19,18,5,8,"Frontal pole, layer 1,Prelimbic area, layer 1,Orbital area, lateral part, layer 1,Secondary motor area, layer 1,Orbital area, medial part, layer 1,Orbital area, ventrolateral part, layer 1","Frontal pole, layer 1,Orbital area, medial part, layer 1,Prelimbic area, layer 1",1.0555555555555556,0.625,regions_1,regions_1,NonNeuron,NonNeuron,80,14,233,119,0.2875536480686695,0.5630252100840336,C57BL6J-1.026_319 Astro-TE NN_layer 1_merged_regions_table_cell_id.txt,C57BL6J-1.026_330 VLMC NN_layer 1_merged_regions_table_cell_id.txt
C57BL6J-1.026,layer 1,layer 1,layer 1,319 Astro-TE NN,330 VLMC NN,19,18,9,6,"Frontal pole, layer 1,Prelimbic area, layer 1,Orbital area, lateral part, layer 1,Secondary motor area, layer 1,Orbital area, medial part, layer 1,Orbital area, ventrolateral part, layer 1","Frontal pole, layer 1,Orbital area, lateral part, layer 1,Secondary motor area, layer 1,Orbital area, ventrolateral part, layer 1",1.0555555555555556,1.5,regions_1,regions_2,NonNeuron,NonNeuron,80,12,233,167,0.12875536480686695,0.17964071856287425,C57BL6J-1.026_319 Astro-TE NN_layer 1_merged_regions_table_cell_id.txt,C57BL6J-1.026_330 VLMC NN_layer 1_merged_regions_table_cell_id.txt
C57BL6J-1.026,layer 1,layer 1,layer 1,319 Astro-TE NN,331 Peri NN,19,18,21,14,"Frontal pole, layer 1,Prelimbic area, layer 1,Orbital area, lateral part, layer 1,Secondary motor area, layer 1,Orbital area, medial part, layer 1,Orbital area, ventrolateral part, layer 1","Frontal pole, layer 1,Orbital area, lateral part, layer 1,Secondary motor area, layer 1,Orbital area, medial part, layer 1,Orbital area, ventrolateral part, layer 1",1.0555555555555556,1.5,regions_1,regions_1,NonNeuron,NonNeuron,80,19,233,334,0.48068669527896996,0.33532934131736525,C57BL6J-1.026_319 Astro-TE NN_layer 1_merged_regions_table_cell_id.txt,C57BL6J-1.026_331 Peri NN_layer 1_merged_regions_table_cell_id.txt
C57BL6J-1.026,layer 1,layer 1,layer 1,319 Astro-TE NN,326 OPC NN,0,0,1,1,"Frontal pole, layer 1,Secondary motor area, layer 1","Orbital area, medial part, layer 1,Frontal pole, layer 1,Prelimbic area, layer 1",,1.0,regions_2,regions_1,NonNeuron,NonNeuron,26,6,70,42,0.0,0.0,C57BL6J-1.026_319 Astro-TE NN_layer 1_merged_regions_table_cell_id.txt,C57BL6J-1.026_326 OPC NN_layer 1_merged_regions_table_cell_id.txt
C57BL6J-1.026,layer 1,layer 1,layer 1,319 Astro-TE NN,326 OPC NN,0,0,20,6,"Frontal pole, layer 1,Secondary motor area, layer 1","Frontal pole, layer 1,Secondary motor area, layer 1",,3.3333333333333335,regions_2,regions_2,NonNeuron,NonNeuron,26,24,70,220,0.9714285714285714,0.3090909090909091,C57BL6J-1.026_319 Astro-TE NN_layer 1_merged_regions_table_cell_id.txt,C57BL6J-1.026_326 OPC NN_layer 1_merged_regions_table_cell_id.txt
C57BL6J-1.026,layer 1,layer 1,layer 1,319 Astro-TE NN,327 Oligo NN,0,0,5,3,"Frontal pole, layer 1,Secondary motor area, layer 1","Frontal pole, layer 1,Orbital area, medial part, layer 1,Orbital area, ventrolateral part, layer 1,Prelimbic area, layer 1",,1.6666666666666667,regions_2,regions_1,NonNeuron,NonNeuron,26,5,70,97,0.0,0.0,C57BL6J-1.026_319 Astro-TE NN_layer 1_merged_regions_table_cell_id.txt,C57BL6J-1.026_327 Oligo NN_layer 1_merged_regions_table_cell_id.txt
C57BL6J-1.026,layer 1,layer 1,layer 1,319 Astro-TE NN,327 Oligo NN,0,0,1,1,"Frontal pole, layer 1,Secondary motor area, layer 1","Orbital area, lateral part, layer 1,Secondary motor area, layer 1,Frontal pole, layer 1",,1.0,regions_2,regions_2,NonNeuron,NonNeuron,26,4,70,71,0.44285714285714284,0.43661971830985913,C57BL6J-1.026_319 Astro-TE NN_layer 1_merged_regions_table_cell_id.txt,C57BL6J-1.026_327 Oligo NN_layer 1_merged_regions_table_cell_id.txt
C57BL6J-1.026,layer 1,layer 1,layer 1,319 Astro-TE NN,328 OEC NN,0,0,6,6,"Frontal pole, layer 1,Secondary motor area, layer 1","Frontal pole, layer 1,Orbital area, lateral part, layer 1,Secondary motor area, layer 1,Orbital area, ventrolateral part, layer 1",,1.0,regions_2,regions_1,NonNeuron,NonNeuron,26,4,70,156,0.35714285714285715,0.16025641025641027,C57BL6J-1.026_319 Astro-TE NN_layer 1_merged_regions_table_cell_id.txt,C57BL6J-1.026_328 OEC NN_layer 1_merged_regions_table_cell_id.txt
C57BL6J-1.026,layer 1,layer 1,layer 1,319 Astro-TE NN,330 VLMC NN,0,0,5,8,"Frontal pole, layer 1,Secondary motor area, layer 1","Frontal pole, layer 1,Orbital area, medial part, layer 1,Prelimbic area, layer 1",,0.625,regions_2,regions_1,NonNeuron,NonNeuron,26,14,70,119,0.0,0.0,C57BL6J-1.026_319 Astro-TE NN_layer 1_merged_regions_table_cell_id.txt,C57BL6J-1.026_330 VLMC NN_layer 1_merged_regions_table_cell_id.txt
C57BL6J-1.026,layer 1,layer 1,layer 1,319 Astro-TE NN,330 VLMC NN,0,0,9,6,"Frontal pole, layer 1,Secondary motor area, layer 1","Frontal pole, layer 1,Orbital area, lateral part, layer 1,Secondary motor area, layer 1,Orbital area, ventrolateral part, layer 1",,1.5,regions_2,regions_2,NonNeuron,NonNeuron,26,12,70,167,0.22857142857142856,0.09580838323353294,C57BL6J-1.026_319 Astro-TE NN_layer 1_merged_regions_table_cell_id.txt,C57BL6J-1.026_330 VLMC NN_layer 1_merged_regions_table_cell_id.txt
C57BL6J-1.026,layer 1,layer 1,layer 1,319 Astro-TE NN,331 Peri NN,0,0,21,14,"Frontal pole, layer 1,Secondary motor area, layer 1","Frontal pole, layer 1,Orbital area, lateral part, layer 1,Secondary motor area, layer 1,Orbital area, medial part, layer 1,Orbital area, ventrolateral part, layer 1",,1.5,regions_2,regions_1,NonNeuron,NonNeuron,26,19,70,334,0.6571428571428571,0.1377245508982036,C57BL6J-1.026_319 Astro-TE NN_layer 1_merged_regions_table_cell_id.txt,C57BL6J-1.026_331 Peri NN_layer 1_merged_regions_table_cell_id.txt
C57BL6J-1.026,layer 1,layer 1,layer 1,326 OPC NN,326 OPC NN,1,1,20,6,"Orbital area, medial part, layer 1,Frontal pole, layer 1,Prelimbic area, layer 1","Frontal pole, layer 1,Secondary motor area, layer 1",1.0,3.3333333333333335,regions_1,regions_2,NonNeuron,NonNeuron,6,24,42,220,0.0,0.0,C57BL6J-1.026_326 OPC NN_layer 1_merged_regions_table_cell_id.txt,C57BL6J-1.026_326 OPC NN_layer 1_merged_regions_table_cell_id.txt
C57BL6J-1.026,layer 1,layer 1,layer 1,326 OPC NN,327 Oligo NN,1,1,5,3,"Orbital area, medial part, layer 1,Frontal pole, layer 1,Prelimbic area, layer 1","Frontal pole, layer 1,Orbital area, medial part, layer 1,Orbital area, ventrolateral part, layer 1,Prelimbic area, layer 1",1.0,1.6666666666666667,regions_1,regions_1,NonNeuron,NonNeuron,6,5,42,97,0.5238095238095238,0.2268041237113402,C57BL6J-1.026_326 OPC NN_layer 1_merged_regions_table_cell_id.txt,C57BL6J-1.026_327 Oligo NN_layer 1_merged_regions_table_cell_id.txt
C57BL6J-1.026,layer 1,layer 1,layer 1,326 OPC NN,327 Oligo NN,1,1,1,1,"Orbital area, medial part, layer 1,Frontal pole, layer 1,Prelimbic area, layer 1","Orbital area, lateral part, layer 1,Secondary motor area, layer 1,Frontal pole, layer 1",1.0,1.0,regions_1,regions_2,NonNeuron,NonNeuron,6,4,42,71,0.0,0.0,C57BL6J-1.026_326 OPC NN_layer 1_merged_regions_table_cell_id.txt,C57BL6J-1.026_327 Oligo NN_layer 1_merged_regions_table_cell_id.txt
C57BL6J-1.026,layer 1,layer 1,layer 1,326 OPC NN,328 OEC NN,1,1,6,6,"Orbital area, medial part, layer 1,Frontal pole, layer 1,Prelimbic area, layer 1","Frontal pole, layer 1,Orbital area, lateral part, layer 1,Secondary motor area, layer 1,Orbital area, ventrolateral part, layer 1",1.0,1.0,regions_1,regions_1,NonNeuron,NonNeuron,6,4,42,156,0.0,0.0,C57BL6J-1.026_326 OPC NN_layer 1_merged_regions_table_cell_id.txt,C57BL6J-1.026_328 OEC NN_layer 1_merged_regions_table_cell_id.txt
C57BL6J-1.026,layer 1,layer 1,layer 1,326 OPC NN,330 VLMC NN,1,1,5,8,"Orbital area, medial part, layer 1,Frontal pole, layer 1,Prelimbic area, layer 1","Frontal pole, layer 1,Orbital area, medial part, layer 1,Prelimbic area, layer 1",1.0,0.625,regions_1,regions_1,NonNeuron,NonNeuron,6,14,42,119,0.9285714285714286,0.3277310924369748,C57BL6J-1.026_326 OPC NN_layer 1_merged_regions_table_cell_id.txt,C57BL6J-1.026_330 VLMC NN_layer 1_merged_regions_table_cell_id.txt
C57BL6J-1.026,layer 1,layer 1,layer 1,326 OPC NN,330 VLMC NN,1,1,9,6,"Orbital area, medial part, layer 1,Frontal pole, layer 1,Prelimbic area, layer 1","Frontal pole, layer 1,Orbital area, lateral part, layer 1,Secondary motor area, layer 1,Orbital area, ventrolateral part, layer 1",1.0,1.5,regions_1,regions_2,NonNeuron,NonNeuron,6,12,42,167,0.0,0.0,C57BL6J-1.026_326 OPC NN_layer 1_merged_regions_table_cell_id.txt,C57BL6J-1.026_330 VLMC NN_layer 1_merged_regions_table_cell_id.txt
C57BL6J-1.026,layer 1,layer 1,layer 1,326 OPC NN,331 Peri NN,1,1,21,14,"Orbital area, medial part, layer 1,Frontal pole, layer 1,Prelimbic area, layer 1","Frontal pole, layer 1,Orbital area, lateral part, layer 1,Secondary motor area, layer 1,Orbital area, medial part, layer 1,Orbital area, ventrolateral part, layer 1",1.0,1.5,regions_1,regions_1,NonNeuron,NonNeuron,6,19,42,334,0.30952380952380953,0.038922155688622756,C57BL6J-1.026_326 OPC NN_layer 1_merged_regions_table_cell_id.txt,C57BL6J-1.026_331 Peri NN_layer 1_merged_regions_table_cell_id.txt
C57BL6J-1.026,layer 1,layer 1,layer 1,326 OPC NN,327 Oligo NN,20,6,5,3,"Frontal pole, layer 1,Secondary motor area, layer 1","Frontal pole, layer 1,Orbital area, medial part, layer 1,Orbital area, ventrolateral part, layer 1,Prelimbic area, layer 1",3.3333333333333335,1.6666666666666667,regions_2,regions_1,NonNeuron,NonNeuron,24,5,220,97,0.0,0.0,C57BL6J-1.026_326 OPC NN_layer 1_merged_regions_table_cell_id.txt,C57BL6J-1.026_327 Oligo NN_layer 1_merged_regions_table_cell_id.txt
C57BL6J-1.026,layer 1,layer 1,layer 1,326 OPC NN,327 Oligo NN,20,6,1,1,"Frontal pole, layer 1,Secondary motor area, layer 1","Orbital area, lateral part, layer 1,Secondary motor area, layer 1,Frontal pole, layer 1",3.3333333333333335,1.0,regions_2,regions_2,NonNeuron,NonNeuron,24,4,220,71,0.18181818181818182,0.5633802816901409,C57BL6J-1.026_326 OPC NN_layer 1_merged_regions_table_cell_id.txt,C57BL6J-1.026_327 Oligo NN_layer 1_merged_regions_table_cell_id.txt
C57BL6J-1.026,layer 1,layer 1,layer 1,326 OPC NN,328 OEC NN,20,6,6,6,"Frontal pole, layer 1,Secondary motor area, layer 1","Frontal pole, layer 1,Orbital area, lateral part, layer 1,Secondary motor area, layer 1,Orbital area, ventrolateral part, layer 1",3.3333333333333335,1.0,regions_2,regions_1,NonNeuron,NonNeuron,24,4,220,156,0.36818181818181817,0.5192307692307693,C57BL6J-1.026_326 OPC NN_layer 1_merged_regions_table_cell_id.txt,C57BL6J-1.026_328 OEC NN_layer 1_merged_regions_table_cell_id.txt
C57BL6J-1.026,layer 1,layer 1,layer 1,326 OPC NN,330 VLMC NN,20,6,5,8,"Frontal pole, layer 1,Secondary motor area, layer 1","Frontal pole, layer 1,Orbital area, medial part, layer 1,Prelimbic area, layer 1",3.3333333333333335,0.625,regions_2,regions_1,NonNeuron,NonNeuron,24,14,220,119,0.0,0.0,C57BL6J-1.026_326 OPC NN_layer 1_merged_regions_table_cell_id.txt,C57BL6J-1.026_330 VLMC NN_layer 1_merged_regions_table_cell_id.txt
C57BL6J-1.026,layer 1,layer 1,layer 1,326 OPC NN,330 VLMC NN,20,6,9,6,"Frontal pole, layer 1,Secondary motor area, layer 1","Frontal pole, layer 1,Orbital area, lateral part, layer 1,Secondary motor area, layer 1,Orbital area, ventrolateral part, layer 1",3.3333333333333335,1.5,regions_2,regions_2,NonNeuron,NonNeuron,24,12,220,167,0.3409090909090909,0.4491017964071856,C57BL6J-1.026_326 OPC NN_layer 1_merged_regions_table_cell_id.txt,C57BL6J-1.026_330 VLMC NN_layer 1_merged_regions_table_cell_id.txt
C57BL6J-1.026,layer 1,layer 1,layer 1,326 OPC NN,331 Peri NN,20,6,21,14,"Frontal pole, layer 1,Secondary motor area, layer 1","Frontal pole, layer 1,Orbital area, lateral part, layer 1,Secondary motor area, layer 1,Orbital area, medial part, layer 1,Orbital area, ventrolateral part, layer 1",3.3333333333333335,1.5,regions_2,regions_1,NonNeuron,NonNeuron,24,19,220,334,0.7318181818181818,0.4820359281437126,C57BL6J-1.026_326 OPC NN_layer 1_merged_regions_table_cell_id.txt,C57BL6J-1.026_331 Peri NN_layer 1_merged_regions_table_cell_id.txt
C57BL6J-1.026,layer 1,layer 1,layer 1,327 Oligo NN,327 Oligo NN,5,3,1,1,"Frontal pole, layer 1,Orbital area, medial part, layer 1,Orbital area, ventrolateral part, layer 1,Prelimbic area, layer 1","Orbital area, lateral part, layer 1,Secondary motor area, layer 1,Frontal pole, layer 1",1.6666666666666667,1.0,regions_1,regions_2,NonNeuron,NonNeuron,5,4,97,71,0.0,0.0,C57BL6J-1.026_327 Oligo NN_layer 1_merged_regions_table_cell_id.txt,C57BL6J-1.026_327 Oligo NN_layer 1_merged_regions_table_cell_id.txt
C57BL6J-1.026,layer 1,layer 1,layer 1,327 Oligo NN,328 OEC NN,5,3,6,6,"Frontal pole, layer 1,Orbital area, medial part, layer 1,Orbital area, ventrolateral part, layer 1,Prelimbic area, layer 1","Frontal pole, layer 1,Orbital area, lateral part, layer 1,Secondary motor area, layer 1,Orbital area, ventrolateral part, layer 1",1.6666666666666667,1.0,regions_1,regions_1,NonNeuron,NonNeuron,5,4,97,156,0.07216494845360824,0.04487179487179487,C57BL6J-1.026_327 Oligo NN_layer 1_merged_regions_table_cell_id.txt,C57BL6J-1.026_328 OEC NN_layer 1_merged_regions_table_cell_id.txt
C57BL6J-1.026,layer 1,layer 1,layer 1,327 Oligo NN,330 VLMC NN,5,3,5,8,"Frontal pole, layer 1,Orbital area, medial part, layer 1,Orbital area, ventrolateral part, layer 1,Prelimbic area, layer 1","Frontal pole, layer 1,Orbital area, medial part, layer 1,Prelimbic area, layer 1",1.6666666666666667,0.625,regions_1,regions_1,NonNeuron,NonNeuron,5,14,97,119,0.32989690721649484,0.2689075630252101,C57BL6J-1.026_327 Oligo NN_layer 1_merged_regions_table_cell_id.txt,C57BL6J-1.026_330 VLMC NN_layer 1_merged_regions_table_cell_id.txt
C57BL6J-1.026,layer 1,layer 1,layer 1,327 Oligo NN,330 VLMC NN,5,3,9,6,"Frontal pole, layer 1,Orbital area, medial part, layer 1,Orbital area, ventrolateral part, layer 1,Prelimbic area, layer 1","Frontal pole, layer 1,Orbital area, lateral part, layer 1,Secondary motor area, layer 1,Orbital area, ventrolateral part, layer 1",1.6666666666666667,1.5,regions_1,regions_2,NonNeuron,NonNeuron,5,12,97,167,0.24742268041237114,0.1437125748502994,C57BL6J-1.026_327 Oligo NN_layer 1_merged_regions_table_cell_id.txt,C57BL6J-1.026_330 VLMC NN_layer 1_merged_regions_table_cell_id.txt
C57BL6J-1.026,layer 1,layer 1,layer 1,327 Oligo NN,331 Peri NN,5,3,21,14,"Frontal pole, layer 1,Orbital area, medial part, layer 1,Orbital area, ventrolateral part, layer 1,Prelimbic area, layer 1","Frontal pole, layer 1,Orbital area, lateral part, layer 1,Secondary motor area, layer 1,Orbital area, medial part, layer 1,Orbital area, ventrolateral part, layer 1",1.6666666666666667,1.5,regions_1,regions_1,NonNeuron,NonNeuron,5,19,97,334,0.8556701030927835,0.24850299401197604,C57BL6J-1.026_327 Oligo NN_layer 1_merged_regions_table_cell_id.txt,C57BL6J-1.026_331 Peri NN_layer 1_merged_regions_table_cell_id.txt
C57BL6J-1.026,layer 1,layer 1,layer 1,327 Oligo NN,328 OEC NN,1,1,6,6,"Orbital area, lateral part, layer 1,Secondary motor area, layer 1,Frontal pole, layer 1","Frontal pole, layer 1,Orbital area, lateral part, layer 1,Secondary motor area, layer 1,Orbital area, ventrolateral part, layer 1",1.0,1.0,regions_2,regions_1,NonNeuron,NonNeuron,4,4,71,156,0.6901408450704225,0.3141025641025641,C57BL6J-1.026_327 Oligo NN_layer 1_merged_regions_table_cell_id.txt,C57BL6J-1.026_328 OEC NN_layer 1_merged_regions_table_cell_id.txt
C57BL6J-1.026,layer 1,layer 1,layer 1,327 Oligo NN,330 VLMC NN,1,1,5,8,"Orbital area, lateral part, layer 1,Secondary motor area, layer 1,Frontal pole, layer 1","Frontal pole, layer 1,Orbital area, medial part, layer 1,Prelimbic area, layer 1",1.0,0.625,regions_2,regions_1,NonNeuron,NonNeuron,4,14,71,119,0.0,0.0,C57BL6J-1.026_327 Oligo NN_layer 1_merged_regions_table_cell_id.txt,C57BL6J-1.026_330 VLMC NN_layer 1_merged_regions_table_cell_id.txt
C57BL6J-1.026,layer 1,layer 1,layer 1,327 Oligo NN,330 VLMC NN,1,1,9,6,"Orbital area, lateral part, layer 1,Secondary motor area, layer 1,Frontal pole, layer 1","Frontal pole, layer 1,Orbital area, lateral part, layer 1,Secondary motor area, layer 1,Orbital area, ventrolateral part, layer 1",1.0,1.5,regions_2,regions_2,NonNeuron,NonNeuron,4,12,71,167,0.6901408450704225,0.2934131736526946,C57BL6J-1.026_327 Oligo NN_layer 1_merged_regions_table_cell_id.txt,C57BL6J-1.026_330 VLMC NN_layer 1_merged_regions_table_cell_id.txt
C57BL6J-1.026,layer 1,layer 1,layer 1,327 Oligo NN,331 Peri NN,1,1,21,14,"Orbital area, lateral part, layer 1,Secondary motor area, layer 1,Frontal pole, layer 1","Frontal pole, layer 1,Orbital area, lateral part, layer 1,Secondary motor area, layer 1,Orbital area, medial part, layer 1,Orbital area, ventrolateral part, layer 1",1.0,1.5,regions_2,regions_1,NonNeuron,NonNeuron,4,19,71,334,0.7605633802816901,0.16167664670658682,C57BL6J-1.026_327 Oligo NN_layer 1_merged_regions_table_cell_id.txt,C57BL6J-1.026_331 Peri NN_layer 1_merged_regions_table_cell_id.txt
C57BL6J-1.026,layer 1,layer 1,layer 1,328 OEC NN,330 VLMC NN,6,6,5,8,"Frontal pole, layer 1,Orbital area, lateral part, layer 1,Secondary motor area, layer 1,Orbital area, ventrolateral part, layer 1","Frontal pole, layer 1,Orbital area, medial part, layer 1,Prelimbic area, layer 1",1.0,0.625,regions_1,regions_1,NonNeuron,NonNeuron,4,14,156,119,0.0,0.0,C57BL6J-1.026_328 OEC NN_layer 1_merged_regions_table_cell_id.txt,C57BL6J-1.026_330 VLMC NN_layer 1_merged_regions_table_cell_id.txt
C57BL6J-1.026,layer 1,layer 1,layer 1,328 OEC NN,330 VLMC NN,6,6,9,6,"Frontal pole, layer 1,Orbital area, lateral part, layer 1,Secondary motor area, layer 1,Orbital area, ventrolateral part, layer 1","Frontal pole, layer 1,Orbital area, lateral part, layer 1,Secondary motor area, layer 1,Orbital area, ventrolateral part, layer 1",1.0,1.5,regions_1,regions_2,NonNeuron,NonNeuron,4,12,156,167,0.9230769230769231,0.8622754491017964,C57BL6J-1.026_328 OEC NN_layer 1_merged_regions_table_cell_id.txt,C57BL6J-1.026_330 VLMC NN_layer 1_merged_regions_table_cell_id.txt
C57BL6J-1.026,layer 1,layer 1,layer 1,328 OEC NN,331 Peri NN,6,6,21,14,"Frontal pole, layer 1,Orbital area, lateral part, layer 1,Secondary motor area, layer 1,Orbital area, ventrolateral part, layer 1","Frontal pole, layer 1,Orbital area, lateral part, layer 1,Secondary motor area, layer 1,Orbital area, medial part, layer 1,Orbital area, ventrolateral part, layer 1",1.0,1.5,regions_1,regions_1,NonNeuron,NonNeuron,4,19,156,334,0.9423076923076923,0.44011976047904194,C57BL6J-1.026_328 OEC NN_layer 1_merged_regions_table_cell_id.txt,C57BL6J-1.026_331 Peri NN_layer 1_merged_regions_table_cell_id.txt
C57BL6J-1.026,layer 1,layer 1,layer 1,330 VLMC NN,330 VLMC NN,5,8,9,6,"Frontal pole, layer 1,Orbital area, medial part, layer 1,Prelimbic area, layer 1","Frontal pole, layer 1,Orbital area, lateral part, layer 1,Secondary motor area, layer 1,Orbital area, ventrolateral part, layer 1",0.625,1.5,regions_1,regions_2,NonNeuron,NonNeuron,14,12,119,167,0.0,0.0,C57BL6J-1.026_330 VLMC NN_layer 1_merged_regions_table_cell_id.txt,C57BL6J-1.026_330 VLMC NN_layer 1_merged_regions_table_cell_id.txt
C57BL6J-1.026,layer 1,layer 1,layer 1,330 VLMC NN,331 Peri NN,5,8,21,14,"Frontal pole, layer 1,Orbital area, medial part, layer 1,Prelimbic area, layer 1","Frontal pole, layer 1,Orbital area, lateral part, layer 1,Secondary motor area, layer 1,Orbital area, medial part, layer 1,Orbital area, ventrolateral part, layer 1",0.625,1.5,regions_1,regions_1,NonNeuron,NonNeuron,14,19,119,334,0.226890756302521,0.08083832335329341,C57BL6J-1.026_330 VLMC NN_layer 1_merged_regions_table_cell_id.txt,C57BL6J-1.026_331 Peri NN_layer 1_merged_regions_table_cell_id.txt
C57BL6J-1.026,layer 1,layer 1,layer 1,330 VLMC NN,331 Peri NN,9,6,21,14,"Frontal pole, layer 1,Orbital area, lateral part, layer 1,Secondary motor area, layer 1,Orbital area, ventrolateral part, layer 1","Frontal pole, layer 1,Orbital area, lateral part, layer 1,Secondary motor area, layer 1,Orbital area, medial part, layer 1,Orbital area, ventrolateral part, layer 1",1.5,1.5,regions_2,regions_1,NonNeuron,NonNeuron,12,19,167,334,0.9461077844311377,0.47305389221556887,C57BL6J-1.026_330 VLMC NN_layer 1_merged_regions_table_cell_id.txt,C57BL6J-1.026_331 Peri NN_layer 1_merged_regions_table_cell_id.txt
C57BL6J-1.026,layer 2/3,layer 2/3,layer 2/3,007 L2/3 IT CTX Glut,052 Pvalb Gaba,69,7,12,2,"Frontal pole, layer 2/3","Frontal pole, layer 2/3",9.857142857142858,6.0,regions_1,regions_1,Glut,GABA,69,2,106,20,0.18867924528301888,1.0,C57BL6J-1.026_007 L2&3 IT CTX Glut_layer 2&3_merged_regions_table_cell_id.txt,C57BL6J-1.026_052 Pvalb Gaba_layer 2&3_merged_regions_table_cell_id.txt
C57BL6J-1.026,layer 2/3,layer 2/3,layer 2/3,007 L2/3 IT CTX Glut,319 Astro-TE NN,69,7,18,3,"Frontal pole, layer 2/3","Frontal pole, layer 2/3",9.857142857142858,6.0,regions_1,regions_1,Glut,NonNeuron,69,5,106,40,0.2358490566037736,0.625,C57BL6J-1.026_007 L2&3 IT CTX Glut_layer 2&3_merged_regions_table_cell_id.txt,C57BL6J-1.026_319 Astro-TE NN_layer 2&3_merged_regions_table_cell_id.txt
C57BL6J-1.026,layer 2/3,layer 2/3,layer 2/3,007 L2/3 IT CTX Glut,326 OPC NN,69,7,71,14,"Frontal pole, layer 2/3","Frontal pole, layer 2/3",9.857142857142858,5.071428571428571,regions_1,regions_1,Glut,NonNeuron,69,6,106,132,0.22641509433962265,0.18181818181818182,C57BL6J-1.026_007 L2&3 IT CTX Glut_layer 2&3_merged_regions_table_cell_id.txt,C57BL6J-1.026_326 OPC NN_layer 2&3_merged_regions_table_cell_id.txt
C57BL6J-1.026,layer 2/3,layer 2/3,layer 2/3,052 Pvalb Gaba,319 Astro-TE NN,12,2,18,3,"Frontal pole, layer 2/3","Frontal pole, layer 2/3",6.0,6.0,regions_1,regions_1,GABA,NonNeuron,2,5,20,40,0.15,0.075,C57BL6J-1.026_052 Pvalb Gaba_layer 2&3_merged_regions_table_cell_id.txt,C57BL6J-1.026_319 Astro-TE NN_layer 2&3_merged_regions_table_cell_id.txt
C57BL6J-1.026,layer 2/3,layer 2/3,layer 2/3,052 Pvalb Gaba,326 OPC NN,12,2,71,14,"Frontal pole, layer 2/3","Frontal pole, layer 2/3",6.0,5.071428571428571,regions_1,regions_1,GABA,NonNeuron,2,6,20,132,0.0,0.0,C57BL6J-1.026_052 Pvalb Gaba_layer 2&3_merged_regions_table_cell_id.txt,C57BL6J-1.026_326 OPC NN_layer 2&3_merged_regions_table_cell_id.txt
C57BL6J-1.026,layer 2/3,layer 2/3,layer 2/3,319 Astro-TE NN,326 OPC NN,18,3,71,14,"Frontal pole, layer 2/3","Frontal pole, layer 2/3",6.0,5.071428571428571,regions_1,regions_1,NonNeuron,NonNeuron,5,6,40,132,0.575,0.17424242424242425,C57BL6J-1.026_319 Astro-TE NN_layer 2&3_merged_regions_table_cell_id.txt,C57BL6J-1.026_326 OPC NN_layer 2&3_merged_regions_table_cell_id.txt
