slide,layer,a_layer,b_layer,a_class,b_class,a_glutotal,a_gabatotal,b_glutotal,b_gabatotal,a_region,b_region,a_ei,b_ei,a_merge_region,b_merge_region,a_cell_Neuron_type,b_cell_Neuron_type,a_enrich_class_cell_ids_num,b_enrich_class_cell_ids_num,a_cell_id_n,b_cell_id_n,overlap_a_in_b,overlap_b_in_a,a_source_file,b_source_file
C57BL6J-1.026,layer 1,layer 1,layer 1,007 L2/3 IT CTX Glut,007 L2/3 IT CTX Glut,13,11,11,6,"Frontal pole, layer 1,Orbital area, lateral part, layer 1,Orbital area, ventrolateral part, layer 1,Orbital area, medial part, layer 1","Frontal pole, layer 1,Secondary motor area, layer 1",1.1818181818181819,1.8333333333333333,regions_1,regions_2,,,13,11,24,17,0.0,0.0,sample_2_C57BL6J-1.026_layer 1_007 L2.3 IT CTX Glut_merged_regions_table_cell_id.txt,sample_2_C57BL6J-1.026_layer 1_007 L2.3 IT CTX Glut_merged_regions_table_cell_id.txt
C57BL6J-1.026,layer 1,layer 1,layer 1,007 L2/3 IT CTX Glut,046 Vip Gaba,13,11,15,14,"Frontal pole, layer 1,Orbital area, lateral part, layer 1,Orbital area, ventrolateral part, layer 1,Orbital area, medial part, layer 1","Prelimbic area, layer 1,Orbital area, lateral part, layer 1,Frontal pole, layer 1,Orbital area, ventrolateral part, layer 1,Orbital area, medial part, layer 1",1.1818181818181819,1.0714285714285714,regions_1,regions_1,,,13,3,24,29,0.8333333333333334,0.6896551724137931,sample_2_C57BL6J-1.026_layer 1_007 L2.3 IT CTX Glut_merged_regions_table_cell_id.txt,sample_2_C57BL6J-1.026_layer 1_046 Vip Gaba_merged_regions_table_cell_id.txt
C57BL6J-1.026,layer 1,layer 1,layer 1,007 L2/3 IT CTX Glut,047 Sncg Gaba,13,11,9,10,"Frontal pole, layer 1,Orbital area, lateral part, layer 1,Orbital area, ventrolateral part, layer 1,Orbital area, medial part, layer 1","Prelimbic area, layer 1,Frontal pole, layer 1,Orbital area, medial part, layer 1",1.1818181818181819,0.9,regions_1,regions_1,,,13,3,24,19,0.4166666666666667,0.5263157894736842,sample_2_C57BL6J-1.026_layer 1_007 L2.3 IT CTX Glut_merged_regions_table_cell_id.txt,sample_2_C57BL6J-1.026_layer 1_047 Sncg Gaba_merged_regions_table_cell_id.txt
C57BL6J-1.026,layer 1,layer 1,layer 1,007 L2/3 IT CTX Glut,049 Lamp5 Gaba,13,11,14,13,"Frontal pole, layer 1,Orbital area, lateral part, layer 1,Orbital area, ventrolateral part, layer 1,Orbital area, medial part, layer 1","Orbital area, lateral part, layer 1,Frontal pole, layer 1,Orbital area, ventrolateral part, layer 1",1.1818181818181819,1.0769230769230769,regions_1,regions_1,,,13,8,24,27,0.7083333333333334,0.6296296296296297,sample_2_C57BL6J-1.026_layer 1_007 L2.3 IT CTX Glut_merged_regions_table_cell_id.txt,sample_2_C57BL6J-1.026_layer 1_049 Lamp5 Gaba_merged_regions_table_cell_id.txt
C57BL6J-1.026,layer 1,layer 1,layer 1,007 L2/3 IT CTX Glut,051 Pvalb chandelier Gaba,13,11,9,7,"Frontal pole, layer 1,Orbital area, lateral part, layer 1,Orbital area, ventrolateral part, layer 1,Orbital area, medial part, layer 1","Secondary motor area, layer 1,Frontal pole, layer 1",1.1818181818181819,1.2857142857142858,regions_1,regions_1,,,13,2,24,16,0.0,0.0,sample_2_C57BL6J-1.026_layer 1_007 L2.3 IT CTX Glut_merged_regions_table_cell_id.txt,sample_2_C57BL6J-1.026_layer 1_051 Pvalb chandelier Gaba_merged_regions_table_cell_id.txt
C57BL6J-1.026,layer 1,layer 1,layer 1,007 L2/3 IT CTX Glut,053 Sst Gaba,13,11,4,4,"Frontal pole, layer 1,Orbital area, lateral part, layer 1,Orbital area, ventrolateral part, layer 1,Orbital area, medial part, layer 1","Frontal pole, layer 1,Orbital area, ventrolateral part, layer 1,Orbital area, medial part, layer 1",1.1818181818181819,1.0,regions_1,regions_1,,,13,2,24,8,0.2916666666666667,0.875,sample_2_C57BL6J-1.026_layer 1_007 L2.3 IT CTX Glut_merged_regions_table_cell_id.txt,sample_2_C57BL6J-1.026_layer 1_053 Sst Gaba_merged_regions_table_cell_id.txt
C57BL6J-1.026,layer 1,layer 1,layer 1,007 L2/3 IT CTX Glut,046 Vip Gaba,11,6,15,14,"Frontal pole, layer 1,Secondary motor area, layer 1","Prelimbic area, layer 1,Orbital area, lateral part, layer 1,Frontal pole, layer 1,Orbital area, ventrolateral part, layer 1,Orbital area, medial part, layer 1",1.8333333333333333,1.0714285714285714,regions_2,regions_1,,,11,3,17,29,0.0,0.0,sample_2_C57BL6J-1.026_layer 1_007 L2.3 IT CTX Glut_merged_regions_table_cell_id.txt,sample_2_C57BL6J-1.026_layer 1_046 Vip Gaba_merged_regions_table_cell_id.txt
C57BL6J-1.026,layer 1,layer 1,layer 1,007 L2/3 IT CTX Glut,047 Sncg Gaba,11,6,9,10,"Frontal pole, layer 1,Secondary motor area, layer 1","Prelimbic area, layer 1,Frontal pole, layer 1,Orbital area, medial part, layer 1",1.8333333333333333,0.9,regions_2,regions_1,,,11,3,17,19,0.0,0.0,sample_2_C57BL6J-1.026_layer 1_007 L2.3 IT CTX Glut_merged_regions_table_cell_id.txt,sample_2_C57BL6J-1.026_layer 1_047 Sncg Gaba_merged_regions_table_cell_id.txt
C57BL6J-1.026,layer 1,layer 1,layer 1,007 L2/3 IT CTX Glut,049 Lamp5 Gaba,11,6,14,13,"Frontal pole, layer 1,Secondary motor area, layer 1","Orbital area, lateral part, layer 1,Frontal pole, layer 1,Orbital area, ventrolateral part, layer 1",1.8333333333333333,1.0769230769230769,regions_2,regions_1,,,11,8,17,27,0.0,0.0,sample_2_C57BL6J-1.026_layer 1_007 L2.3 IT CTX Glut_merged_regions_table_cell_id.txt,sample_2_C57BL6J-1.026_layer 1_049 Lamp5 Gaba_merged_regions_table_cell_id.txt
C57BL6J-1.026,layer 1,layer 1,layer 1,007 L2/3 IT CTX Glut,051 Pvalb chandelier Gaba,11,6,9,7,"Frontal pole, layer 1,Secondary motor area, layer 1","Secondary motor area, layer 1,Frontal pole, layer 1",1.8333333333333333,1.2857142857142858,regions_2,regions_1,,,11,2,17,16,0.0,0.0,sample_2_C57BL6J-1.026_layer 1_007 L2.3 IT CTX Glut_merged_regions_table_cell_id.txt,sample_2_C57BL6J-1.026_layer 1_051 Pvalb chandelier Gaba_merged_regions_table_cell_id.txt
C57BL6J-1.026,layer 1,layer 1,layer 1,007 L2/3 IT CTX Glut,053 Sst Gaba,11,6,4,4,"Frontal pole, layer 1,Secondary motor area, layer 1","Frontal pole, layer 1,Orbital area, ventrolateral part, layer 1,Orbital area, medial part, layer 1",1.8333333333333333,1.0,regions_2,regions_1,,,11,2,17,8,0.0,0.0,sample_2_C57BL6J-1.026_layer 1_007 L2.3 IT CTX Glut_merged_regions_table_cell_id.txt,sample_2_C57BL6J-1.026_layer 1_053 Sst Gaba_merged_regions_table_cell_id.txt
C57BL6J-1.026,layer 1,layer 1,layer 1,046 Vip Gaba,047 Sncg Gaba,15,14,9,10,"Prelimbic area, layer 1,Orbital area, lateral part, layer 1,Frontal pole, layer 1,Orbital area, ventrolateral part, layer 1,Orbital area, medial part, layer 1","Prelimbic area, layer 1,Frontal pole, layer 1,Orbital area, medial part, layer 1",1.0714285714285714,0.9,regions_1,regions_1,,,3,3,29,19,0.5172413793103449,0.7894736842105263,sample_2_C57BL6J-1.026_layer 1_046 Vip Gaba_merged_regions_table_cell_id.txt,sample_2_C57BL6J-1.026_layer 1_047 Sncg Gaba_merged_regions_table_cell_id.txt
C57BL6J-1.026,layer 1,layer 1,layer 1,046 Vip Gaba,049 Lamp5 Gaba,15,14,14,13,"Prelimbic area, layer 1,Orbital area, lateral part, layer 1,Frontal pole, layer 1,Orbital area, ventrolateral part, layer 1,Orbital area, medial part, layer 1","Orbital area, lateral part, layer 1,Frontal pole, layer 1,Orbital area, ventrolateral part, layer 1",1.0714285714285714,1.0769230769230769,regions_1,regions_1,,,3,8,29,27,0.5862068965517241,0.6296296296296297,sample_2_C57BL6J-1.026_layer 1_046 Vip Gaba_merged_regions_table_cell_id.txt,sample_2_C57BL6J-1.026_layer 1_049 Lamp5 Gaba_merged_regions_table_cell_id.txt
C57BL6J-1.026,layer 1,layer 1,layer 1,046 Vip Gaba,051 Pvalb chandelier Gaba,15,14,9,7,"Prelimbic area, layer 1,Orbital area, lateral part, layer 1,Frontal pole, layer 1,Orbital area, ventrolateral part, layer 1,Orbital area, medial part, layer 1","Secondary motor area, layer 1,Frontal pole, layer 1",1.0714285714285714,1.2857142857142858,regions_1,regions_1,,,3,2,29,16,0.0,0.0,sample_2_C57BL6J-1.026_layer 1_046 Vip Gaba_merged_regions_table_cell_id.txt,sample_2_C57BL6J-1.026_layer 1_051 Pvalb chandelier Gaba_merged_regions_table_cell_id.txt
C57BL6J-1.026,layer 1,layer 1,layer 1,046 Vip Gaba,053 Sst Gaba,15,14,4,4,"Prelimbic area, layer 1,Orbital area, lateral part, layer 1,Frontal pole, layer 1,Orbital area, ventrolateral part, layer 1,Orbital area, medial part, layer 1","Frontal pole, layer 1,Orbital area, ventrolateral part, layer 1,Orbital area, medial part, layer 1",1.0714285714285714,1.0,regions_1,regions_1,,,3,2,29,8,0.13793103448275862,0.5,sample_2_C57BL6J-1.026_layer 1_046 Vip Gaba_merged_regions_table_cell_id.txt,sample_2_C57BL6J-1.026_layer 1_053 Sst Gaba_merged_regions_table_cell_id.txt
C57BL6J-1.026,layer 1,layer 1,layer 1,047 Sncg Gaba,049 Lamp5 Gaba,9,10,14,13,"Prelimbic area, layer 1,Frontal pole, layer 1,Orbital area, medial part, layer 1","Orbital area, lateral part, layer 1,Frontal pole, layer 1,Orbital area, ventrolateral part, layer 1",0.9,1.0769230769230769,regions_1,regions_1,,,3,8,19,27,0.2631578947368421,0.18518518518518517,sample_2_C57BL6J-1.026_layer 1_047 Sncg Gaba_merged_regions_table_cell_id.txt,sample_2_C57BL6J-1.026_layer 1_049 Lamp5 Gaba_merged_regions_table_cell_id.txt
C57BL6J-1.026,layer 1,layer 1,layer 1,047 Sncg Gaba,051 Pvalb chandelier Gaba,9,10,9,7,"Prelimbic area, layer 1,Frontal pole, layer 1,Orbital area, medial part, layer 1","Secondary motor area, layer 1,Frontal pole, layer 1",0.9,1.2857142857142858,regions_1,regions_1,,,3,2,19,16,0.0,0.0,sample_2_C57BL6J-1.026_layer 1_047 Sncg Gaba_merged_regions_table_cell_id.txt,sample_2_C57BL6J-1.026_layer 1_051 Pvalb chandelier Gaba_merged_regions_table_cell_id.txt
C57BL6J-1.026,layer 1,layer 1,layer 1,047 Sncg Gaba,053 Sst Gaba,9,10,4,4,"Prelimbic area, layer 1,Frontal pole, layer 1,Orbital area, medial part, layer 1","Frontal pole, layer 1,Orbital area, ventrolateral part, layer 1,Orbital area, medial part, layer 1",0.9,1.0,regions_1,regions_1,,,3,2,19,8,0.3157894736842105,0.75,sample_2_C57BL6J-1.026_layer 1_047 Sncg Gaba_merged_regions_table_cell_id.txt,sample_2_C57BL6J-1.026_layer 1_053 Sst Gaba_merged_regions_table_cell_id.txt
C57BL6J-1.026,layer 1,layer 1,layer 1,049 Lamp5 Gaba,051 Pvalb chandelier Gaba,14,13,9,7,"Orbital area, lateral part, layer 1,Frontal pole, layer 1,Orbital area, ventrolateral part, layer 1","Secondary motor area, layer 1,Frontal pole, layer 1",1.0769230769230769,1.2857142857142858,regions_1,regions_1,,,8,2,27,16,0.25925925925925924,0.4375,sample_2_C57BL6J-1.026_layer 1_049 Lamp5 Gaba_merged_regions_table_cell_id.txt,sample_2_C57BL6J-1.026_layer 1_051 Pvalb chandelier Gaba_merged_regions_table_cell_id.txt
C57BL6J-1.026,layer 1,layer 1,layer 1,049 Lamp5 Gaba,053 Sst Gaba,14,13,4,4,"Orbital area, lateral part, layer 1,Frontal pole, layer 1,Orbital area, ventrolateral part, layer 1","Frontal pole, layer 1,Orbital area, ventrolateral part, layer 1,Orbital area, medial part, layer 1",1.0769230769230769,1.0,regions_1,regions_1,,,8,2,27,8,0.0,0.0,sample_2_C57BL6J-1.026_layer 1_049 Lamp5 Gaba_merged_regions_table_cell_id.txt,sample_2_C57BL6J-1.026_layer 1_053 Sst Gaba_merged_regions_table_cell_id.txt
C57BL6J-1.026,layer 1,layer 1,layer 1,051 Pvalb chandelier Gaba,053 Sst Gaba,9,7,4,4,"Secondary motor area, layer 1,Frontal pole, layer 1","Frontal pole, layer 1,Orbital area, ventrolateral part, layer 1,Orbital area, medial part, layer 1",1.2857142857142858,1.0,regions_1,regions_1,,,2,2,16,8,0.0,0.0,sample_2_C57BL6J-1.026_layer 1_051 Pvalb chandelier Gaba_merged_regions_table_cell_id.txt,sample_2_C57BL6J-1.026_layer 1_053 Sst Gaba_merged_regions_table_cell_id.txt
C57BL6J-1.026,layer 2/3,layer 2/3,layer 2/3,007 L2/3 IT CTX Glut,046 Vip Gaba,89,11,70,15,"Frontal pole, layer 2/3","Frontal pole, layer 2/3",8.090909090909092,4.666666666666667,regions_1,regions_1,,,89,6,100,85,0.67,0.788235294117647,sample_2_C57BL6J-1.026_layer 2.3_007 L2.3 IT CTX Glut_merged_regions_table_cell_id.txt,sample_2_C57BL6J-1.026_layer 2.3_046 Vip Gaba_merged_regions_table_cell_id.txt
C57BL6J-1.026,layer 2/3,layer 2/3,layer 2/3,007 L2/3 IT CTX Glut,049 Lamp5 Gaba,89,11,64,10,"Frontal pole, layer 2/3","Frontal pole, layer 2/3",8.090909090909092,6.4,regions_1,regions_1,,,89,4,100,74,0.36,0.4864864864864865,sample_2_C57BL6J-1.026_layer 2.3_007 L2.3 IT CTX Glut_merged_regions_table_cell_id.txt,sample_2_C57BL6J-1.026_layer 2.3_049 Lamp5 Gaba_merged_regions_table_cell_id.txt
C57BL6J-1.026,layer 2/3,layer 2/3,layer 2/3,007 L2/3 IT CTX Glut,052 Pvalb Gaba,89,11,0,1,"Frontal pole, layer 2/3","Frontal pole, layer 2/3",8.090909090909092,0.0,regions_1,regions_1,,,89,1,100,1,0.01,1.0,sample_2_C57BL6J-1.026_layer 2.3_007 L2.3 IT CTX Glut_merged_regions_table_cell_id.txt,sample_2_C57BL6J-1.026_layer 2.3_052 Pvalb Gaba_merged_regions_table_cell_id.txt
C57BL6J-1.026,layer 2/3,layer 2/3,layer 2/3,007 L2/3 IT CTX Glut,053 Sst Gaba,89,11,15,1,"Frontal pole, layer 2/3","Frontal pole, layer 2/3",8.090909090909092,15.0,regions_1,regions_1,,,89,1,100,16,0.16,1.0,sample_2_C57BL6J-1.026_layer 2.3_007 L2.3 IT CTX Glut_merged_regions_table_cell_id.txt,sample_2_C57BL6J-1.026_layer 2.3_053 Sst Gaba_merged_regions_table_cell_id.txt
C57BL6J-1.026,layer 2/3,layer 2/3,layer 2/3,046 Vip Gaba,049 Lamp5 Gaba,70,15,64,10,"Frontal pole, layer 2/3","Frontal pole, layer 2/3",4.666666666666667,6.4,regions_1,regions_1,,,6,4,85,74,0.5294117647058824,0.6081081081081081,sample_2_C57BL6J-1.026_layer 2.3_046 Vip Gaba_merged_regions_table_cell_id.txt,sample_2_C57BL6J-1.026_layer 2.3_049 Lamp5 Gaba_merged_regions_table_cell_id.txt
C57BL6J-1.026,layer 2/3,layer 2/3,layer 2/3,046 Vip Gaba,052 Pvalb Gaba,70,15,0,1,"Frontal pole, layer 2/3","Frontal pole, layer 2/3",4.666666666666667,0.0,regions_1,regions_1,,,6,1,85,1,0.011764705882352941,1.0,sample_2_C57BL6J-1.026_layer 2.3_046 Vip Gaba_merged_regions_table_cell_id.txt,sample_2_C57BL6J-1.026_layer 2.3_052 Pvalb Gaba_merged_regions_table_cell_id.txt
C57BL6J-1.026,layer 2/3,layer 2/3,layer 2/3,046 Vip Gaba,053 Sst Gaba,70,15,15,1,"Frontal pole, layer 2/3","Frontal pole, layer 2/3",4.666666666666667,15.0,regions_1,regions_1,,,6,1,85,16,0.0,0.0,sample_2_C57BL6J-1.026_layer 2.3_046 Vip Gaba_merged_regions_table_cell_id.txt,sample_2_C57BL6J-1.026_layer 2.3_053 Sst Gaba_merged_regions_table_cell_id.txt
C57BL6J-1.026,layer 2/3,layer 2/3,layer 2/3,049 Lamp5 Gaba,052 Pvalb Gaba,64,10,0,1,"Frontal pole, layer 2/3","Frontal pole, layer 2/3",6.4,0.0,regions_1,regions_1,,,4,1,74,1,0.013513513513513514,1.0,sample_2_C57BL6J-1.026_layer 2.3_049 Lamp5 Gaba_merged_regions_table_cell_id.txt,sample_2_C57BL6J-1.026_layer 2.3_052 Pvalb Gaba_merged_regions_table_cell_id.txt
C57BL6J-1.026,layer 2/3,layer 2/3,layer 2/3,049 Lamp5 Gaba,053 Sst Gaba,64,10,15,1,"Frontal pole, layer 2/3","Frontal pole, layer 2/3",6.4,15.0,regions_1,regions_1,,,4,1,74,16,0.04054054054054054,0.1875,sample_2_C57BL6J-1.026_layer 2.3_049 Lamp5 Gaba_merged_regions_table_cell_id.txt,sample_2_C57BL6J-1.026_layer 2.3_053 Sst Gaba_merged_regions_table_cell_id.txt
C57BL6J-1.026,layer 2/3,layer 2/3,layer 2/3,052 Pvalb Gaba,053 Sst Gaba,0,1,15,1,"Frontal pole, layer 2/3","Frontal pole, layer 2/3",0.0,15.0,regions_1,regions_1,,,1,1,1,16,0.0,0.0,sample_2_C57BL6J-1.026_layer 2.3_052 Pvalb Gaba_merged_regions_table_cell_id.txt,sample_2_C57BL6J-1.026_layer 2.3_053 Sst Gaba_merged_regions_table_cell_id.txt
C57BL6J-1.027,layer 1,layer 1,layer 1,007 L2/3 IT CTX Glut,007 L2/3 IT CTX Glut,2,0,23,5,"Prelimbic area, layer 1","Frontal pole, layer 1,Secondary motor area, layer 1,Orbital area, lateral part, layer 1",,4.6,regions_1,regions_2,,,2,23,2,28,0.0,0.0,sample_2_C57BL6J-1.027_layer 1_007 L2.3 IT CTX Glut_merged_regions_table_cell_id.txt,sample_2_C57BL6J-1.027_layer 1_007 L2.3 IT CTX Glut_merged_regions_table_cell_id.txt
C57BL6J-1.027,layer 1,layer 1,layer 1,007 L2/3 IT CTX Glut,007 L2/3 IT CTX Glut,2,0,5,3,"Prelimbic area, layer 1","Orbital area, medial part, layer 1,Orbital area, ventrolateral part, layer 1,Frontal pole, layer 1",,1.6666666666666667,regions_1,regions_3,,,2,5,2,8,0.0,0.0,sample_2_C57BL6J-1.027_layer 1_007 L2.3 IT CTX Glut_merged_regions_table_cell_id.txt,sample_2_C57BL6J-1.027_layer 1_007 L2.3 IT CTX Glut_merged_regions_table_cell_id.txt
C57BL6J-1.027,layer 1,layer 1,layer 1,007 L2/3 IT CTX Glut,046 Vip Gaba,2,0,4,4,"Prelimbic area, layer 1","Secondary motor area, layer 1,Frontal pole, layer 1",,1.0,regions_1,regions_1,,,2,2,2,8,0.0,0.0,sample_2_C57BL6J-1.027_layer 1_007 L2.3 IT CTX Glut_merged_regions_table_cell_id.txt,sample_2_C57BL6J-1.027_layer 1_046 Vip Gaba_merged_regions_table_cell_id.txt
C57BL6J-1.027,layer 1,layer 1,layer 1,007 L2/3 IT CTX Glut,046 Vip Gaba,2,0,0,1,"Prelimbic area, layer 1","Prelimbic area, layer 1,Frontal pole, layer 1",,0.0,regions_1,regions_2,,,2,1,2,1,0.0,0.0,sample_2_C57BL6J-1.027_layer 1_007 L2.3 IT CTX Glut_merged_regions_table_cell_id.txt,sample_2_C57BL6J-1.027_layer 1_046 Vip Gaba_merged_regions_table_cell_id.txt
C57BL6J-1.027,layer 1,layer 1,layer 1,007 L2/3 IT CTX Glut,046 Vip Gaba,2,0,3,4,"Prelimbic area, layer 1","Orbital area, ventrolateral part, layer 1",,0.75,regions_1,regions_3,,,2,2,2,7,0.0,0.0,sample_2_C57BL6J-1.027_layer 1_007 L2.3 IT CTX Glut_merged_regions_table_cell_id.txt,sample_2_C57BL6J-1.027_layer 1_046 Vip Gaba_merged_regions_table_cell_id.txt
C57BL6J-1.027,layer 1,layer 1,layer 1,007 L2/3 IT CTX Glut,046 Vip Gaba,2,0,0,1,"Prelimbic area, layer 1","Orbital area, medial part, layer 1",,0.0,regions_1,regions_4,,,2,1,2,1,0.0,0.0,sample_2_C57BL6J-1.027_layer 1_007 L2.3 IT CTX Glut_merged_regions_table_cell_id.txt,sample_2_C57BL6J-1.027_layer 1_046 Vip Gaba_merged_regions_table_cell_id.txt
C57BL6J-1.027,layer 1,layer 1,layer 1,007 L2/3 IT CTX Glut,047 Sncg Gaba,2,0,4,3,"Prelimbic area, layer 1","Secondary motor area, layer 1",,1.3333333333333333,regions_1,regions_1,,,2,1,2,7,0.0,0.0,sample_2_C57BL6J-1.027_layer 1_007 L2.3 IT CTX Glut_merged_regions_table_cell_id.txt,sample_2_C57BL6J-1.027_layer 1_047 Sncg Gaba_merged_regions_table_cell_id.txt
C57BL6J-1.027,layer 1,layer 1,layer 1,007 L2/3 IT CTX Glut,049 Lamp5 Gaba,2,0,4,7,"Prelimbic area, layer 1","Secondary motor area, layer 1,Frontal pole, layer 1",,0.5714285714285714,regions_1,regions_1,,,2,6,2,11,0.0,0.0,sample_2_C57BL6J-1.027_layer 1_007 L2.3 IT CTX Glut_merged_regions_table_cell_id.txt,sample_2_C57BL6J-1.027_layer 1_049 Lamp5 Gaba_merged_regions_table_cell_id.txt
C57BL6J-1.027,layer 1,layer 1,layer 1,007 L2/3 IT CTX Glut,049 Lamp5 Gaba,2,0,6,5,"Prelimbic area, layer 1","Prelimbic area, layer 1,Orbital area, medial part, layer 1,Frontal pole, layer 1,Orbital area, ventrolateral part, layer 1",,1.2,regions_1,regions_2,,,2,4,2,11,0.0,0.0,sample_2_C57BL6J-1.027_layer 1_007 L2.3 IT CTX Glut_merged_regions_table_cell_id.txt,sample_2_C57BL6J-1.027_layer 1_049 Lamp5 Gaba_merged_regions_table_cell_id.txt
C57BL6J-1.027,layer 1,layer 1,layer 1,007 L2/3 IT CTX Glut,049 Lamp5 Gaba,2,0,5,2,"Prelimbic area, layer 1","Secondary motor area, layer 1",,2.5,regions_1,regions_3,,,2,2,2,7,0.0,0.0,sample_2_C57BL6J-1.027_layer 1_007 L2.3 IT CTX Glut_merged_regions_table_cell_id.txt,sample_2_C57BL6J-1.027_layer 1_049 Lamp5 Gaba_merged_regions_table_cell_id.txt
C57BL6J-1.027,layer 1,layer 1,layer 1,007 L2/3 IT CTX Glut,052 Pvalb Gaba,2,0,7,6,"Prelimbic area, layer 1","Orbital area, ventrolateral part, layer 1,Orbital area, lateral part, layer 1,Frontal pole, layer 1",,1.1666666666666667,regions_1,regions_1,,,2,1,2,13,0.0,0.0,sample_2_C57BL6J-1.027_layer 1_007 L2.3 IT CTX Glut_merged_regions_table_cell_id.txt,sample_2_C57BL6J-1.027_layer 1_052 Pvalb Gaba_merged_regions_table_cell_id.txt
C57BL6J-1.027,layer 1,layer 1,layer 1,007 L2/3 IT CTX Glut,053 Sst Gaba,2,0,3,4,"Prelimbic area, layer 1","Orbital area, ventrolateral part, layer 1,Orbital area, lateral part, layer 1",,0.75,regions_1,regions_1,,,2,1,2,7,0.0,0.0,sample_2_C57BL6J-1.027_layer 1_007 L2.3 IT CTX Glut_merged_regions_table_cell_id.txt,sample_2_C57BL6J-1.027_layer 1_053 Sst Gaba_merged_regions_table_cell_id.txt
C57BL6J-1.027,layer 1,layer 1,layer 1,007 L2/3 IT CTX Glut,007 L2/3 IT CTX Glut,23,5,5,3,"Frontal pole, layer 1,Secondary motor area, layer 1,Orbital area, lateral part, layer 1","Orbital area, medial part, layer 1,Orbital area, ventrolateral part, layer 1,Frontal pole, layer 1",4.6,1.6666666666666667,regions_2,regions_3,,,23,5,28,8,0.0,0.0,sample_2_C57BL6J-1.027_layer 1_007 L2.3 IT CTX Glut_merged_regions_table_cell_id.txt,sample_2_C57BL6J-1.027_layer 1_007 L2.3 IT CTX Glut_merged_regions_table_cell_id.txt
C57BL6J-1.027,layer 1,layer 1,layer 1,007 L2/3 IT CTX Glut,046 Vip Gaba,23,5,4,4,"Frontal pole, layer 1,Secondary motor area, layer 1,Orbital area, lateral part, layer 1","Secondary motor area, layer 1,Frontal pole, layer 1",4.6,1.0,regions_2,regions_1,,,23,2,28,8,0.0,0.0,sample_2_C57BL6J-1.027_layer 1_007 L2.3 IT CTX Glut_merged_regions_table_cell_id.txt,sample_2_C57BL6J-1.027_layer 1_046 Vip Gaba_merged_regions_table_cell_id.txt
C57BL6J-1.027,layer 1,layer 1,layer 1,007 L2/3 IT CTX Glut,046 Vip Gaba,23,5,0,1,"Frontal pole, layer 1,Secondary motor area, layer 1,Orbital area, lateral part, layer 1","Prelimbic area, layer 1,Frontal pole, layer 1",4.6,0.0,regions_2,regions_2,,,23,1,28,1,0.0,0.0,sample_2_C57BL6J-1.027_layer 1_007 L2.3 IT CTX Glut_merged_regions_table_cell_id.txt,sample_2_C57BL6J-1.027_layer 1_046 Vip Gaba_merged_regions_table_cell_id.txt
C57BL6J-1.027,layer 1,layer 1,layer 1,007 L2/3 IT CTX Glut,046 Vip Gaba,23,5,3,4,"Frontal pole, layer 1,Secondary motor area, layer 1,Orbital area, lateral part, layer 1","Orbital area, ventrolateral part, layer 1",4.6,0.75,regions_2,regions_3,,,23,2,28,7,0.0,0.0,sample_2_C57BL6J-1.027_layer 1_007 L2.3 IT CTX Glut_merged_regions_table_cell_id.txt,sample_2_C57BL6J-1.027_layer 1_046 Vip Gaba_merged_regions_table_cell_id.txt
C57BL6J-1.027,layer 1,layer 1,layer 1,007 L2/3 IT CTX Glut,046 Vip Gaba,23,5,0,1,"Frontal pole, layer 1,Secondary motor area, layer 1,Orbital area, lateral part, layer 1","Orbital area, medial part, layer 1",4.6,0.0,regions_2,regions_4,,,23,1,28,1,0.0,0.0,sample_2_C57BL6J-1.027_layer 1_007 L2.3 IT CTX Glut_merged_regions_table_cell_id.txt,sample_2_C57BL6J-1.027_layer 1_046 Vip Gaba_merged_regions_table_cell_id.txt
C57BL6J-1.027,layer 1,layer 1,layer 1,007 L2/3 IT CTX Glut,047 Sncg Gaba,23,5,4,3,"Frontal pole, layer 1,Secondary motor area, layer 1,Orbital area, lateral part, layer 1","Secondary motor area, layer 1",4.6,1.3333333333333333,regions_2,regions_1,,,23,1,28,7,0.0,0.0,sample_2_C57BL6J-1.027_layer 1_007 L2.3 IT CTX Glut_merged_regions_table_cell_id.txt,sample_2_C57BL6J-1.027_layer 1_047 Sncg Gaba_merged_regions_table_cell_id.txt
C57BL6J-1.027,layer 1,layer 1,layer 1,007 L2/3 IT CTX Glut,049 Lamp5 Gaba,23,5,4,7,"Frontal pole, layer 1,Secondary motor area, layer 1,Orbital area, lateral part, layer 1","Secondary motor area, layer 1,Frontal pole, layer 1",4.6,0.5714285714285714,regions_2,regions_1,,,23,6,28,11,0.03571428571428571,0.09090909090909091,sample_2_C57BL6J-1.027_layer 1_007 L2.3 IT CTX Glut_merged_regions_table_cell_id.txt,sample_2_C57BL6J-1.027_layer 1_049 Lamp5 Gaba_merged_regions_table_cell_id.txt
C57BL6J-1.027,layer 1,layer 1,layer 1,007 L2/3 IT CTX Glut,049 Lamp5 Gaba,23,5,6,5,"Frontal pole, layer 1,Secondary motor area, layer 1,Orbital area, lateral part, layer 1","Prelimbic area, layer 1,Orbital area, medial part, layer 1,Frontal pole, layer 1,Orbital area, ventrolateral part, layer 1",4.6,1.2,regions_2,regions_2,,,23,4,28,11,0.0,0.0,sample_2_C57BL6J-1.027_layer 1_007 L2.3 IT CTX Glut_merged_regions_table_cell_id.txt,sample_2_C57BL6J-1.027_layer 1_049 Lamp5 Gaba_merged_regions_table_cell_id.txt
C57BL6J-1.027,layer 1,layer 1,layer 1,007 L2/3 IT CTX Glut,049 Lamp5 Gaba,23,5,5,2,"Frontal pole, layer 1,Secondary motor area, layer 1,Orbital area, lateral part, layer 1","Secondary motor area, layer 1",4.6,2.5,regions_2,regions_3,,,23,2,28,7,0.25,1.0,sample_2_C57BL6J-1.027_layer 1_007 L2.3 IT CTX Glut_merged_regions_table_cell_id.txt,sample_2_C57BL6J-1.027_layer 1_049 Lamp5 Gaba_merged_regions_table_cell_id.txt
C57BL6J-1.027,layer 1,layer 1,layer 1,007 L2/3 IT CTX Glut,052 Pvalb Gaba,23,5,7,6,"Frontal pole, layer 1,Secondary motor area, layer 1,Orbital area, lateral part, layer 1","Orbital area, ventrolateral part, layer 1,Orbital area, lateral part, layer 1,Frontal pole, layer 1",4.6,1.1666666666666667,regions_2,regions_1,,,23,1,28,13,0.07142857142857142,0.15384615384615385,sample_2_C57BL6J-1.027_layer 1_007 L2.3 IT CTX Glut_merged_regions_table_cell_id.txt,sample_2_C57BL6J-1.027_layer 1_052 Pvalb Gaba_merged_regions_table_cell_id.txt
C57BL6J-1.027,layer 1,layer 1,layer 1,007 L2/3 IT CTX Glut,053 Sst Gaba,23,5,3,4,"Frontal pole, layer 1,Secondary motor area, layer 1,Orbital area, lateral part, layer 1","Orbital area, ventrolateral part, layer 1,Orbital area, lateral part, layer 1",4.6,0.75,regions_2,regions_1,,,23,1,28,7,0.0,0.0,sample_2_C57BL6J-1.027_layer 1_007 L2.3 IT CTX Glut_merged_regions_table_cell_id.txt,sample_2_C57BL6J-1.027_layer 1_053 Sst Gaba_merged_regions_table_cell_id.txt
C57BL6J-1.027,layer 1,layer 1,layer 1,007 L2/3 IT CTX Glut,046 Vip Gaba,5,3,4,4,"Orbital area, medial part, layer 1,Orbital area, ventrolateral part, layer 1,Frontal pole, layer 1","Secondary motor area, layer 1,Frontal pole, layer 1",1.6666666666666667,1.0,regions_3,regions_1,,,5,2,8,8,0.0,0.0,sample_2_C57BL6J-1.027_layer 1_007 L2.3 IT CTX Glut_merged_regions_table_cell_id.txt,sample_2_C57BL6J-1.027_layer 1_046 Vip Gaba_merged_regions_table_cell_id.txt
C57BL6J-1.027,layer 1,layer 1,layer 1,007 L2/3 IT CTX Glut,046 Vip Gaba,5,3,0,1,"Orbital area, medial part, layer 1,Orbital area, ventrolateral part, layer 1,Frontal pole, layer 1","Prelimbic area, layer 1,Frontal pole, layer 1",1.6666666666666667,0.0,regions_3,regions_2,,,5,1,8,1,0.0,0.0,sample_2_C57BL6J-1.027_layer 1_007 L2.3 IT CTX Glut_merged_regions_table_cell_id.txt,sample_2_C57BL6J-1.027_layer 1_046 Vip Gaba_merged_regions_table_cell_id.txt
C57BL6J-1.027,layer 1,layer 1,layer 1,007 L2/3 IT CTX Glut,046 Vip Gaba,5,3,3,4,"Orbital area, medial part, layer 1,Orbital area, ventrolateral part, layer 1,Frontal pole, layer 1","Orbital area, ventrolateral part, layer 1",1.6666666666666667,0.75,regions_3,regions_3,,,5,2,8,7,0.125,0.14285714285714285,sample_2_C57BL6J-1.027_layer 1_007 L2.3 IT CTX Glut_merged_regions_table_cell_id.txt,sample_2_C57BL6J-1.027_layer 1_046 Vip Gaba_merged_regions_table_cell_id.txt
C57BL6J-1.027,layer 1,layer 1,layer 1,007 L2/3 IT CTX Glut,046 Vip Gaba,5,3,0,1,"Orbital area, medial part, layer 1,Orbital area, ventrolateral part, layer 1,Frontal pole, layer 1","Orbital area, medial part, layer 1",1.6666666666666667,0.0,regions_3,regions_4,,,5,1,8,1,0.125,1.0,sample_2_C57BL6J-1.027_layer 1_007 L2.3 IT CTX Glut_merged_regions_table_cell_id.txt,sample_2_C57BL6J-1.027_layer 1_046 Vip Gaba_merged_regions_table_cell_id.txt
C57BL6J-1.027,layer 1,layer 1,layer 1,007 L2/3 IT CTX Glut,047 Sncg Gaba,5,3,4,3,"Orbital area, medial part, layer 1,Orbital area, ventrolateral part, layer 1,Frontal pole, layer 1","Secondary motor area, layer 1",1.6666666666666667,1.3333333333333333,regions_3,regions_1,,,5,1,8,7,0.0,0.0,sample_2_C57BL6J-1.027_layer 1_007 L2.3 IT CTX Glut_merged_regions_table_cell_id.txt,sample_2_C57BL6J-1.027_layer 1_047 Sncg Gaba_merged_regions_table_cell_id.txt
C57BL6J-1.027,layer 1,layer 1,layer 1,007 L2/3 IT CTX Glut,049 Lamp5 Gaba,5,3,4,7,"Orbital area, medial part, layer 1,Orbital area, ventrolateral part, layer 1,Frontal pole, layer 1","Secondary motor area, layer 1,Frontal pole, layer 1",1.6666666666666667,0.5714285714285714,regions_3,regions_1,,,5,6,8,11,0.0,0.0,sample_2_C57BL6J-1.027_layer 1_007 L2.3 IT CTX Glut_merged_regions_table_cell_id.txt,sample_2_C57BL6J-1.027_layer 1_049 Lamp5 Gaba_merged_regions_table_cell_id.txt
C57BL6J-1.027,layer 1,layer 1,layer 1,007 L2/3 IT CTX Glut,049 Lamp5 Gaba,5,3,6,5,"Orbital area, medial part, layer 1,Orbital area, ventrolateral part, layer 1,Frontal pole, layer 1","Prelimbic area, layer 1,Orbital area, medial part, layer 1,Frontal pole, layer 1,Orbital area, ventrolateral part, layer 1",1.6666666666666667,1.2,regions_3,regions_2,,,5,4,8,11,1.0,0.7272727272727273,sample_2_C57BL6J-1.027_layer 1_007 L2.3 IT CTX Glut_merged_regions_table_cell_id.txt,sample_2_C57BL6J-1.027_layer 1_049 Lamp5 Gaba_merged_regions_table_cell_id.txt
C57BL6J-1.027,layer 1,layer 1,layer 1,007 L2/3 IT CTX Glut,049 Lamp5 Gaba,5,3,5,2,"Orbital area, medial part, layer 1,Orbital area, ventrolateral part, layer 1,Frontal pole, layer 1","Secondary motor area, layer 1",1.6666666666666667,2.5,regions_3,regions_3,,,5,2,8,7,0.0,0.0,sample_2_C57BL6J-1.027_layer 1_007 L2.3 IT CTX Glut_merged_regions_table_cell_id.txt,sample_2_C57BL6J-1.027_layer 1_049 Lamp5 Gaba_merged_regions_table_cell_id.txt
C57BL6J-1.027,layer 1,layer 1,layer 1,007 L2/3 IT CTX Glut,052 Pvalb Gaba,5,3,7,6,"Orbital area, medial part, layer 1,Orbital area, ventrolateral part, layer 1,Frontal pole, layer 1","Orbital area, ventrolateral part, layer 1,Orbital area, lateral part, layer 1,Frontal pole, layer 1",1.6666666666666667,1.1666666666666667,regions_3,regions_1,,,5,1,8,13,0.125,0.07692307692307693,sample_2_C57BL6J-1.027_layer 1_007 L2.3 IT CTX Glut_merged_regions_table_cell_id.txt,sample_2_C57BL6J-1.027_layer 1_052 Pvalb Gaba_merged_regions_table_cell_id.txt
C57BL6J-1.027,layer 1,layer 1,layer 1,007 L2/3 IT CTX Glut,053 Sst Gaba,5,3,3,4,"Orbital area, medial part, layer 1,Orbital area, ventrolateral part, layer 1,Frontal pole, layer 1","Orbital area, ventrolateral part, layer 1,Orbital area, lateral part, layer 1",1.6666666666666667,0.75,regions_3,regions_1,,,5,1,8,7,0.0,0.0,sample_2_C57BL6J-1.027_layer 1_007 L2.3 IT CTX Glut_merged_regions_table_cell_id.txt,sample_2_C57BL6J-1.027_layer 1_053 Sst Gaba_merged_regions_table_cell_id.txt
C57BL6J-1.027,layer 1,layer 1,layer 1,046 Vip Gaba,046 Vip Gaba,4,4,0,1,"Secondary motor area, layer 1,Frontal pole, layer 1","Prelimbic area, layer 1,Frontal pole, layer 1",1.0,0.0,regions_1,regions_2,,,2,1,8,1,0.0,0.0,sample_2_C57BL6J-1.027_layer 1_046 Vip Gaba_merged_regions_table_cell_id.txt,sample_2_C57BL6J-1.027_layer 1_046 Vip Gaba_merged_regions_table_cell_id.txt
C57BL6J-1.027,layer 1,layer 1,layer 1,046 Vip Gaba,046 Vip Gaba,4,4,3,4,"Secondary motor area, layer 1,Frontal pole, layer 1","Orbital area, ventrolateral part, layer 1",1.0,0.75,regions_1,regions_3,,,2,2,8,7,0.0,0.0,sample_2_C57BL6J-1.027_layer 1_046 Vip Gaba_merged_regions_table_cell_id.txt,sample_2_C57BL6J-1.027_layer 1_046 Vip Gaba_merged_regions_table_cell_id.txt
C57BL6J-1.027,layer 1,layer 1,layer 1,046 Vip Gaba,046 Vip Gaba,4,4,0,1,"Secondary motor area, layer 1,Frontal pole, layer 1","Orbital area, medial part, layer 1",1.0,0.0,regions_1,regions_4,,,2,1,8,1,0.0,0.0,sample_2_C57BL6J-1.027_layer 1_046 Vip Gaba_merged_regions_table_cell_id.txt,sample_2_C57BL6J-1.027_layer 1_046 Vip Gaba_merged_regions_table_cell_id.txt
C57BL6J-1.027,layer 1,layer 1,layer 1,046 Vip Gaba,047 Sncg Gaba,4,4,4,3,"Secondary motor area, layer 1,Frontal pole, layer 1","Secondary motor area, layer 1",1.0,1.3333333333333333,regions_1,regions_1,,,2,1,8,7,0.5,0.5714285714285714,sample_2_C57BL6J-1.027_layer 1_046 Vip Gaba_merged_regions_table_cell_id.txt,sample_2_C57BL6J-1.027_layer 1_047 Sncg Gaba_merged_regions_table_cell_id.txt
C57BL6J-1.027,layer 1,layer 1,layer 1,046 Vip Gaba,049 Lamp5 Gaba,4,4,4,7,"Secondary motor area, layer 1,Frontal pole, layer 1","Secondary motor area, layer 1,Frontal pole, layer 1",1.0,0.5714285714285714,regions_1,regions_1,,,2,6,8,11,0.0,0.0,sample_2_C57BL6J-1.027_layer 1_046 Vip Gaba_merged_regions_table_cell_id.txt,sample_2_C57BL6J-1.027_layer 1_049 Lamp5 Gaba_merged_regions_table_cell_id.txt
C57BL6J-1.027,layer 1,layer 1,layer 1,046 Vip Gaba,049 Lamp5 Gaba,4,4,6,5,"Secondary motor area, layer 1,Frontal pole, layer 1","Prelimbic area, layer 1,Orbital area, medial part, layer 1,Frontal pole, layer 1,Orbital area, ventrolateral part, layer 1",1.0,1.2,regions_1,regions_2,,,2,4,8,11,0.0,0.0,sample_2_C57BL6J-1.027_layer 1_046 Vip Gaba_merged_regions_table_cell_id.txt,sample_2_C57BL6J-1.027_layer 1_049 Lamp5 Gaba_merged_regions_table_cell_id.txt
C57BL6J-1.027,layer 1,layer 1,layer 1,046 Vip Gaba,049 Lamp5 Gaba,4,4,5,2,"Secondary motor area, layer 1,Frontal pole, layer 1","Secondary motor area, layer 1",1.0,2.5,regions_1,regions_3,,,2,2,8,7,0.0,0.0,sample_2_C57BL6J-1.027_layer 1_046 Vip Gaba_merged_regions_table_cell_id.txt,sample_2_C57BL6J-1.027_layer 1_049 Lamp5 Gaba_merged_regions_table_cell_id.txt
C57BL6J-1.027,layer 1,layer 1,layer 1,046 Vip Gaba,052 Pvalb Gaba,4,4,7,6,"Secondary motor area, layer 1,Frontal pole, layer 1","Orbital area, ventrolateral part, layer 1,Orbital area, lateral part, layer 1,Frontal pole, layer 1",1.0,1.1666666666666667,regions_1,regions_1,,,2,1,8,13,0.0,0.0,sample_2_C57BL6J-1.027_layer 1_046 Vip Gaba_merged_regions_table_cell_id.txt,sample_2_C57BL6J-1.027_layer 1_052 Pvalb Gaba_merged_regions_table_cell_id.txt
C57BL6J-1.027,layer 1,layer 1,layer 1,046 Vip Gaba,053 Sst Gaba,4,4,3,4,"Secondary motor area, layer 1,Frontal pole, layer 1","Orbital area, ventrolateral part, layer 1,Orbital area, lateral part, layer 1",1.0,0.75,regions_1,regions_1,,,2,1,8,7,0.0,0.0,sample_2_C57BL6J-1.027_layer 1_046 Vip Gaba_merged_regions_table_cell_id.txt,sample_2_C57BL6J-1.027_layer 1_053 Sst Gaba_merged_regions_table_cell_id.txt
C57BL6J-1.027,layer 1,layer 1,layer 1,046 Vip Gaba,046 Vip Gaba,0,1,3,4,"Prelimbic area, layer 1,Frontal pole, layer 1","Orbital area, ventrolateral part, layer 1",0.0,0.75,regions_2,regions_3,,,1,2,1,7,0.0,0.0,sample_2_C57BL6J-1.027_layer 1_046 Vip Gaba_merged_regions_table_cell_id.txt,sample_2_C57BL6J-1.027_layer 1_046 Vip Gaba_merged_regions_table_cell_id.txt
C57BL6J-1.027,layer 1,layer 1,layer 1,046 Vip Gaba,046 Vip Gaba,0,1,0,1,"Prelimbic area, layer 1,Frontal pole, layer 1","Orbital area, medial part, layer 1",0.0,0.0,regions_2,regions_4,,,1,1,1,1,0.0,0.0,sample_2_C57BL6J-1.027_layer 1_046 Vip Gaba_merged_regions_table_cell_id.txt,sample_2_C57BL6J-1.027_layer 1_046 Vip Gaba_merged_regions_table_cell_id.txt
C57BL6J-1.027,layer 1,layer 1,layer 1,046 Vip Gaba,047 Sncg Gaba,0,1,4,3,"Prelimbic area, layer 1,Frontal pole, layer 1","Secondary motor area, layer 1",0.0,1.3333333333333333,regions_2,regions_1,,,1,1,1,7,0.0,0.0,sample_2_C57BL6J-1.027_layer 1_046 Vip Gaba_merged_regions_table_cell_id.txt,sample_2_C57BL6J-1.027_layer 1_047 Sncg Gaba_merged_regions_table_cell_id.txt
C57BL6J-1.027,layer 1,layer 1,layer 1,046 Vip Gaba,049 Lamp5 Gaba,0,1,4,7,"Prelimbic area, layer 1,Frontal pole, layer 1","Secondary motor area, layer 1,Frontal pole, layer 1",0.0,0.5714285714285714,regions_2,regions_1,,,1,6,1,11,0.0,0.0,sample_2_C57BL6J-1.027_layer 1_046 Vip Gaba_merged_regions_table_cell_id.txt,sample_2_C57BL6J-1.027_layer 1_049 Lamp5 Gaba_merged_regions_table_cell_id.txt
C57BL6J-1.027,layer 1,layer 1,layer 1,046 Vip Gaba,049 Lamp5 Gaba,0,1,6,5,"Prelimbic area, layer 1,Frontal pole, layer 1","Prelimbic area, layer 1,Orbital area, medial part, layer 1,Frontal pole, layer 1,Orbital area, ventrolateral part, layer 1",0.0,1.2,regions_2,regions_2,,,1,4,1,11,0.0,0.0,sample_2_C57BL6J-1.027_layer 1_046 Vip Gaba_merged_regions_table_cell_id.txt,sample_2_C57BL6J-1.027_layer 1_049 Lamp5 Gaba_merged_regions_table_cell_id.txt
C57BL6J-1.027,layer 1,layer 1,layer 1,046 Vip Gaba,049 Lamp5 Gaba,0,1,5,2,"Prelimbic area, layer 1,Frontal pole, layer 1","Secondary motor area, layer 1",0.0,2.5,regions_2,regions_3,,,1,2,1,7,0.0,0.0,sample_2_C57BL6J-1.027_layer 1_046 Vip Gaba_merged_regions_table_cell_id.txt,sample_2_C57BL6J-1.027_layer 1_049 Lamp5 Gaba_merged_regions_table_cell_id.txt
C57BL6J-1.027,layer 1,layer 1,layer 1,046 Vip Gaba,052 Pvalb Gaba,0,1,7,6,"Prelimbic area, layer 1,Frontal pole, layer 1","Orbital area, ventrolateral part, layer 1,Orbital area, lateral part, layer 1,Frontal pole, layer 1",0.0,1.1666666666666667,regions_2,regions_1,,,1,1,1,13,0.0,0.0,sample_2_C57BL6J-1.027_layer 1_046 Vip Gaba_merged_regions_table_cell_id.txt,sample_2_C57BL6J-1.027_layer 1_052 Pvalb Gaba_merged_regions_table_cell_id.txt
C57BL6J-1.027,layer 1,layer 1,layer 1,046 Vip Gaba,053 Sst Gaba,0,1,3,4,"Prelimbic area, layer 1,Frontal pole, layer 1","Orbital area, ventrolateral part, layer 1,Orbital area, lateral part, layer 1",0.0,0.75,regions_2,regions_1,,,1,1,1,7,0.0,0.0,sample_2_C57BL6J-1.027_layer 1_046 Vip Gaba_merged_regions_table_cell_id.txt,sample_2_C57BL6J-1.027_layer 1_053 Sst Gaba_merged_regions_table_cell_id.txt
C57BL6J-1.027,layer 1,layer 1,layer 1,046 Vip Gaba,046 Vip Gaba,3,4,0,1,"Orbital area, ventrolateral part, layer 1","Orbital area, medial part, layer 1",0.75,0.0,regions_3,regions_4,,,2,1,7,1,0.0,0.0,sample_2_C57BL6J-1.027_layer 1_046 Vip Gaba_merged_regions_table_cell_id.txt,sample_2_C57BL6J-1.027_layer 1_046 Vip Gaba_merged_regions_table_cell_id.txt
C57BL6J-1.027,layer 1,layer 1,layer 1,046 Vip Gaba,047 Sncg Gaba,3,4,4,3,"Orbital area, ventrolateral part, layer 1","Secondary motor area, layer 1",0.75,1.3333333333333333,regions_3,regions_1,,,2,1,7,7,0.0,0.0,sample_2_C57BL6J-1.027_layer 1_046 Vip Gaba_merged_regions_table_cell_id.txt,sample_2_C57BL6J-1.027_layer 1_047 Sncg Gaba_merged_regions_table_cell_id.txt
C57BL6J-1.027,layer 1,layer 1,layer 1,046 Vip Gaba,049 Lamp5 Gaba,3,4,4,7,"Orbital area, ventrolateral part, layer 1","Secondary motor area, layer 1,Frontal pole, layer 1",0.75,0.5714285714285714,regions_3,regions_1,,,2,6,7,11,0.0,0.0,sample_2_C57BL6J-1.027_layer 1_046 Vip Gaba_merged_regions_table_cell_id.txt,sample_2_C57BL6J-1.027_layer 1_049 Lamp5 Gaba_merged_regions_table_cell_id.txt
C57BL6J-1.027,layer 1,layer 1,layer 1,046 Vip Gaba,049 Lamp5 Gaba,3,4,6,5,"Orbital area, ventrolateral part, layer 1","Prelimbic area, layer 1,Orbital area, medial part, layer 1,Frontal pole, layer 1,Orbital area, ventrolateral part, layer 1",0.75,1.2,regions_3,regions_2,,,2,4,7,11,0.14285714285714285,0.09090909090909091,sample_2_C57BL6J-1.027_layer 1_046 Vip Gaba_merged_regions_table_cell_id.txt,sample_2_C57BL6J-1.027_layer 1_049 Lamp5 Gaba_merged_regions_table_cell_id.txt
C57BL6J-1.027,layer 1,layer 1,layer 1,046 Vip Gaba,049 Lamp5 Gaba,3,4,5,2,"Orbital area, ventrolateral part, layer 1","Secondary motor area, layer 1",0.75,2.5,regions_3,regions_3,,,2,2,7,7,0.0,0.0,sample_2_C57BL6J-1.027_layer 1_046 Vip Gaba_merged_regions_table_cell_id.txt,sample_2_C57BL6J-1.027_layer 1_049 Lamp5 Gaba_merged_regions_table_cell_id.txt
C57BL6J-1.027,layer 1,layer 1,layer 1,046 Vip Gaba,052 Pvalb Gaba,3,4,7,6,"Orbital area, ventrolateral part, layer 1","Orbital area, ventrolateral part, layer 1,Orbital area, lateral part, layer 1,Frontal pole, layer 1",0.75,1.1666666666666667,regions_3,regions_1,,,2,1,7,13,1.0,0.5384615384615384,sample_2_C57BL6J-1.027_layer 1_046 Vip Gaba_merged_regions_table_cell_id.txt,sample_2_C57BL6J-1.027_layer 1_052 Pvalb Gaba_merged_regions_table_cell_id.txt
C57BL6J-1.027,layer 1,layer 1,layer 1,046 Vip Gaba,053 Sst Gaba,3,4,3,4,"Orbital area, ventrolateral part, layer 1","Orbital area, ventrolateral part, layer 1,Orbital area, lateral part, layer 1",0.75,0.75,regions_3,regions_1,,,2,1,7,7,0.5714285714285714,0.5714285714285714,sample_2_C57BL6J-1.027_layer 1_046 Vip Gaba_merged_regions_table_cell_id.txt,sample_2_C57BL6J-1.027_layer 1_053 Sst Gaba_merged_regions_table_cell_id.txt
C57BL6J-1.027,layer 1,layer 1,layer 1,046 Vip Gaba,047 Sncg Gaba,0,1,4,3,"Orbital area, medial part, layer 1","Secondary motor area, layer 1",0.0,1.3333333333333333,regions_4,regions_1,,,1,1,1,7,0.0,0.0,sample_2_C57BL6J-1.027_layer 1_046 Vip Gaba_merged_regions_table_cell_id.txt,sample_2_C57BL6J-1.027_layer 1_047 Sncg Gaba_merged_regions_table_cell_id.txt
C57BL6J-1.027,layer 1,layer 1,layer 1,046 Vip Gaba,049 Lamp5 Gaba,0,1,4,7,"Orbital area, medial part, layer 1","Secondary motor area, layer 1,Frontal pole, layer 1",0.0,0.5714285714285714,regions_4,regions_1,,,1,6,1,11,0.0,0.0,sample_2_C57BL6J-1.027_layer 1_046 Vip Gaba_merged_regions_table_cell_id.txt,sample_2_C57BL6J-1.027_layer 1_049 Lamp5 Gaba_merged_regions_table_cell_id.txt
C57BL6J-1.027,layer 1,layer 1,layer 1,046 Vip Gaba,049 Lamp5 Gaba,0,1,6,5,"Orbital area, medial part, layer 1","Prelimbic area, layer 1,Orbital area, medial part, layer 1,Frontal pole, layer 1,Orbital area, ventrolateral part, layer 1",0.0,1.2,regions_4,regions_2,,,1,4,1,11,1.0,0.09090909090909091,sample_2_C57BL6J-1.027_layer 1_046 Vip Gaba_merged_regions_table_cell_id.txt,sample_2_C57BL6J-1.027_layer 1_049 Lamp5 Gaba_merged_regions_table_cell_id.txt
C57BL6J-1.027,layer 1,layer 1,layer 1,046 Vip Gaba,049 Lamp5 Gaba,0,1,5,2,"Orbital area, medial part, layer 1","Secondary motor area, layer 1",0.0,2.5,regions_4,regions_3,,,1,2,1,7,0.0,0.0,sample_2_C57BL6J-1.027_layer 1_046 Vip Gaba_merged_regions_table_cell_id.txt,sample_2_C57BL6J-1.027_layer 1_049 Lamp5 Gaba_merged_regions_table_cell_id.txt
C57BL6J-1.027,layer 1,layer 1,layer 1,046 Vip Gaba,052 Pvalb Gaba,0,1,7,6,"Orbital area, medial part, layer 1","Orbital area, ventrolateral part, layer 1,Orbital area, lateral part, layer 1,Frontal pole, layer 1",0.0,1.1666666666666667,regions_4,regions_1,,,1,1,1,13,0.0,0.0,sample_2_C57BL6J-1.027_layer 1_046 Vip Gaba_merged_regions_table_cell_id.txt,sample_2_C57BL6J-1.027_layer 1_052 Pvalb Gaba_merged_regions_table_cell_id.txt
C57BL6J-1.027,layer 1,layer 1,layer 1,046 Vip Gaba,053 Sst Gaba,0,1,3,4,"Orbital area, medial part, layer 1","Orbital area, ventrolateral part, layer 1,Orbital area, lateral part, layer 1",0.0,0.75,regions_4,regions_1,,,1,1,1,7,0.0,0.0,sample_2_C57BL6J-1.027_layer 1_046 Vip Gaba_merged_regions_table_cell_id.txt,sample_2_C57BL6J-1.027_layer 1_053 Sst Gaba_merged_regions_table_cell_id.txt
C57BL6J-1.027,layer 1,layer 1,layer 1,047 Sncg Gaba,049 Lamp5 Gaba,4,3,4,7,"Secondary motor area, layer 1","Secondary motor area, layer 1,Frontal pole, layer 1",1.3333333333333333,0.5714285714285714,regions_1,regions_1,,,1,6,7,11,0.0,0.0,sample_2_C57BL6J-1.027_layer 1_047 Sncg Gaba_merged_regions_table_cell_id.txt,sample_2_C57BL6J-1.027_layer 1_049 Lamp5 Gaba_merged_regions_table_cell_id.txt
C57BL6J-1.027,layer 1,layer 1,layer 1,047 Sncg Gaba,049 Lamp5 Gaba,4,3,6,5,"Secondary motor area, layer 1","Prelimbic area, layer 1,Orbital area, medial part, layer 1,Frontal pole, layer 1,Orbital area, ventrolateral part, layer 1",1.3333333333333333,1.2,regions_1,regions_2,,,1,4,7,11,0.0,0.0,sample_2_C57BL6J-1.027_layer 1_047 Sncg Gaba_merged_regions_table_cell_id.txt,sample_2_C57BL6J-1.027_layer 1_049 Lamp5 Gaba_merged_regions_table_cell_id.txt
C57BL6J-1.027,layer 1,layer 1,layer 1,047 Sncg Gaba,049 Lamp5 Gaba,4,3,5,2,"Secondary motor area, layer 1","Secondary motor area, layer 1",1.3333333333333333,2.5,regions_1,regions_3,,,1,2,7,7,0.0,0.0,sample_2_C57BL6J-1.027_layer 1_047 Sncg Gaba_merged_regions_table_cell_id.txt,sample_2_C57BL6J-1.027_layer 1_049 Lamp5 Gaba_merged_regions_table_cell_id.txt
C57BL6J-1.027,layer 1,layer 1,layer 1,047 Sncg Gaba,052 Pvalb Gaba,4,3,7,6,"Secondary motor area, layer 1","Orbital area, ventrolateral part, layer 1,Orbital area, lateral part, layer 1,Frontal pole, layer 1",1.3333333333333333,1.1666666666666667,regions_1,regions_1,,,1,1,7,13,0.0,0.0,sample_2_C57BL6J-1.027_layer 1_047 Sncg Gaba_merged_regions_table_cell_id.txt,sample_2_C57BL6J-1.027_layer 1_052 Pvalb Gaba_merged_regions_table_cell_id.txt
C57BL6J-1.027,layer 1,layer 1,layer 1,047 Sncg Gaba,053 Sst Gaba,4,3,3,4,"Secondary motor area, layer 1","Orbital area, ventrolateral part, layer 1,Orbital area, lateral part, layer 1",1.3333333333333333,0.75,regions_1,regions_1,,,1,1,7,7,0.0,0.0,sample_2_C57BL6J-1.027_layer 1_047 Sncg Gaba_merged_regions_table_cell_id.txt,sample_2_C57BL6J-1.027_layer 1_053 Sst Gaba_merged_regions_table_cell_id.txt
C57BL6J-1.027,layer 1,layer 1,layer 1,049 Lamp5 Gaba,049 Lamp5 Gaba,4,7,6,5,"Secondary motor area, layer 1,Frontal pole, layer 1","Prelimbic area, layer 1,Orbital area, medial part, layer 1,Frontal pole, layer 1,Orbital area, ventrolateral part, layer 1",0.5714285714285714,1.2,regions_1,regions_2,,,6,4,11,11,0.0,0.0,sample_2_C57BL6J-1.027_layer 1_049 Lamp5 Gaba_merged_regions_table_cell_id.txt,sample_2_C57BL6J-1.027_layer 1_049 Lamp5 Gaba_merged_regions_table_cell_id.txt
C57BL6J-1.027,layer 1,layer 1,layer 1,049 Lamp5 Gaba,049 Lamp5 Gaba,4,7,5,2,"Secondary motor area, layer 1,Frontal pole, layer 1","Secondary motor area, layer 1",0.5714285714285714,2.5,regions_1,regions_3,,,6,2,11,7,0.0,0.0,sample_2_C57BL6J-1.027_layer 1_049 Lamp5 Gaba_merged_regions_table_cell_id.txt,sample_2_C57BL6J-1.027_layer 1_049 Lamp5 Gaba_merged_regions_table_cell_id.txt
C57BL6J-1.027,layer 1,layer 1,layer 1,049 Lamp5 Gaba,052 Pvalb Gaba,4,7,7,6,"Secondary motor area, layer 1,Frontal pole, layer 1","Orbital area, ventrolateral part, layer 1,Orbital area, lateral part, layer 1,Frontal pole, layer 1",0.5714285714285714,1.1666666666666667,regions_1,regions_1,,,6,1,11,13,0.0,0.0,sample_2_C57BL6J-1.027_layer 1_049 Lamp5 Gaba_merged_regions_table_cell_id.txt,sample_2_C57BL6J-1.027_layer 1_052 Pvalb Gaba_merged_regions_table_cell_id.txt
C57BL6J-1.027,layer 1,layer 1,layer 1,049 Lamp5 Gaba,053 Sst Gaba,4,7,3,4,"Secondary motor area, layer 1,Frontal pole, layer 1","Orbital area, ventrolateral part, layer 1,Orbital area, lateral part, layer 1",0.5714285714285714,0.75,regions_1,regions_1,,,6,1,11,7,0.0,0.0,sample_2_C57BL6J-1.027_layer 1_049 Lamp5 Gaba_merged_regions_table_cell_id.txt,sample_2_C57BL6J-1.027_layer 1_053 Sst Gaba_merged_regions_table_cell_id.txt
C57BL6J-1.027,layer 1,layer 1,layer 1,049 Lamp5 Gaba,049 Lamp5 Gaba,6,5,5,2,"Prelimbic area, layer 1,Orbital area, medial part, layer 1,Frontal pole, layer 1,Orbital area, ventrolateral part, layer 1","Secondary motor area, layer 1",1.2,2.5,regions_2,regions_3,,,4,2,11,7,0.0,0.0,sample_2_C57BL6J-1.027_layer 1_049 Lamp5 Gaba_merged_regions_table_cell_id.txt,sample_2_C57BL6J-1.027_layer 1_049 Lamp5 Gaba_merged_regions_table_cell_id.txt
C57BL6J-1.027,layer 1,layer 1,layer 1,049 Lamp5 Gaba,052 Pvalb Gaba,6,5,7,6,"Prelimbic area, layer 1,Orbital area, medial part, layer 1,Frontal pole, layer 1,Orbital area, ventrolateral part, layer 1","Orbital area, ventrolateral part, layer 1,Orbital area, lateral part, layer 1,Frontal pole, layer 1",1.2,1.1666666666666667,regions_2,regions_1,,,4,1,11,13,0.09090909090909091,0.07692307692307693,sample_2_C57BL6J-1.027_layer 1_049 Lamp5 Gaba_merged_regions_table_cell_id.txt,sample_2_C57BL6J-1.027_layer 1_052 Pvalb Gaba_merged_regions_table_cell_id.txt
C57BL6J-1.027,layer 1,layer 1,layer 1,049 Lamp5 Gaba,053 Sst Gaba,6,5,3,4,"Prelimbic area, layer 1,Orbital area, medial part, layer 1,Frontal pole, layer 1,Orbital area, ventrolateral part, layer 1","Orbital area, ventrolateral part, layer 1,Orbital area, lateral part, layer 1",1.2,0.75,regions_2,regions_1,,,4,1,11,7,0.0,0.0,sample_2_C57BL6J-1.027_layer 1_049 Lamp5 Gaba_merged_regions_table_cell_id.txt,sample_2_C57BL6J-1.027_layer 1_053 Sst Gaba_merged_regions_table_cell_id.txt
C57BL6J-1.027,layer 1,layer 1,layer 1,049 Lamp5 Gaba,052 Pvalb Gaba,5,2,7,6,"Secondary motor area, layer 1","Orbital area, ventrolateral part, layer 1,Orbital area, lateral part, layer 1,Frontal pole, layer 1",2.5,1.1666666666666667,regions_3,regions_1,,,2,1,7,13,0.0,0.0,sample_2_C57BL6J-1.027_layer 1_049 Lamp5 Gaba_merged_regions_table_cell_id.txt,sample_2_C57BL6J-1.027_layer 1_052 Pvalb Gaba_merged_regions_table_cell_id.txt
C57BL6J-1.027,layer 1,layer 1,layer 1,049 Lamp5 Gaba,053 Sst Gaba,5,2,3,4,"Secondary motor area, layer 1","Orbital area, ventrolateral part, layer 1,Orbital area, lateral part, layer 1",2.5,0.75,regions_3,regions_1,,,2,1,7,7,0.0,0.0,sample_2_C57BL6J-1.027_layer 1_049 Lamp5 Gaba_merged_regions_table_cell_id.txt,sample_2_C57BL6J-1.027_layer 1_053 Sst Gaba_merged_regions_table_cell_id.txt
C57BL6J-1.027,layer 1,layer 1,layer 1,052 Pvalb Gaba,053 Sst Gaba,7,6,3,4,"Orbital area, ventrolateral part, layer 1,Orbital area, lateral part, layer 1,Frontal pole, layer 1","Orbital area, ventrolateral part, layer 1,Orbital area, lateral part, layer 1",1.1666666666666667,0.75,regions_1,regions_1,,,1,1,13,7,0.5384615384615384,1.0,sample_2_C57BL6J-1.027_layer 1_052 Pvalb Gaba_merged_regions_table_cell_id.txt,sample_2_C57BL6J-1.027_layer 1_053 Sst Gaba_merged_regions_table_cell_id.txt
C57BL6J-1.027,layer 2/3,layer 2/3,layer 2/3,006 L4/5 IT CTX Glut,007 L2/3 IT CTX Glut,130,16,14,0,"Frontal pole, layer 2/3,Secondary motor area, layer 2/3,Orbital area, lateral part, layer 2/3,Orbital area, ventrolateral part, layer 2/3","Prelimbic area, layer 2/3,Frontal pole, layer 2/3",8.125,,regions_1,regions_1,,,9,14,146,14,0.0,0.0,sample_2_C57BL6J-1.027_layer 2.3_006 L4.5 IT CTX Glut_merged_regions_table_cell_id.txt,sample_2_C57BL6J-1.027_layer 2.3_007 L2.3 IT CTX Glut_merged_regions_table_cell_id.txt
C57BL6J-1.027,layer 2/3,layer 2/3,layer 2/3,006 L4/5 IT CTX Glut,007 L2/3 IT CTX Glut,130,16,191,25,"Frontal pole, layer 2/3,Secondary motor area, layer 2/3,Orbital area, lateral part, layer 2/3,Orbital area, ventrolateral part, layer 2/3","Frontal pole, layer 2/3,Secondary motor area, layer 2/3,Orbital area, lateral part, layer 2/3",8.125,7.64,regions_1,regions_2,,,9,182,146,216,0.9726027397260274,0.6574074074074074,sample_2_C57BL6J-1.027_layer 2.3_006 L4.5 IT CTX Glut_merged_regions_table_cell_id.txt,sample_2_C57BL6J-1.027_layer 2.3_007 L2.3 IT CTX Glut_merged_regions_table_cell_id.txt
C57BL6J-1.027,layer 2/3,layer 2/3,layer 2/3,006 L4/5 IT CTX Glut,046 Vip Gaba,130,16,198,36,"Frontal pole, layer 2/3,Secondary motor area, layer 2/3,Orbital area, lateral part, layer 2/3,Orbital area, ventrolateral part, layer 2/3","Frontal pole, layer 2/3,Secondary motor area, layer 2/3,Orbital area, ventrolateral part, layer 2/3,Orbital area, lateral part, layer 2/3",8.125,5.5,regions_1,regions_1,,,9,13,146,234,0.5821917808219178,0.36324786324786323,sample_2_C57BL6J-1.027_layer 2.3_006 L4.5 IT CTX Glut_merged_regions_table_cell_id.txt,sample_2_C57BL6J-1.027_layer 2.3_046 Vip Gaba_merged_regions_table_cell_id.txt
C57BL6J-1.027,layer 2/3,layer 2/3,layer 2/3,006 L4/5 IT CTX Glut,047 Sncg Gaba,130,16,62,8,"Frontal pole, layer 2/3,Secondary motor area, layer 2/3,Orbital area, lateral part, layer 2/3,Orbital area, ventrolateral part, layer 2/3","Frontal pole, layer 2/3,Orbital area, lateral part, layer 2/3",8.125,7.75,regions_1,regions_1,,,9,3,146,70,0.4383561643835616,0.9142857142857143,sample_2_C57BL6J-1.027_layer 2.3_006 L4.5 IT CTX Glut_merged_regions_table_cell_id.txt,sample_2_C57BL6J-1.027_layer 2.3_047 Sncg Gaba_merged_regions_table_cell_id.txt
C57BL6J-1.027,layer 2/3,layer 2/3,layer 2/3,006 L4/5 IT CTX Glut,049 Lamp5 Gaba,130,16,3,1,"Frontal pole, layer 2/3,Secondary motor area, layer 2/3,Orbital area, lateral part, layer 2/3,Orbital area, ventrolateral part, layer 2/3","Orbital area, ventrolateral part, layer 2/3,Orbital area, lateral part, layer 2/3,Frontal pole, layer 2/3",8.125,3.0,regions_1,regions_1,,,9,1,146,4,0.0273972602739726,1.0,sample_2_C57BL6J-1.027_layer 2.3_006 L4.5 IT CTX Glut_merged_regions_table_cell_id.txt,sample_2_C57BL6J-1.027_layer 2.3_049 Lamp5 Gaba_merged_regions_table_cell_id.txt
C57BL6J-1.027,layer 2/3,layer 2/3,layer 2/3,006 L4/5 IT CTX Glut,051 Pvalb chandelier Gaba,130,16,26,4,"Frontal pole, layer 2/3,Secondary motor area, layer 2/3,Orbital area, lateral part, layer 2/3,Orbital area, ventrolateral part, layer 2/3","Frontal pole, layer 2/3,Orbital area, ventrolateral part, layer 2/3",8.125,6.5,regions_1,regions_1,,,9,1,146,30,0.00684931506849315,0.03333333333333333,sample_2_C57BL6J-1.027_layer 2.3_006 L4.5 IT CTX Glut_merged_regions_table_cell_id.txt,sample_2_C57BL6J-1.027_layer 2.3_051 Pvalb chandelier Gaba_merged_regions_table_cell_id.txt
C57BL6J-1.027,layer 2/3,layer 2/3,layer 2/3,006 L4/5 IT CTX Glut,052 Pvalb Gaba,130,16,117,14,"Frontal pole, layer 2/3,Secondary motor area, layer 2/3,Orbital area, lateral part, layer 2/3,Orbital area, ventrolateral part, layer 2/3","Frontal pole, layer 2/3,Secondary motor area, layer 2/3,Orbital area, lateral part, layer 2/3",8.125,8.357142857142858,regions_1,regions_1,,,9,4,146,131,0.8698630136986302,0.9694656488549618,sample_2_C57BL6J-1.027_layer 2.3_006 L4.5 IT CTX Glut_merged_regions_table_cell_id.txt,sample_2_C57BL6J-1.027_layer 2.3_052 Pvalb Gaba_merged_regions_table_cell_id.txt
C57BL6J-1.027,layer 2/3,layer 2/3,layer 2/3,006 L4/5 IT CTX Glut,053 Sst Gaba,130,16,64,11,"Frontal pole, layer 2/3,Secondary motor area, layer 2/3,Orbital area, lateral part, layer 2/3,Orbital area, ventrolateral part, layer 2/3","Frontal pole, layer 2/3",8.125,5.818181818181818,regions_1,regions_1,,,9,5,146,75,0.0,0.0,sample_2_C57BL6J-1.027_layer 2.3_006 L4.5 IT CTX Glut_merged_regions_table_cell_id.txt,sample_2_C57BL6J-1.027_layer 2.3_053 Sst Gaba_merged_regions_table_cell_id.txt
C57BL6J-1.027,layer 2/3,layer 2/3,layer 2/3,007 L2/3 IT CTX Glut,007 L2/3 IT CTX Glut,14,0,191,25,"Prelimbic area, layer 2/3,Frontal pole, layer 2/3","Frontal pole, layer 2/3,Secondary motor area, layer 2/3,Orbital area, lateral part, layer 2/3",,7.64,regions_1,regions_2,,,14,182,14,216,0.0,0.0,sample_2_C57BL6J-1.027_layer 2.3_007 L2.3 IT CTX Glut_merged_regions_table_cell_id.txt,sample_2_C57BL6J-1.027_layer 2.3_007 L2.3 IT CTX Glut_merged_regions_table_cell_id.txt
C57BL6J-1.027,layer 2/3,layer 2/3,layer 2/3,007 L2/3 IT CTX Glut,046 Vip Gaba,14,0,198,36,"Prelimbic area, layer 2/3,Frontal pole, layer 2/3","Frontal pole, layer 2/3,Secondary motor area, layer 2/3,Orbital area, ventrolateral part, layer 2/3,Orbital area, lateral part, layer 2/3",,5.5,regions_1,regions_1,,,14,13,14,234,0.0,0.0,sample_2_C57BL6J-1.027_layer 2.3_007 L2.3 IT CTX Glut_merged_regions_table_cell_id.txt,sample_2_C57BL6J-1.027_layer 2.3_046 Vip Gaba_merged_regions_table_cell_id.txt
C57BL6J-1.027,layer 2/3,layer 2/3,layer 2/3,007 L2/3 IT CTX Glut,047 Sncg Gaba,14,0,62,8,"Prelimbic area, layer 2/3,Frontal pole, layer 2/3","Frontal pole, layer 2/3,Orbital area, lateral part, layer 2/3",,7.75,regions_1,regions_1,,,14,3,14,70,0.0,0.0,sample_2_C57BL6J-1.027_layer 2.3_007 L2.3 IT CTX Glut_merged_regions_table_cell_id.txt,sample_2_C57BL6J-1.027_layer 2.3_047 Sncg Gaba_merged_regions_table_cell_id.txt
C57BL6J-1.027,layer 2/3,layer 2/3,layer 2/3,007 L2/3 IT CTX Glut,049 Lamp5 Gaba,14,0,3,1,"Prelimbic area, layer 2/3,Frontal pole, layer 2/3","Orbital area, ventrolateral part, layer 2/3,Orbital area, lateral part, layer 2/3,Frontal pole, layer 2/3",,3.0,regions_1,regions_1,,,14,1,14,4,0.0,0.0,sample_2_C57BL6J-1.027_layer 2.3_007 L2.3 IT CTX Glut_merged_regions_table_cell_id.txt,sample_2_C57BL6J-1.027_layer 2.3_049 Lamp5 Gaba_merged_regions_table_cell_id.txt
C57BL6J-1.027,layer 2/3,layer 2/3,layer 2/3,007 L2/3 IT CTX Glut,051 Pvalb chandelier Gaba,14,0,26,4,"Prelimbic area, layer 2/3,Frontal pole, layer 2/3","Frontal pole, layer 2/3,Orbital area, ventrolateral part, layer 2/3",,6.5,regions_1,regions_1,,,14,1,14,30,0.14285714285714285,0.06666666666666667,sample_2_C57BL6J-1.027_layer 2.3_007 L2.3 IT CTX Glut_merged_regions_table_cell_id.txt,sample_2_C57BL6J-1.027_layer 2.3_051 Pvalb chandelier Gaba_merged_regions_table_cell_id.txt
C57BL6J-1.027,layer 2/3,layer 2/3,layer 2/3,007 L2/3 IT CTX Glut,052 Pvalb Gaba,14,0,117,14,"Prelimbic area, layer 2/3,Frontal pole, layer 2/3","Frontal pole, layer 2/3,Secondary motor area, layer 2/3,Orbital area, lateral part, layer 2/3",,8.357142857142858,regions_1,regions_1,,,14,4,14,131,0.0,0.0,sample_2_C57BL6J-1.027_layer 2.3_007 L2.3 IT CTX Glut_merged_regions_table_cell_id.txt,sample_2_C57BL6J-1.027_layer 2.3_052 Pvalb Gaba_merged_regions_table_cell_id.txt
C57BL6J-1.027,layer 2/3,layer 2/3,layer 2/3,007 L2/3 IT CTX Glut,053 Sst Gaba,14,0,64,11,"Prelimbic area, layer 2/3,Frontal pole, layer 2/3","Frontal pole, layer 2/3",,5.818181818181818,regions_1,regions_1,,,14,5,14,75,0.0,0.0,sample_2_C57BL6J-1.027_layer 2.3_007 L2.3 IT CTX Glut_merged_regions_table_cell_id.txt,sample_2_C57BL6J-1.027_layer 2.3_053 Sst Gaba_merged_regions_table_cell_id.txt
C57BL6J-1.027,layer 2/3,layer 2/3,layer 2/3,007 L2/3 IT CTX Glut,046 Vip Gaba,191,25,198,36,"Frontal pole, layer 2/3,Secondary motor area, layer 2/3,Orbital area, lateral part, layer 2/3","Frontal pole, layer 2/3,Secondary motor area, layer 2/3,Orbital area, ventrolateral part, layer 2/3,Orbital area, lateral part, layer 2/3",7.64,5.5,regions_2,regions_1,,,182,13,216,234,0.6759259259259259,0.6239316239316239,sample_2_C57BL6J-1.027_layer 2.3_007 L2.3 IT CTX Glut_merged_regions_table_cell_id.txt,sample_2_C57BL6J-1.027_layer 2.3_046 Vip Gaba_merged_regions_table_cell_id.txt
C57BL6J-1.027,layer 2/3,layer 2/3,layer 2/3,007 L2/3 IT CTX Glut,047 Sncg Gaba,191,25,62,8,"Frontal pole, layer 2/3,Secondary motor area, layer 2/3,Orbital area, lateral part, layer 2/3","Frontal pole, layer 2/3,Orbital area, lateral part, layer 2/3",7.64,7.75,regions_2,regions_1,,,182,3,216,70,0.3148148148148148,0.9714285714285714,sample_2_C57BL6J-1.027_layer 2.3_007 L2.3 IT CTX Glut_merged_regions_table_cell_id.txt,sample_2_C57BL6J-1.027_layer 2.3_047 Sncg Gaba_merged_regions_table_cell_id.txt
C57BL6J-1.027,layer 2/3,layer 2/3,layer 2/3,007 L2/3 IT CTX Glut,049 Lamp5 Gaba,191,25,3,1,"Frontal pole, layer 2/3,Secondary motor area, layer 2/3,Orbital area, lateral part, layer 2/3","Orbital area, ventrolateral part, layer 2/3,Orbital area, lateral part, layer 2/3,Frontal pole, layer 2/3",7.64,3.0,regions_2,regions_1,,,182,1,216,4,0.013888888888888888,0.75,sample_2_C57BL6J-1.027_layer 2.3_007 L2.3 IT CTX Glut_merged_regions_table_cell_id.txt,sample_2_C57BL6J-1.027_layer 2.3_049 Lamp5 Gaba_merged_regions_table_cell_id.txt
C57BL6J-1.027,layer 2/3,layer 2/3,layer 2/3,007 L2/3 IT CTX Glut,051 Pvalb chandelier Gaba,191,25,26,4,"Frontal pole, layer 2/3,Secondary motor area, layer 2/3,Orbital area, lateral part, layer 2/3","Frontal pole, layer 2/3,Orbital area, ventrolateral part, layer 2/3",7.64,6.5,regions_2,regions_1,,,182,1,216,30,0.009259259259259259,0.06666666666666667,sample_2_C57BL6J-1.027_layer 2.3_007 L2.3 IT CTX Glut_merged_regions_table_cell_id.txt,sample_2_C57BL6J-1.027_layer 2.3_051 Pvalb chandelier Gaba_merged_regions_table_cell_id.txt
C57BL6J-1.027,layer 2/3,layer 2/3,layer 2/3,007 L2/3 IT CTX Glut,052 Pvalb Gaba,191,25,117,14,"Frontal pole, layer 2/3,Secondary motor area, layer 2/3,Orbital area, lateral part, layer 2/3","Frontal pole, layer 2/3,Secondary motor area, layer 2/3,Orbital area, lateral part, layer 2/3",7.64,8.357142857142858,regions_2,regions_1,,,182,4,216,131,0.5925925925925926,0.9770992366412213,sample_2_C57BL6J-1.027_layer 2.3_007 L2.3 IT CTX Glut_merged_regions_table_cell_id.txt,sample_2_C57BL6J-1.027_layer 2.3_052 Pvalb Gaba_merged_regions_table_cell_id.txt
C57BL6J-1.027,layer 2/3,layer 2/3,layer 2/3,007 L2/3 IT CTX Glut,053 Sst Gaba,191,25,64,11,"Frontal pole, layer 2/3,Secondary motor area, layer 2/3,Orbital area, lateral part, layer 2/3","Frontal pole, layer 2/3",7.64,5.818181818181818,regions_2,regions_1,,,182,5,216,75,0.06481481481481481,0.18666666666666668,sample_2_C57BL6J-1.027_layer 2.3_007 L2.3 IT CTX Glut_merged_regions_table_cell_id.txt,sample_2_C57BL6J-1.027_layer 2.3_053 Sst Gaba_merged_regions_table_cell_id.txt
C57BL6J-1.027,layer 2/3,layer 2/3,layer 2/3,046 Vip Gaba,047 Sncg Gaba,198,36,62,8,"Frontal pole, layer 2/3,Secondary motor area, layer 2/3,Orbital area, ventrolateral part, layer 2/3,Orbital area, lateral part, layer 2/3","Frontal pole, layer 2/3,Orbital area, lateral part, layer 2/3",5.5,7.75,regions_1,regions_1,,,13,3,234,70,0.18803418803418803,0.6285714285714286,sample_2_C57BL6J-1.027_layer 2.3_046 Vip Gaba_merged_regions_table_cell_id.txt,sample_2_C57BL6J-1.027_layer 2.3_047 Sncg Gaba_merged_regions_table_cell_id.txt
C57BL6J-1.027,layer 2/3,layer 2/3,layer 2/3,046 Vip Gaba,049 Lamp5 Gaba,198,36,3,1,"Frontal pole, layer 2/3,Secondary motor area, layer 2/3,Orbital area, ventrolateral part, layer 2/3,Orbital area, lateral part, layer 2/3","Orbital area, ventrolateral part, layer 2/3,Orbital area, lateral part, layer 2/3,Frontal pole, layer 2/3",5.5,3.0,regions_1,regions_1,,,13,1,234,4,0.017094017094017096,1.0,sample_2_C57BL6J-1.027_layer 2.3_046 Vip Gaba_merged_regions_table_cell_id.txt,sample_2_C57BL6J-1.027_layer 2.3_049 Lamp5 Gaba_merged_regions_table_cell_id.txt
C57BL6J-1.027,layer 2/3,layer 2/3,layer 2/3,046 Vip Gaba,051 Pvalb chandelier Gaba,198,36,26,4,"Frontal pole, layer 2/3,Secondary motor area, layer 2/3,Orbital area, ventrolateral part, layer 2/3,Orbital area, lateral part, layer 2/3","Frontal pole, layer 2/3,Orbital area, ventrolateral part, layer 2/3",5.5,6.5,regions_1,regions_1,,,13,1,234,30,0.1111111111111111,0.8666666666666667,sample_2_C57BL6J-1.027_layer 2.3_046 Vip Gaba_merged_regions_table_cell_id.txt,sample_2_C57BL6J-1.027_layer 2.3_051 Pvalb chandelier Gaba_merged_regions_table_cell_id.txt
C57BL6J-1.027,layer 2/3,layer 2/3,layer 2/3,046 Vip Gaba,052 Pvalb Gaba,198,36,117,14,"Frontal pole, layer 2/3,Secondary motor area, layer 2/3,Orbital area, ventrolateral part, layer 2/3,Orbital area, lateral part, layer 2/3","Frontal pole, layer 2/3,Secondary motor area, layer 2/3,Orbital area, lateral part, layer 2/3",5.5,8.357142857142858,regions_1,regions_1,,,13,4,234,131,0.32051282051282054,0.5725190839694656,sample_2_C57BL6J-1.027_layer 2.3_046 Vip Gaba_merged_regions_table_cell_id.txt,sample_2_C57BL6J-1.027_layer 2.3_052 Pvalb Gaba_merged_regions_table_cell_id.txt
C57BL6J-1.027,layer 2/3,layer 2/3,layer 2/3,046 Vip Gaba,053 Sst Gaba,198,36,64,11,"Frontal pole, layer 2/3,Secondary motor area, layer 2/3,Orbital area, ventrolateral part, layer 2/3,Orbital area, lateral part, layer 2/3","Frontal pole, layer 2/3",5.5,5.818181818181818,regions_1,regions_1,,,13,5,234,75,0.2264957264957265,0.7066666666666667,sample_2_C57BL6J-1.027_layer 2.3_046 Vip Gaba_merged_regions_table_cell_id.txt,sample_2_C57BL6J-1.027_layer 2.3_053 Sst Gaba_merged_regions_table_cell_id.txt
C57BL6J-1.027,layer 2/3,layer 2/3,layer 2/3,047 Sncg Gaba,049 Lamp5 Gaba,62,8,3,1,"Frontal pole, layer 2/3,Orbital area, lateral part, layer 2/3","Orbital area, ventrolateral part, layer 2/3,Orbital area, lateral part, layer 2/3,Frontal pole, layer 2/3",7.75,3.0,regions_1,regions_1,,,3,1,70,4,0.04285714285714286,0.75,sample_2_C57BL6J-1.027_layer 2.3_047 Sncg Gaba_merged_regions_table_cell_id.txt,sample_2_C57BL6J-1.027_layer 2.3_049 Lamp5 Gaba_merged_regions_table_cell_id.txt
C57BL6J-1.027,layer 2/3,layer 2/3,layer 2/3,047 Sncg Gaba,051 Pvalb chandelier Gaba,62,8,26,4,"Frontal pole, layer 2/3,Orbital area, lateral part, layer 2/3","Frontal pole, layer 2/3,Orbital area, ventrolateral part, layer 2/3",7.75,6.5,regions_1,regions_1,,,3,1,70,30,0.0,0.0,sample_2_C57BL6J-1.027_layer 2.3_047 Sncg Gaba_merged_regions_table_cell_id.txt,sample_2_C57BL6J-1.027_layer 2.3_051 Pvalb chandelier Gaba_merged_regions_table_cell_id.txt
C57BL6J-1.027,layer 2/3,layer 2/3,layer 2/3,047 Sncg Gaba,052 Pvalb Gaba,62,8,117,14,"Frontal pole, layer 2/3,Orbital area, lateral part, layer 2/3","Frontal pole, layer 2/3,Secondary motor area, layer 2/3,Orbital area, lateral part, layer 2/3",7.75,8.357142857142858,regions_1,regions_1,,,3,4,70,131,0.9714285714285714,0.5190839694656488,sample_2_C57BL6J-1.027_layer 2.3_047 Sncg Gaba_merged_regions_table_cell_id.txt,sample_2_C57BL6J-1.027_layer 2.3_052 Pvalb Gaba_merged_regions_table_cell_id.txt
C57BL6J-1.027,layer 2/3,layer 2/3,layer 2/3,047 Sncg Gaba,053 Sst Gaba,62,8,64,11,"Frontal pole, layer 2/3,Orbital area, lateral part, layer 2/3","Frontal pole, layer 2/3",7.75,5.818181818181818,regions_1,regions_1,,,3,5,70,75,0.0,0.0,sample_2_C57BL6J-1.027_layer 2.3_047 Sncg Gaba_merged_regions_table_cell_id.txt,sample_2_C57BL6J-1.027_layer 2.3_053 Sst Gaba_merged_regions_table_cell_id.txt
C57BL6J-1.027,layer 2/3,layer 2/3,layer 2/3,049 Lamp5 Gaba,051 Pvalb chandelier Gaba,3,1,26,4,"Orbital area, ventrolateral part, layer 2/3,Orbital area, lateral part, layer 2/3,Frontal pole, layer 2/3","Frontal pole, layer 2/3,Orbital area, ventrolateral part, layer 2/3",3.0,6.5,regions_1,regions_1,,,1,1,4,30,0.25,0.03333333333333333,sample_2_C57BL6J-1.027_layer 2.3_049 Lamp5 Gaba_merged_regions_table_cell_id.txt,sample_2_C57BL6J-1.027_layer 2.3_051 Pvalb chandelier Gaba_merged_regions_table_cell_id.txt
C57BL6J-1.027,layer 2/3,layer 2/3,layer 2/3,049 Lamp5 Gaba,052 Pvalb Gaba,3,1,117,14,"Orbital area, ventrolateral part, layer 2/3,Orbital area, lateral part, layer 2/3,Frontal pole, layer 2/3","Frontal pole, layer 2/3,Secondary motor area, layer 2/3,Orbital area, lateral part, layer 2/3",3.0,8.357142857142858,regions_1,regions_1,,,1,4,4,131,0.75,0.022900763358778626,sample_2_C57BL6J-1.027_layer 2.3_049 Lamp5 Gaba_merged_regions_table_cell_id.txt,sample_2_C57BL6J-1.027_layer 2.3_052 Pvalb Gaba_merged_regions_table_cell_id.txt
C57BL6J-1.027,layer 2/3,layer 2/3,layer 2/3,049 Lamp5 Gaba,053 Sst Gaba,3,1,64,11,"Orbital area, ventrolateral part, layer 2/3,Orbital area, lateral part, layer 2/3,Frontal pole, layer 2/3","Frontal pole, layer 2/3",3.0,5.818181818181818,regions_1,regions_1,,,1,5,4,75,0.0,0.0,sample_2_C57BL6J-1.027_layer 2.3_049 Lamp5 Gaba_merged_regions_table_cell_id.txt,sample_2_C57BL6J-1.027_layer 2.3_053 Sst Gaba_merged_regions_table_cell_id.txt
C57BL6J-1.027,layer 2/3,layer 2/3,layer 2/3,051 Pvalb chandelier Gaba,052 Pvalb Gaba,26,4,117,14,"Frontal pole, layer 2/3,Orbital area, ventrolateral part, layer 2/3","Frontal pole, layer 2/3,Secondary motor area, layer 2/3,Orbital area, lateral part, layer 2/3",6.5,8.357142857142858,regions_1,regions_1,,,1,4,30,131,0.0,0.0,sample_2_C57BL6J-1.027_layer 2.3_051 Pvalb chandelier Gaba_merged_regions_table_cell_id.txt,sample_2_C57BL6J-1.027_layer 2.3_052 Pvalb Gaba_merged_regions_table_cell_id.txt
C57BL6J-1.027,layer 2/3,layer 2/3,layer 2/3,051 Pvalb chandelier Gaba,053 Sst Gaba,26,4,64,11,"Frontal pole, layer 2/3,Orbital area, ventrolateral part, layer 2/3","Frontal pole, layer 2/3",6.5,5.818181818181818,regions_1,regions_1,,,1,5,30,75,0.03333333333333333,0.013333333333333334,sample_2_C57BL6J-1.027_layer 2.3_051 Pvalb chandelier Gaba_merged_regions_table_cell_id.txt,sample_2_C57BL6J-1.027_layer 2.3_053 Sst Gaba_merged_regions_table_cell_id.txt
C57BL6J-1.027,layer 2/3,layer 2/3,layer 2/3,052 Pvalb Gaba,053 Sst Gaba,117,14,64,11,"Frontal pole, layer 2/3,Secondary motor area, layer 2/3,Orbital area, lateral part, layer 2/3","Frontal pole, layer 2/3",8.357142857142858,5.818181818181818,regions_1,regions_1,,,4,5,131,75,0.0,0.0,sample_2_C57BL6J-1.027_layer 2.3_052 Pvalb Gaba_merged_regions_table_cell_id.txt,sample_2_C57BL6J-1.027_layer 2.3_053 Sst Gaba_merged_regions_table_cell_id.txt
C57BL6J-1.028,layer 1,layer 1,layer 1,007 L2/3 IT CTX Glut,007 L2/3 IT CTX Glut,45,9,46,5,"Secondary motor area, layer 1,Prelimbic area, layer 1","Secondary motor area, layer 1",5.0,9.2,regions_1,regions_2,,,45,46,54,51,0.0,0.0,sample_2_C57BL6J-1.028_layer 1_007 L2.3 IT CTX Glut_merged_regions_table_cell_id.txt,sample_2_C57BL6J-1.028_layer 1_007 L2.3 IT CTX Glut_merged_regions_table_cell_id.txt
C57BL6J-1.028,layer 1,layer 1,layer 1,007 L2/3 IT CTX Glut,007 L2/3 IT CTX Glut,45,9,11,1,"Secondary motor area, layer 1,Prelimbic area, layer 1","Orbital area, ventrolateral part, layer 1,Orbital area, medial part, layer 1",5.0,11.0,regions_1,regions_3,,,45,11,54,12,0.0,0.0,sample_2_C57BL6J-1.028_layer 1_007 L2.3 IT CTX Glut_merged_regions_table_cell_id.txt,sample_2_C57BL6J-1.028_layer 1_007 L2.3 IT CTX Glut_merged_regions_table_cell_id.txt
C57BL6J-1.028,layer 1,layer 1,layer 1,007 L2/3 IT CTX Glut,007 L2/3 IT CTX Glut,45,9,28,1,"Secondary motor area, layer 1,Prelimbic area, layer 1","Orbital area, lateral part, layer 1,Orbital area, ventrolateral part, layer 1",5.0,28.0,regions_1,regions_4,,,45,28,54,29,0.0,0.0,sample_2_C57BL6J-1.028_layer 1_007 L2.3 IT CTX Glut_merged_regions_table_cell_id.txt,sample_2_C57BL6J-1.028_layer 1_007 L2.3 IT CTX Glut_merged_regions_table_cell_id.txt
C57BL6J-1.028,layer 1,layer 1,layer 1,007 L2/3 IT CTX Glut,007 L2/3 IT CTX Glut,45,9,49,7,"Secondary motor area, layer 1,Prelimbic area, layer 1","Secondary motor area, layer 1",5.0,7.0,regions_1,regions_5,,,45,49,54,56,0.0,0.0,sample_2_C57BL6J-1.028_layer 1_007 L2.3 IT CTX Glut_merged_regions_table_cell_id.txt,sample_2_C57BL6J-1.028_layer 1_007 L2.3 IT CTX Glut_merged_regions_table_cell_id.txt
C57BL6J-1.028,layer 1,layer 1,layer 1,007 L2/3 IT CTX Glut,007 L2/3 IT CTX Glut,45,9,6,0,"Secondary motor area, layer 1,Prelimbic area, layer 1","Agranular insular area, dorsal part, layer 1,Orbital area, lateral part, layer 1,Secondary motor area, layer 1",5.0,,regions_1,regions_6,,,45,6,54,6,0.0,0.0,sample_2_C57BL6J-1.028_layer 1_007 L2.3 IT CTX Glut_merged_regions_table_cell_id.txt,sample_2_C57BL6J-1.028_layer 1_007 L2.3 IT CTX Glut_merged_regions_table_cell_id.txt
C57BL6J-1.028,layer 1,layer 1,layer 1,007 L2/3 IT CTX Glut,046 Vip Gaba,45,9,42,15,"Secondary motor area, layer 1,Prelimbic area, layer 1","Secondary motor area, layer 1",5.0,2.8,regions_1,regions_1,,,45,5,54,57,0.6111111111111112,0.5789473684210527,sample_2_C57BL6J-1.028_layer 1_007 L2.3 IT CTX Glut_merged_regions_table_cell_id.txt,sample_2_C57BL6J-1.028_layer 1_046 Vip Gaba_merged_regions_table_cell_id.txt
C57BL6J-1.028,layer 1,layer 1,layer 1,007 L2/3 IT CTX Glut,046 Vip Gaba,45,9,6,6,"Secondary motor area, layer 1,Prelimbic area, layer 1","Orbital area, medial part, layer 1",5.0,1.0,regions_1,regions_2,,,45,2,54,12,0.0,0.0,sample_2_C57BL6J-1.028_layer 1_007 L2.3 IT CTX Glut_merged_regions_table_cell_id.txt,sample_2_C57BL6J-1.028_layer 1_046 Vip Gaba_merged_regions_table_cell_id.txt
C57BL6J-1.028,layer 1,layer 1,layer 1,007 L2/3 IT CTX Glut,046 Vip Gaba,45,9,1,1,"Secondary motor area, layer 1,Prelimbic area, layer 1","Orbital area, lateral part, layer 1",5.0,1.0,regions_1,regions_3,,,45,1,54,2,0.0,0.0,sample_2_C57BL6J-1.028_layer 1_007 L2.3 IT CTX Glut_merged_regions_table_cell_id.txt,sample_2_C57BL6J-1.028_layer 1_046 Vip Gaba_merged_regions_table_cell_id.txt
C57BL6J-1.028,layer 1,layer 1,layer 1,007 L2/3 IT CTX Glut,047 Sncg Gaba,45,9,2,1,"Secondary motor area, layer 1,Prelimbic area, layer 1","Secondary motor area, layer 1,Prelimbic area, layer 1",5.0,2.0,regions_1,regions_1,,,45,1,54,3,0.0,0.0,sample_2_C57BL6J-1.028_layer 1_007 L2.3 IT CTX Glut_merged_regions_table_cell_id.txt,sample_2_C57BL6J-1.028_layer 1_047 Sncg Gaba_merged_regions_table_cell_id.txt
C57BL6J-1.028,layer 1,layer 1,layer 1,007 L2/3 IT CTX Glut,047 Sncg Gaba,45,9,3,1,"Secondary motor area, layer 1,Prelimbic area, layer 1","Secondary motor area, layer 1",5.0,3.0,regions_1,regions_2,,,45,1,54,4,0.07407407407407407,1.0,sample_2_C57BL6J-1.028_layer 1_007 L2.3 IT CTX Glut_merged_regions_table_cell_id.txt,sample_2_C57BL6J-1.028_layer 1_047 Sncg Gaba_merged_regions_table_cell_id.txt
C57BL6J-1.028,layer 1,layer 1,layer 1,007 L2/3 IT CTX Glut,047 Sncg Gaba,45,9,0,3,"Secondary motor area, layer 1,Prelimbic area, layer 1","Orbital area, medial part, layer 1",5.0,0.0,regions_1,regions_3,,,45,1,54,3,0.0,0.0,sample_2_C57BL6J-1.028_layer 1_007 L2.3 IT CTX Glut_merged_regions_table_cell_id.txt,sample_2_C57BL6J-1.028_layer 1_047 Sncg Gaba_merged_regions_table_cell_id.txt
C57BL6J-1.028,layer 1,layer 1,layer 1,007 L2/3 IT CTX Glut,047 Sncg Gaba,45,9,27,13,"Secondary motor area, layer 1,Prelimbic area, layer 1","Orbital area, ventrolateral part, layer 1,Orbital area, medial part, layer 1",5.0,2.076923076923077,regions_1,regions_4,,,45,2,54,40,0.0,0.0,sample_2_C57BL6J-1.028_layer 1_007 L2.3 IT CTX Glut_merged_regions_table_cell_id.txt,sample_2_C57BL6J-1.028_layer 1_047 Sncg Gaba_merged_regions_table_cell_id.txt
C57BL6J-1.028,layer 1,layer 1,layer 1,007 L2/3 IT CTX Glut,049 Lamp5 Gaba,45,9,30,13,"Secondary motor area, layer 1,Prelimbic area, layer 1","Secondary motor area, layer 1",5.0,2.3076923076923075,regions_1,regions_1,,,45,7,54,43,0.46296296296296297,0.5813953488372093,sample_2_C57BL6J-1.028_layer 1_007 L2.3 IT CTX Glut_merged_regions_table_cell_id.txt,sample_2_C57BL6J-1.028_layer 1_049 Lamp5 Gaba_merged_regions_table_cell_id.txt
C57BL6J-1.028,layer 1,layer 1,layer 1,007 L2/3 IT CTX Glut,049 Lamp5 Gaba,45,9,16,6,"Secondary motor area, layer 1,Prelimbic area, layer 1","Secondary motor area, layer 1,Orbital area, lateral part, layer 1,Frontal pole, layer 1",5.0,2.6666666666666665,regions_1,regions_2,,,45,6,54,22,0.0,0.0,sample_2_C57BL6J-1.028_layer 1_007 L2.3 IT CTX Glut_merged_regions_table_cell_id.txt,sample_2_C57BL6J-1.028_layer 1_049 Lamp5 Gaba_merged_regions_table_cell_id.txt
C57BL6J-1.028,layer 1,layer 1,layer 1,007 L2/3 IT CTX Glut,051 Pvalb chandelier Gaba,45,9,39,5,"Secondary motor area, layer 1,Prelimbic area, layer 1","Secondary motor area, layer 1",5.0,7.8,regions_1,regions_1,,,45,2,54,44,0.0,0.0,sample_2_C57BL6J-1.028_layer 1_007 L2.3 IT CTX Glut_merged_regions_table_cell_id.txt,sample_2_C57BL6J-1.028_layer 1_051 Pvalb chandelier Gaba_merged_regions_table_cell_id.txt
C57BL6J-1.028,layer 1,layer 1,layer 1,007 L2/3 IT CTX Glut,051 Pvalb chandelier Gaba,45,9,8,3,"Secondary motor area, layer 1,Prelimbic area, layer 1","Orbital area, ventrolateral part, layer 1,Orbital area, lateral part, layer 1,Orbital area, medial part, layer 1",5.0,2.6666666666666665,regions_1,regions_2,,,45,1,54,11,0.0,0.0,sample_2_C57BL6J-1.028_layer 1_007 L2.3 IT CTX Glut_merged_regions_table_cell_id.txt,sample_2_C57BL6J-1.028_layer 1_051 Pvalb chandelier Gaba_merged_regions_table_cell_id.txt
C57BL6J-1.028,layer 1,layer 1,layer 1,007 L2/3 IT CTX Glut,052 Pvalb Gaba,45,9,3,2,"Secondary motor area, layer 1,Prelimbic area, layer 1","Secondary motor area, layer 1",5.0,1.5,regions_1,regions_1,,,45,1,54,5,0.0,0.0,sample_2_C57BL6J-1.028_layer 1_007 L2.3 IT CTX Glut_merged_regions_table_cell_id.txt,sample_2_C57BL6J-1.028_layer 1_052 Pvalb Gaba_merged_regions_table_cell_id.txt
C57BL6J-1.028,layer 1,layer 1,layer 1,007 L2/3 IT CTX Glut,052 Pvalb Gaba,45,9,27,9,"Secondary motor area, layer 1,Prelimbic area, layer 1","Orbital area, ventrolateral part, layer 1,Orbital area, medial part, layer 1,Frontal pole, layer 1",5.0,3.0,regions_1,regions_2,,,45,2,54,36,0.0,0.0,sample_2_C57BL6J-1.028_layer 1_007 L2.3 IT CTX Glut_merged_regions_table_cell_id.txt,sample_2_C57BL6J-1.028_layer 1_052 Pvalb Gaba_merged_regions_table_cell_id.txt
C57BL6J-1.028,layer 1,layer 1,layer 1,007 L2/3 IT CTX Glut,053 Sst Gaba,45,9,21,3,"Secondary motor area, layer 1,Prelimbic area, layer 1","Secondary motor area, layer 1",5.0,7.0,regions_1,regions_1,,,45,2,54,24,0.0,0.0,sample_2_C57BL6J-1.028_layer 1_007 L2.3 IT CTX Glut_merged_regions_table_cell_id.txt,sample_2_C57BL6J-1.028_layer 1_053 Sst Gaba_merged_regions_table_cell_id.txt
C57BL6J-1.028,layer 1,layer 1,layer 1,007 L2/3 IT CTX Glut,053 Sst Gaba,45,9,37,18,"Secondary motor area, layer 1,Prelimbic area, layer 1","Orbital area, ventrolateral part, layer 1,Orbital area, medial part, layer 1,Frontal pole, layer 1",5.0,2.0555555555555554,regions_1,regions_2,,,45,4,54,55,0.0,0.0,sample_2_C57BL6J-1.028_layer 1_007 L2.3 IT CTX Glut_merged_regions_table_cell_id.txt,sample_2_C57BL6J-1.028_layer 1_053 Sst Gaba_merged_regions_table_cell_id.txt
C57BL6J-1.028,layer 1,layer 1,layer 1,007 L2/3 IT CTX Glut,007 L2/3 IT CTX Glut,46,5,11,1,"Secondary motor area, layer 1","Orbital area, ventrolateral part, layer 1,Orbital area, medial part, layer 1",9.2,11.0,regions_2,regions_3,,,46,11,51,12,0.0,0.0,sample_2_C57BL6J-1.028_layer 1_007 L2.3 IT CTX Glut_merged_regions_table_cell_id.txt,sample_2_C57BL6J-1.028_layer 1_007 L2.3 IT CTX Glut_merged_regions_table_cell_id.txt
C57BL6J-1.028,layer 1,layer 1,layer 1,007 L2/3 IT CTX Glut,007 L2/3 IT CTX Glut,46,5,28,1,"Secondary motor area, layer 1","Orbital area, lateral part, layer 1,Orbital area, ventrolateral part, layer 1",9.2,28.0,regions_2,regions_4,,,46,28,51,29,0.0,0.0,sample_2_C57BL6J-1.028_layer 1_007 L2.3 IT CTX Glut_merged_regions_table_cell_id.txt,sample_2_C57BL6J-1.028_layer 1_007 L2.3 IT CTX Glut_merged_regions_table_cell_id.txt
C57BL6J-1.028,layer 1,layer 1,layer 1,007 L2/3 IT CTX Glut,007 L2/3 IT CTX Glut,46,5,49,7,"Secondary motor area, layer 1","Secondary motor area, layer 1",9.2,7.0,regions_2,regions_5,,,46,49,51,56,0.0,0.0,sample_2_C57BL6J-1.028_layer 1_007 L2.3 IT CTX Glut_merged_regions_table_cell_id.txt,sample_2_C57BL6J-1.028_layer 1_007 L2.3 IT CTX Glut_merged_regions_table_cell_id.txt
C57BL6J-1.028,layer 1,layer 1,layer 1,007 L2/3 IT CTX Glut,007 L2/3 IT CTX Glut,46,5,6,0,"Secondary motor area, layer 1","Agranular insular area, dorsal part, layer 1,Orbital area, lateral part, layer 1,Secondary motor area, layer 1",9.2,,regions_2,regions_6,,,46,6,51,6,0.0,0.0,sample_2_C57BL6J-1.028_layer 1_007 L2.3 IT CTX Glut_merged_regions_table_cell_id.txt,sample_2_C57BL6J-1.028_layer 1_007 L2.3 IT CTX Glut_merged_regions_table_cell_id.txt
C57BL6J-1.028,layer 1,layer 1,layer 1,007 L2/3 IT CTX Glut,046 Vip Gaba,46,5,42,15,"Secondary motor area, layer 1","Secondary motor area, layer 1",9.2,2.8,regions_2,regions_1,,,46,5,51,57,0.13725490196078433,0.12280701754385964,sample_2_C57BL6J-1.028_layer 1_007 L2.3 IT CTX Glut_merged_regions_table_cell_id.txt,sample_2_C57BL6J-1.028_layer 1_046 Vip Gaba_merged_regions_table_cell_id.txt
C57BL6J-1.028,layer 1,layer 1,layer 1,007 L2/3 IT CTX Glut,046 Vip Gaba,46,5,6,6,"Secondary motor area, layer 1","Orbital area, medial part, layer 1",9.2,1.0,regions_2,regions_2,,,46,2,51,12,0.0,0.0,sample_2_C57BL6J-1.028_layer 1_007 L2.3 IT CTX Glut_merged_regions_table_cell_id.txt,sample_2_C57BL6J-1.028_layer 1_046 Vip Gaba_merged_regions_table_cell_id.txt
C57BL6J-1.028,layer 1,layer 1,layer 1,007 L2/3 IT CTX Glut,046 Vip Gaba,46,5,1,1,"Secondary motor area, layer 1","Orbital area, lateral part, layer 1",9.2,1.0,regions_2,regions_3,,,46,1,51,2,0.0,0.0,sample_2_C57BL6J-1.028_layer 1_007 L2.3 IT CTX Glut_merged_regions_table_cell_id.txt,sample_2_C57BL6J-1.028_layer 1_046 Vip Gaba_merged_regions_table_cell_id.txt
C57BL6J-1.028,layer 1,layer 1,layer 1,007 L2/3 IT CTX Glut,047 Sncg Gaba,46,5,2,1,"Secondary motor area, layer 1","Secondary motor area, layer 1,Prelimbic area, layer 1",9.2,2.0,regions_2,regions_1,,,46,1,51,3,0.0,0.0,sample_2_C57BL6J-1.028_layer 1_007 L2.3 IT CTX Glut_merged_regions_table_cell_id.txt,sample_2_C57BL6J-1.028_layer 1_047 Sncg Gaba_merged_regions_table_cell_id.txt
C57BL6J-1.028,layer 1,layer 1,layer 1,007 L2/3 IT CTX Glut,047 Sncg Gaba,46,5,3,1,"Secondary motor area, layer 1","Secondary motor area, layer 1",9.2,3.0,regions_2,regions_2,,,46,1,51,4,0.0,0.0,sample_2_C57BL6J-1.028_layer 1_007 L2.3 IT CTX Glut_merged_regions_table_cell_id.txt,sample_2_C57BL6J-1.028_layer 1_047 Sncg Gaba_merged_regions_table_cell_id.txt
C57BL6J-1.028,layer 1,layer 1,layer 1,007 L2/3 IT CTX Glut,047 Sncg Gaba,46,5,0,3,"Secondary motor area, layer 1","Orbital area, medial part, layer 1",9.2,0.0,regions_2,regions_3,,,46,1,51,3,0.0,0.0,sample_2_C57BL6J-1.028_layer 1_007 L2.3 IT CTX Glut_merged_regions_table_cell_id.txt,sample_2_C57BL6J-1.028_layer 1_047 Sncg Gaba_merged_regions_table_cell_id.txt
C57BL6J-1.028,layer 1,layer 1,layer 1,007 L2/3 IT CTX Glut,047 Sncg Gaba,46,5,27,13,"Secondary motor area, layer 1","Orbital area, ventrolateral part, layer 1,Orbital area, medial part, layer 1",9.2,2.076923076923077,regions_2,regions_4,,,46,2,51,40,0.0,0.0,sample_2_C57BL6J-1.028_layer 1_007 L2.3 IT CTX Glut_merged_regions_table_cell_id.txt,sample_2_C57BL6J-1.028_layer 1_047 Sncg Gaba_merged_regions_table_cell_id.txt
C57BL6J-1.028,layer 1,layer 1,layer 1,007 L2/3 IT CTX Glut,049 Lamp5 Gaba,46,5,30,13,"Secondary motor area, layer 1","Secondary motor area, layer 1",9.2,2.3076923076923075,regions_2,regions_1,,,46,7,51,43,0.0196078431372549,0.023255813953488372,sample_2_C57BL6J-1.028_layer 1_007 L2.3 IT CTX Glut_merged_regions_table_cell_id.txt,sample_2_C57BL6J-1.028_layer 1_049 Lamp5 Gaba_merged_regions_table_cell_id.txt
C57BL6J-1.028,layer 1,layer 1,layer 1,007 L2/3 IT CTX Glut,049 Lamp5 Gaba,46,5,16,6,"Secondary motor area, layer 1","Secondary motor area, layer 1,Orbital area, lateral part, layer 1,Frontal pole, layer 1",9.2,2.6666666666666665,regions_2,regions_2,,,46,6,51,22,0.0,0.0,sample_2_C57BL6J-1.028_layer 1_007 L2.3 IT CTX Glut_merged_regions_table_cell_id.txt,sample_2_C57BL6J-1.028_layer 1_049 Lamp5 Gaba_merged_regions_table_cell_id.txt
C57BL6J-1.028,layer 1,layer 1,layer 1,007 L2/3 IT CTX Glut,051 Pvalb chandelier Gaba,46,5,39,5,"Secondary motor area, layer 1","Secondary motor area, layer 1",9.2,7.8,regions_2,regions_1,,,46,2,51,44,0.7254901960784313,0.8409090909090909,sample_2_C57BL6J-1.028_layer 1_007 L2.3 IT CTX Glut_merged_regions_table_cell_id.txt,sample_2_C57BL6J-1.028_layer 1_051 Pvalb chandelier Gaba_merged_regions_table_cell_id.txt
C57BL6J-1.028,layer 1,layer 1,layer 1,007 L2/3 IT CTX Glut,051 Pvalb chandelier Gaba,46,5,8,3,"Secondary motor area, layer 1","Orbital area, ventrolateral part, layer 1,Orbital area, lateral part, layer 1,Orbital area, medial part, layer 1",9.2,2.6666666666666665,regions_2,regions_2,,,46,1,51,11,0.0,0.0,sample_2_C57BL6J-1.028_layer 1_007 L2.3 IT CTX Glut_merged_regions_table_cell_id.txt,sample_2_C57BL6J-1.028_layer 1_051 Pvalb chandelier Gaba_merged_regions_table_cell_id.txt
C57BL6J-1.028,layer 1,layer 1,layer 1,007 L2/3 IT CTX Glut,052 Pvalb Gaba,46,5,3,2,"Secondary motor area, layer 1","Secondary motor area, layer 1",9.2,1.5,regions_2,regions_1,,,46,1,51,5,0.0784313725490196,0.8,sample_2_C57BL6J-1.028_layer 1_007 L2.3 IT CTX Glut_merged_regions_table_cell_id.txt,sample_2_C57BL6J-1.028_layer 1_052 Pvalb Gaba_merged_regions_table_cell_id.txt
C57BL6J-1.028,layer 1,layer 1,layer 1,007 L2/3 IT CTX Glut,052 Pvalb Gaba,46,5,27,9,"Secondary motor area, layer 1","Orbital area, ventrolateral part, layer 1,Orbital area, medial part, layer 1,Frontal pole, layer 1",9.2,3.0,regions_2,regions_2,,,46,2,51,36,0.0,0.0,sample_2_C57BL6J-1.028_layer 1_007 L2.3 IT CTX Glut_merged_regions_table_cell_id.txt,sample_2_C57BL6J-1.028_layer 1_052 Pvalb Gaba_merged_regions_table_cell_id.txt
C57BL6J-1.028,layer 1,layer 1,layer 1,007 L2/3 IT CTX Glut,053 Sst Gaba,46,5,21,3,"Secondary motor area, layer 1","Secondary motor area, layer 1",9.2,7.0,regions_2,regions_1,,,46,2,51,24,0.37254901960784315,0.7916666666666666,sample_2_C57BL6J-1.028_layer 1_007 L2.3 IT CTX Glut_merged_regions_table_cell_id.txt,sample_2_C57BL6J-1.028_layer 1_053 Sst Gaba_merged_regions_table_cell_id.txt
C57BL6J-1.028,layer 1,layer 1,layer 1,007 L2/3 IT CTX Glut,053 Sst Gaba,46,5,37,18,"Secondary motor area, layer 1","Orbital area, ventrolateral part, layer 1,Orbital area, medial part, layer 1,Frontal pole, layer 1",9.2,2.0555555555555554,regions_2,regions_2,,,46,4,51,55,0.0,0.0,sample_2_C57BL6J-1.028_layer 1_007 L2.3 IT CTX Glut_merged_regions_table_cell_id.txt,sample_2_C57BL6J-1.028_layer 1_053 Sst Gaba_merged_regions_table_cell_id.txt
C57BL6J-1.028,layer 1,layer 1,layer 1,007 L2/3 IT CTX Glut,007 L2/3 IT CTX Glut,11,1,28,1,"Orbital area, ventrolateral part, layer 1,Orbital area, medial part, layer 1","Orbital area, lateral part, layer 1,Orbital area, ventrolateral part, layer 1",11.0,28.0,regions_3,regions_4,,,11,28,12,29,0.0,0.0,sample_2_C57BL6J-1.028_layer 1_007 L2.3 IT CTX Glut_merged_regions_table_cell_id.txt,sample_2_C57BL6J-1.028_layer 1_007 L2.3 IT CTX Glut_merged_regions_table_cell_id.txt
C57BL6J-1.028,layer 1,layer 1,layer 1,007 L2/3 IT CTX Glut,007 L2/3 IT CTX Glut,11,1,49,7,"Orbital area, ventrolateral part, layer 1,Orbital area, medial part, layer 1","Secondary motor area, layer 1",11.0,7.0,regions_3,regions_5,,,11,49,12,56,0.0,0.0,sample_2_C57BL6J-1.028_layer 1_007 L2.3 IT CTX Glut_merged_regions_table_cell_id.txt,sample_2_C57BL6J-1.028_layer 1_007 L2.3 IT CTX Glut_merged_regions_table_cell_id.txt
C57BL6J-1.028,layer 1,layer 1,layer 1,007 L2/3 IT CTX Glut,007 L2/3 IT CTX Glut,11,1,6,0,"Orbital area, ventrolateral part, layer 1,Orbital area, medial part, layer 1","Agranular insular area, dorsal part, layer 1,Orbital area, lateral part, layer 1,Secondary motor area, layer 1",11.0,,regions_3,regions_6,,,11,6,12,6,0.0,0.0,sample_2_C57BL6J-1.028_layer 1_007 L2.3 IT CTX Glut_merged_regions_table_cell_id.txt,sample_2_C57BL6J-1.028_layer 1_007 L2.3 IT CTX Glut_merged_regions_table_cell_id.txt
C57BL6J-1.028,layer 1,layer 1,layer 1,007 L2/3 IT CTX Glut,046 Vip Gaba,11,1,42,15,"Orbital area, ventrolateral part, layer 1,Orbital area, medial part, layer 1","Secondary motor area, layer 1",11.0,2.8,regions_3,regions_1,,,11,5,12,57,0.0,0.0,sample_2_C57BL6J-1.028_layer 1_007 L2.3 IT CTX Glut_merged_regions_table_cell_id.txt,sample_2_C57BL6J-1.028_layer 1_046 Vip Gaba_merged_regions_table_cell_id.txt
C57BL6J-1.028,layer 1,layer 1,layer 1,007 L2/3 IT CTX Glut,046 Vip Gaba,11,1,6,6,"Orbital area, ventrolateral part, layer 1,Orbital area, medial part, layer 1","Orbital area, medial part, layer 1",11.0,1.0,regions_3,regions_2,,,11,2,12,12,0.0,0.0,sample_2_C57BL6J-1.028_layer 1_007 L2.3 IT CTX Glut_merged_regions_table_cell_id.txt,sample_2_C57BL6J-1.028_layer 1_046 Vip Gaba_merged_regions_table_cell_id.txt
C57BL6J-1.028,layer 1,layer 1,layer 1,007 L2/3 IT CTX Glut,046 Vip Gaba,11,1,1,1,"Orbital area, ventrolateral part, layer 1,Orbital area, medial part, layer 1","Orbital area, lateral part, layer 1",11.0,1.0,regions_3,regions_3,,,11,1,12,2,0.0,0.0,sample_2_C57BL6J-1.028_layer 1_007 L2.3 IT CTX Glut_merged_regions_table_cell_id.txt,sample_2_C57BL6J-1.028_layer 1_046 Vip Gaba_merged_regions_table_cell_id.txt
C57BL6J-1.028,layer 1,layer 1,layer 1,007 L2/3 IT CTX Glut,047 Sncg Gaba,11,1,2,1,"Orbital area, ventrolateral part, layer 1,Orbital area, medial part, layer 1","Secondary motor area, layer 1,Prelimbic area, layer 1",11.0,2.0,regions_3,regions_1,,,11,1,12,3,0.0,0.0,sample_2_C57BL6J-1.028_layer 1_007 L2.3 IT CTX Glut_merged_regions_table_cell_id.txt,sample_2_C57BL6J-1.028_layer 1_047 Sncg Gaba_merged_regions_table_cell_id.txt
C57BL6J-1.028,layer 1,layer 1,layer 1,007 L2/3 IT CTX Glut,047 Sncg Gaba,11,1,3,1,"Orbital area, ventrolateral part, layer 1,Orbital area, medial part, layer 1","Secondary motor area, layer 1",11.0,3.0,regions_3,regions_2,,,11,1,12,4,0.0,0.0,sample_2_C57BL6J-1.028_layer 1_007 L2.3 IT CTX Glut_merged_regions_table_cell_id.txt,sample_2_C57BL6J-1.028_layer 1_047 Sncg Gaba_merged_regions_table_cell_id.txt
C57BL6J-1.028,layer 1,layer 1,layer 1,007 L2/3 IT CTX Glut,047 Sncg Gaba,11,1,0,3,"Orbital area, ventrolateral part, layer 1,Orbital area, medial part, layer 1","Orbital area, medial part, layer 1",11.0,0.0,regions_3,regions_3,,,11,1,12,3,0.0,0.0,sample_2_C57BL6J-1.028_layer 1_007 L2.3 IT CTX Glut_merged_regions_table_cell_id.txt,sample_2_C57BL6J-1.028_layer 1_047 Sncg Gaba_merged_regions_table_cell_id.txt
C57BL6J-1.028,layer 1,layer 1,layer 1,007 L2/3 IT CTX Glut,047 Sncg Gaba,11,1,27,13,"Orbital area, ventrolateral part, layer 1,Orbital area, medial part, layer 1","Orbital area, ventrolateral part, layer 1,Orbital area, medial part, layer 1",11.0,2.076923076923077,regions_3,regions_4,,,11,2,12,40,0.6666666666666666,0.2,sample_2_C57BL6J-1.028_layer 1_007 L2.3 IT CTX Glut_merged_regions_table_cell_id.txt,sample_2_C57BL6J-1.028_layer 1_047 Sncg Gaba_merged_regions_table_cell_id.txt
C57BL6J-1.028,layer 1,layer 1,layer 1,007 L2/3 IT CTX Glut,049 Lamp5 Gaba,11,1,30,13,"Orbital area, ventrolateral part, layer 1,Orbital area, medial part, layer 1","Secondary motor area, layer 1",11.0,2.3076923076923075,regions_3,regions_1,,,11,7,12,43,0.0,0.0,sample_2_C57BL6J-1.028_layer 1_007 L2.3 IT CTX Glut_merged_regions_table_cell_id.txt,sample_2_C57BL6J-1.028_layer 1_049 Lamp5 Gaba_merged_regions_table_cell_id.txt
C57BL6J-1.028,layer 1,layer 1,layer 1,007 L2/3 IT CTX Glut,049 Lamp5 Gaba,11,1,16,6,"Orbital area, ventrolateral part, layer 1,Orbital area, medial part, layer 1","Secondary motor area, layer 1,Orbital area, lateral part, layer 1,Frontal pole, layer 1",11.0,2.6666666666666665,regions_3,regions_2,,,11,6,12,22,0.0,0.0,sample_2_C57BL6J-1.028_layer 1_007 L2.3 IT CTX Glut_merged_regions_table_cell_id.txt,sample_2_C57BL6J-1.028_layer 1_049 Lamp5 Gaba_merged_regions_table_cell_id.txt
C57BL6J-1.028,layer 1,layer 1,layer 1,007 L2/3 IT CTX Glut,051 Pvalb chandelier Gaba,11,1,39,5,"Orbital area, ventrolateral part, layer 1,Orbital area, medial part, layer 1","Secondary motor area, layer 1",11.0,7.8,regions_3,regions_1,,,11,2,12,44,0.0,0.0,sample_2_C57BL6J-1.028_layer 1_007 L2.3 IT CTX Glut_merged_regions_table_cell_id.txt,sample_2_C57BL6J-1.028_layer 1_051 Pvalb chandelier Gaba_merged_regions_table_cell_id.txt
C57BL6J-1.028,layer 1,layer 1,layer 1,007 L2/3 IT CTX Glut,051 Pvalb chandelier Gaba,11,1,8,3,"Orbital area, ventrolateral part, layer 1,Orbital area, medial part, layer 1","Orbital area, ventrolateral part, layer 1,Orbital area, lateral part, layer 1,Orbital area, medial part, layer 1",11.0,2.6666666666666665,regions_3,regions_2,,,11,1,12,11,0.0,0.0,sample_2_C57BL6J-1.028_layer 1_007 L2.3 IT CTX Glut_merged_regions_table_cell_id.txt,sample_2_C57BL6J-1.028_layer 1_051 Pvalb chandelier Gaba_merged_regions_table_cell_id.txt
C57BL6J-1.028,layer 1,layer 1,layer 1,007 L2/3 IT CTX Glut,052 Pvalb Gaba,11,1,3,2,"Orbital area, ventrolateral part, layer 1,Orbital area, medial part, layer 1","Secondary motor area, layer 1",11.0,1.5,regions_3,regions_1,,,11,1,12,5,0.0,0.0,sample_2_C57BL6J-1.028_layer 1_007 L2.3 IT CTX Glut_merged_regions_table_cell_id.txt,sample_2_C57BL6J-1.028_layer 1_052 Pvalb Gaba_merged_regions_table_cell_id.txt
C57BL6J-1.028,layer 1,layer 1,layer 1,007 L2/3 IT CTX Glut,052 Pvalb Gaba,11,1,27,9,"Orbital area, ventrolateral part, layer 1,Orbital area, medial part, layer 1","Orbital area, ventrolateral part, layer 1,Orbital area, medial part, layer 1,Frontal pole, layer 1",11.0,3.0,regions_3,regions_2,,,11,2,12,36,1.0,0.3333333333333333,sample_2_C57BL6J-1.028_layer 1_007 L2.3 IT CTX Glut_merged_regions_table_cell_id.txt,sample_2_C57BL6J-1.028_layer 1_052 Pvalb Gaba_merged_regions_table_cell_id.txt
C57BL6J-1.028,layer 1,layer 1,layer 1,007 L2/3 IT CTX Glut,053 Sst Gaba,11,1,21,3,"Orbital area, ventrolateral part, layer 1,Orbital area, medial part, layer 1","Secondary motor area, layer 1",11.0,7.0,regions_3,regions_1,,,11,2,12,24,0.0,0.0,sample_2_C57BL6J-1.028_layer 1_007 L2.3 IT CTX Glut_merged_regions_table_cell_id.txt,sample_2_C57BL6J-1.028_layer 1_053 Sst Gaba_merged_regions_table_cell_id.txt
C57BL6J-1.028,layer 1,layer 1,layer 1,007 L2/3 IT CTX Glut,053 Sst Gaba,11,1,37,18,"Orbital area, ventrolateral part, layer 1,Orbital area, medial part, layer 1","Orbital area, ventrolateral part, layer 1,Orbital area, medial part, layer 1,Frontal pole, layer 1",11.0,2.0555555555555554,regions_3,regions_2,,,11,4,12,55,0.9166666666666666,0.2,sample_2_C57BL6J-1.028_layer 1_007 L2.3 IT CTX Glut_merged_regions_table_cell_id.txt,sample_2_C57BL6J-1.028_layer 1_053 Sst Gaba_merged_regions_table_cell_id.txt
C57BL6J-1.028,layer 1,layer 1,layer 1,007 L2/3 IT CTX Glut,007 L2/3 IT CTX Glut,28,1,49,7,"Orbital area, lateral part, layer 1,Orbital area, ventrolateral part, layer 1","Secondary motor area, layer 1",28.0,7.0,regions_4,regions_5,,,28,49,29,56,0.0,0.0,sample_2_C57BL6J-1.028_layer 1_007 L2.3 IT CTX Glut_merged_regions_table_cell_id.txt,sample_2_C57BL6J-1.028_layer 1_007 L2.3 IT CTX Glut_merged_regions_table_cell_id.txt
C57BL6J-1.028,layer 1,layer 1,layer 1,007 L2/3 IT CTX Glut,007 L2/3 IT CTX Glut,28,1,6,0,"Orbital area, lateral part, layer 1,Orbital area, ventrolateral part, layer 1","Agranular insular area, dorsal part, layer 1,Orbital area, lateral part, layer 1,Secondary motor area, layer 1",28.0,,regions_4,regions_6,,,28,6,29,6,0.0,0.0,sample_2_C57BL6J-1.028_layer 1_007 L2.3 IT CTX Glut_merged_regions_table_cell_id.txt,sample_2_C57BL6J-1.028_layer 1_007 L2.3 IT CTX Glut_merged_regions_table_cell_id.txt
C57BL6J-1.028,layer 1,layer 1,layer 1,007 L2/3 IT CTX Glut,046 Vip Gaba,28,1,42,15,"Orbital area, lateral part, layer 1,Orbital area, ventrolateral part, layer 1","Secondary motor area, layer 1",28.0,2.8,regions_4,regions_1,,,28,5,29,57,0.0,0.0,sample_2_C57BL6J-1.028_layer 1_007 L2.3 IT CTX Glut_merged_regions_table_cell_id.txt,sample_2_C57BL6J-1.028_layer 1_046 Vip Gaba_merged_regions_table_cell_id.txt
C57BL6J-1.028,layer 1,layer 1,layer 1,007 L2/3 IT CTX Glut,046 Vip Gaba,28,1,6,6,"Orbital area, lateral part, layer 1,Orbital area, ventrolateral part, layer 1","Orbital area, medial part, layer 1",28.0,1.0,regions_4,regions_2,,,28,2,29,12,0.0,0.0,sample_2_C57BL6J-1.028_layer 1_007 L2.3 IT CTX Glut_merged_regions_table_cell_id.txt,sample_2_C57BL6J-1.028_layer 1_046 Vip Gaba_merged_regions_table_cell_id.txt
C57BL6J-1.028,layer 1,layer 1,layer 1,007 L2/3 IT CTX Glut,046 Vip Gaba,28,1,1,1,"Orbital area, lateral part, layer 1,Orbital area, ventrolateral part, layer 1","Orbital area, lateral part, layer 1",28.0,1.0,regions_4,regions_3,,,28,1,29,2,0.0,0.0,sample_2_C57BL6J-1.028_layer 1_007 L2.3 IT CTX Glut_merged_regions_table_cell_id.txt,sample_2_C57BL6J-1.028_layer 1_046 Vip Gaba_merged_regions_table_cell_id.txt
C57BL6J-1.028,layer 1,layer 1,layer 1,007 L2/3 IT CTX Glut,047 Sncg Gaba,28,1,2,1,"Orbital area, lateral part, layer 1,Orbital area, ventrolateral part, layer 1","Secondary motor area, layer 1,Prelimbic area, layer 1",28.0,2.0,regions_4,regions_1,,,28,1,29,3,0.0,0.0,sample_2_C57BL6J-1.028_layer 1_007 L2.3 IT CTX Glut_merged_regions_table_cell_id.txt,sample_2_C57BL6J-1.028_layer 1_047 Sncg Gaba_merged_regions_table_cell_id.txt
C57BL6J-1.028,layer 1,layer 1,layer 1,007 L2/3 IT CTX Glut,047 Sncg Gaba,28,1,3,1,"Orbital area, lateral part, layer 1,Orbital area, ventrolateral part, layer 1","Secondary motor area, layer 1",28.0,3.0,regions_4,regions_2,,,28,1,29,4,0.0,0.0,sample_2_C57BL6J-1.028_layer 1_007 L2.3 IT CTX Glut_merged_regions_table_cell_id.txt,sample_2_C57BL6J-1.028_layer 1_047 Sncg Gaba_merged_regions_table_cell_id.txt
C57BL6J-1.028,layer 1,layer 1,layer 1,007 L2/3 IT CTX Glut,047 Sncg Gaba,28,1,0,3,"Orbital area, lateral part, layer 1,Orbital area, ventrolateral part, layer 1","Orbital area, medial part, layer 1",28.0,0.0,regions_4,regions_3,,,28,1,29,3,0.0,0.0,sample_2_C57BL6J-1.028_layer 1_007 L2.3 IT CTX Glut_merged_regions_table_cell_id.txt,sample_2_C57BL6J-1.028_layer 1_047 Sncg Gaba_merged_regions_table_cell_id.txt
C57BL6J-1.028,layer 1,layer 1,layer 1,007 L2/3 IT CTX Glut,047 Sncg Gaba,28,1,27,13,"Orbital area, lateral part, layer 1,Orbital area, ventrolateral part, layer 1","Orbital area, ventrolateral part, layer 1,Orbital area, medial part, layer 1",28.0,2.076923076923077,regions_4,regions_4,,,28,2,29,40,0.2413793103448276,0.175,sample_2_C57BL6J-1.028_layer 1_007 L2.3 IT CTX Glut_merged_regions_table_cell_id.txt,sample_2_C57BL6J-1.028_layer 1_047 Sncg Gaba_merged_regions_table_cell_id.txt
C57BL6J-1.028,layer 1,layer 1,layer 1,007 L2/3 IT CTX Glut,049 Lamp5 Gaba,28,1,30,13,"Orbital area, lateral part, layer 1,Orbital area, ventrolateral part, layer 1","Secondary motor area, layer 1",28.0,2.3076923076923075,regions_4,regions_1,,,28,7,29,43,0.0,0.0,sample_2_C57BL6J-1.028_layer 1_007 L2.3 IT CTX Glut_merged_regions_table_cell_id.txt,sample_2_C57BL6J-1.028_layer 1_049 Lamp5 Gaba_merged_regions_table_cell_id.txt
C57BL6J-1.028,layer 1,layer 1,layer 1,007 L2/3 IT CTX Glut,049 Lamp5 Gaba,28,1,16,6,"Orbital area, lateral part, layer 1,Orbital area, ventrolateral part, layer 1","Secondary motor area, layer 1,Orbital area, lateral part, layer 1,Frontal pole, layer 1",28.0,2.6666666666666665,regions_4,regions_2,,,28,6,29,22,0.0,0.0,sample_2_C57BL6J-1.028_layer 1_007 L2.3 IT CTX Glut_merged_regions_table_cell_id.txt,sample_2_C57BL6J-1.028_layer 1_049 Lamp5 Gaba_merged_regions_table_cell_id.txt
C57BL6J-1.028,layer 1,layer 1,layer 1,007 L2/3 IT CTX Glut,051 Pvalb chandelier Gaba,28,1,39,5,"Orbital area, lateral part, layer 1,Orbital area, ventrolateral part, layer 1","Secondary motor area, layer 1",28.0,7.8,regions_4,regions_1,,,28,2,29,44,0.0,0.0,sample_2_C57BL6J-1.028_layer 1_007 L2.3 IT CTX Glut_merged_regions_table_cell_id.txt,sample_2_C57BL6J-1.028_layer 1_051 Pvalb chandelier Gaba_merged_regions_table_cell_id.txt
C57BL6J-1.028,layer 1,layer 1,layer 1,007 L2/3 IT CTX Glut,051 Pvalb chandelier Gaba,28,1,8,3,"Orbital area, lateral part, layer 1,Orbital area, ventrolateral part, layer 1","Orbital area, ventrolateral part, layer 1,Orbital area, lateral part, layer 1,Orbital area, medial part, layer 1",28.0,2.6666666666666665,regions_4,regions_2,,,28,1,29,11,0.10344827586206896,0.2727272727272727,sample_2_C57BL6J-1.028_layer 1_007 L2.3 IT CTX Glut_merged_regions_table_cell_id.txt,sample_2_C57BL6J-1.028_layer 1_051 Pvalb chandelier Gaba_merged_regions_table_cell_id.txt
C57BL6J-1.028,layer 1,layer 1,layer 1,007 L2/3 IT CTX Glut,052 Pvalb Gaba,28,1,3,2,"Orbital area, lateral part, layer 1,Orbital area, ventrolateral part, layer 1","Secondary motor area, layer 1",28.0,1.5,regions_4,regions_1,,,28,1,29,5,0.0,0.0,sample_2_C57BL6J-1.028_layer 1_007 L2.3 IT CTX Glut_merged_regions_table_cell_id.txt,sample_2_C57BL6J-1.028_layer 1_052 Pvalb Gaba_merged_regions_table_cell_id.txt
C57BL6J-1.028,layer 1,layer 1,layer 1,007 L2/3 IT CTX Glut,052 Pvalb Gaba,28,1,27,9,"Orbital area, lateral part, layer 1,Orbital area, ventrolateral part, layer 1","Orbital area, ventrolateral part, layer 1,Orbital area, medial part, layer 1,Frontal pole, layer 1",28.0,3.0,regions_4,regions_2,,,28,2,29,36,0.034482758620689655,0.027777777777777776,sample_2_C57BL6J-1.028_layer 1_007 L2.3 IT CTX Glut_merged_regions_table_cell_id.txt,sample_2_C57BL6J-1.028_layer 1_052 Pvalb Gaba_merged_regions_table_cell_id.txt
C57BL6J-1.028,layer 1,layer 1,layer 1,007 L2/3 IT CTX Glut,053 Sst Gaba,28,1,21,3,"Orbital area, lateral part, layer 1,Orbital area, ventrolateral part, layer 1","Secondary motor area, layer 1",28.0,7.0,regions_4,regions_1,,,28,2,29,24,0.0,0.0,sample_2_C57BL6J-1.028_layer 1_007 L2.3 IT CTX Glut_merged_regions_table_cell_id.txt,sample_2_C57BL6J-1.028_layer 1_053 Sst Gaba_merged_regions_table_cell_id.txt
C57BL6J-1.028,layer 1,layer 1,layer 1,007 L2/3 IT CTX Glut,053 Sst Gaba,28,1,37,18,"Orbital area, lateral part, layer 1,Orbital area, ventrolateral part, layer 1","Orbital area, ventrolateral part, layer 1,Orbital area, medial part, layer 1,Frontal pole, layer 1",28.0,2.0555555555555554,regions_4,regions_2,,,28,4,29,55,0.0,0.0,sample_2_C57BL6J-1.028_layer 1_007 L2.3 IT CTX Glut_merged_regions_table_cell_id.txt,sample_2_C57BL6J-1.028_layer 1_053 Sst Gaba_merged_regions_table_cell_id.txt
C57BL6J-1.028,layer 1,layer 1,layer 1,007 L2/3 IT CTX Glut,007 L2/3 IT CTX Glut,49,7,6,0,"Secondary motor area, layer 1","Agranular insular area, dorsal part, layer 1,Orbital area, lateral part, layer 1,Secondary motor area, layer 1",7.0,,regions_5,regions_6,,,49,6,56,6,0.0,0.0,sample_2_C57BL6J-1.028_layer 1_007 L2.3 IT CTX Glut_merged_regions_table_cell_id.txt,sample_2_C57BL6J-1.028_layer 1_007 L2.3 IT CTX Glut_merged_regions_table_cell_id.txt
C57BL6J-1.028,layer 1,layer 1,layer 1,007 L2/3 IT CTX Glut,046 Vip Gaba,49,7,42,15,"Secondary motor area, layer 1","Secondary motor area, layer 1",7.0,2.8,regions_5,regions_1,,,49,5,56,57,0.0,0.0,sample_2_C57BL6J-1.028_layer 1_007 L2.3 IT CTX Glut_merged_regions_table_cell_id.txt,sample_2_C57BL6J-1.028_layer 1_046 Vip Gaba_merged_regions_table_cell_id.txt
C57BL6J-1.028,layer 1,layer 1,layer 1,007 L2/3 IT CTX Glut,046 Vip Gaba,49,7,6,6,"Secondary motor area, layer 1","Orbital area, medial part, layer 1",7.0,1.0,regions_5,regions_2,,,49,2,56,12,0.0,0.0,sample_2_C57BL6J-1.028_layer 1_007 L2.3 IT CTX Glut_merged_regions_table_cell_id.txt,sample_2_C57BL6J-1.028_layer 1_046 Vip Gaba_merged_regions_table_cell_id.txt
C57BL6J-1.028,layer 1,layer 1,layer 1,007 L2/3 IT CTX Glut,046 Vip Gaba,49,7,1,1,"Secondary motor area, layer 1","Orbital area, lateral part, layer 1",7.0,1.0,regions_5,regions_3,,,49,1,56,2,0.0,0.0,sample_2_C57BL6J-1.028_layer 1_007 L2.3 IT CTX Glut_merged_regions_table_cell_id.txt,sample_2_C57BL6J-1.028_layer 1_046 Vip Gaba_merged_regions_table_cell_id.txt
C57BL6J-1.028,layer 1,layer 1,layer 1,007 L2/3 IT CTX Glut,047 Sncg Gaba,49,7,2,1,"Secondary motor area, layer 1","Secondary motor area, layer 1,Prelimbic area, layer 1",7.0,2.0,regions_5,regions_1,,,49,1,56,3,0.0,0.0,sample_2_C57BL6J-1.028_layer 1_007 L2.3 IT CTX Glut_merged_regions_table_cell_id.txt,sample_2_C57BL6J-1.028_layer 1_047 Sncg Gaba_merged_regions_table_cell_id.txt
C57BL6J-1.028,layer 1,layer 1,layer 1,007 L2/3 IT CTX Glut,047 Sncg Gaba,49,7,3,1,"Secondary motor area, layer 1","Secondary motor area, layer 1",7.0,3.0,regions_5,regions_2,,,49,1,56,4,0.0,0.0,sample_2_C57BL6J-1.028_layer 1_007 L2.3 IT CTX Glut_merged_regions_table_cell_id.txt,sample_2_C57BL6J-1.028_layer 1_047 Sncg Gaba_merged_regions_table_cell_id.txt
C57BL6J-1.028,layer 1,layer 1,layer 1,007 L2/3 IT CTX Glut,047 Sncg Gaba,49,7,0,3,"Secondary motor area, layer 1","Orbital area, medial part, layer 1",7.0,0.0,regions_5,regions_3,,,49,1,56,3,0.0,0.0,sample_2_C57BL6J-1.028_layer 1_007 L2.3 IT CTX Glut_merged_regions_table_cell_id.txt,sample_2_C57BL6J-1.028_layer 1_047 Sncg Gaba_merged_regions_table_cell_id.txt
C57BL6J-1.028,layer 1,layer 1,layer 1,007 L2/3 IT CTX Glut,047 Sncg Gaba,49,7,27,13,"Secondary motor area, layer 1","Orbital area, ventrolateral part, layer 1,Orbital area, medial part, layer 1",7.0,2.076923076923077,regions_5,regions_4,,,49,2,56,40,0.0,0.0,sample_2_C57BL6J-1.028_layer 1_007 L2.3 IT CTX Glut_merged_regions_table_cell_id.txt,sample_2_C57BL6J-1.028_layer 1_047 Sncg Gaba_merged_regions_table_cell_id.txt
C57BL6J-1.028,layer 1,layer 1,layer 1,007 L2/3 IT CTX Glut,049 Lamp5 Gaba,49,7,30,13,"Secondary motor area, layer 1","Secondary motor area, layer 1",7.0,2.3076923076923075,regions_5,regions_1,,,49,7,56,43,0.0,0.0,sample_2_C57BL6J-1.028_layer 1_007 L2.3 IT CTX Glut_merged_regions_table_cell_id.txt,sample_2_C57BL6J-1.028_layer 1_049 Lamp5 Gaba_merged_regions_table_cell_id.txt
C57BL6J-1.028,layer 1,layer 1,layer 1,007 L2/3 IT CTX Glut,049 Lamp5 Gaba,49,7,16,6,"Secondary motor area, layer 1","Secondary motor area, layer 1,Orbital area, lateral part, layer 1,Frontal pole, layer 1",7.0,2.6666666666666665,regions_5,regions_2,,,49,6,56,22,0.07142857142857142,0.18181818181818182,sample_2_C57BL6J-1.028_layer 1_007 L2.3 IT CTX Glut_merged_regions_table_cell_id.txt,sample_2_C57BL6J-1.028_layer 1_049 Lamp5 Gaba_merged_regions_table_cell_id.txt
C57BL6J-1.028,layer 1,layer 1,layer 1,007 L2/3 IT CTX Glut,051 Pvalb chandelier Gaba,49,7,39,5,"Secondary motor area, layer 1","Secondary motor area, layer 1",7.0,7.8,regions_5,regions_1,,,49,2,56,44,0.0,0.0,sample_2_C57BL6J-1.028_layer 1_007 L2.3 IT CTX Glut_merged_regions_table_cell_id.txt,sample_2_C57BL6J-1.028_layer 1_051 Pvalb chandelier Gaba_merged_regions_table_cell_id.txt
C57BL6J-1.028,layer 1,layer 1,layer 1,007 L2/3 IT CTX Glut,051 Pvalb chandelier Gaba,49,7,8,3,"Secondary motor area, layer 1","Orbital area, ventrolateral part, layer 1,Orbital area, lateral part, layer 1,Orbital area, medial part, layer 1",7.0,2.6666666666666665,regions_5,regions_2,,,49,1,56,11,0.0,0.0,sample_2_C57BL6J-1.028_layer 1_007 L2.3 IT CTX Glut_merged_regions_table_cell_id.txt,sample_2_C57BL6J-1.028_layer 1_051 Pvalb chandelier Gaba_merged_regions_table_cell_id.txt
C57BL6J-1.028,layer 1,layer 1,layer 1,007 L2/3 IT CTX Glut,052 Pvalb Gaba,49,7,3,2,"Secondary motor area, layer 1","Secondary motor area, layer 1",7.0,1.5,regions_5,regions_1,,,49,1,56,5,0.0,0.0,sample_2_C57BL6J-1.028_layer 1_007 L2.3 IT CTX Glut_merged_regions_table_cell_id.txt,sample_2_C57BL6J-1.028_layer 1_052 Pvalb Gaba_merged_regions_table_cell_id.txt
C57BL6J-1.028,layer 1,layer 1,layer 1,007 L2/3 IT CTX Glut,052 Pvalb Gaba,49,7,27,9,"Secondary motor area, layer 1","Orbital area, ventrolateral part, layer 1,Orbital area, medial part, layer 1,Frontal pole, layer 1",7.0,3.0,regions_5,regions_2,,,49,2,56,36,0.0,0.0,sample_2_C57BL6J-1.028_layer 1_007 L2.3 IT CTX Glut_merged_regions_table_cell_id.txt,sample_2_C57BL6J-1.028_layer 1_052 Pvalb Gaba_merged_regions_table_cell_id.txt
C57BL6J-1.028,layer 1,layer 1,layer 1,007 L2/3 IT CTX Glut,053 Sst Gaba,49,7,21,3,"Secondary motor area, layer 1","Secondary motor area, layer 1",7.0,7.0,regions_5,regions_1,,,49,2,56,24,0.07142857142857142,0.16666666666666666,sample_2_C57BL6J-1.028_layer 1_007 L2.3 IT CTX Glut_merged_regions_table_cell_id.txt,sample_2_C57BL6J-1.028_layer 1_053 Sst Gaba_merged_regions_table_cell_id.txt
C57BL6J-1.028,layer 1,layer 1,layer 1,007 L2/3 IT CTX Glut,053 Sst Gaba,49,7,37,18,"Secondary motor area, layer 1","Orbital area, ventrolateral part, layer 1,Orbital area, medial part, layer 1,Frontal pole, layer 1",7.0,2.0555555555555554,regions_5,regions_2,,,49,4,56,55,0.0,0.0,sample_2_C57BL6J-1.028_layer 1_007 L2.3 IT CTX Glut_merged_regions_table_cell_id.txt,sample_2_C57BL6J-1.028_layer 1_053 Sst Gaba_merged_regions_table_cell_id.txt
C57BL6J-1.028,layer 1,layer 1,layer 1,007 L2/3 IT CTX Glut,046 Vip Gaba,6,0,42,15,"Agranular insular area, dorsal part, layer 1,Orbital area, lateral part, layer 1,Secondary motor area, layer 1","Secondary motor area, layer 1",,2.8,regions_6,regions_1,,,6,5,6,57,0.0,0.0,sample_2_C57BL6J-1.028_layer 1_007 L2.3 IT CTX Glut_merged_regions_table_cell_id.txt,sample_2_C57BL6J-1.028_layer 1_046 Vip Gaba_merged_regions_table_cell_id.txt
C57BL6J-1.028,layer 1,layer 1,layer 1,007 L2/3 IT CTX Glut,046 Vip Gaba,6,0,6,6,"Agranular insular area, dorsal part, layer 1,Orbital area, lateral part, layer 1,Secondary motor area, layer 1","Orbital area, medial part, layer 1",,1.0,regions_6,regions_2,,,6,2,6,12,0.0,0.0,sample_2_C57BL6J-1.028_layer 1_007 L2.3 IT CTX Glut_merged_regions_table_cell_id.txt,sample_2_C57BL6J-1.028_layer 1_046 Vip Gaba_merged_regions_table_cell_id.txt
C57BL6J-1.028,layer 1,layer 1,layer 1,007 L2/3 IT CTX Glut,046 Vip Gaba,6,0,1,1,"Agranular insular area, dorsal part, layer 1,Orbital area, lateral part, layer 1,Secondary motor area, layer 1","Orbital area, lateral part, layer 1",,1.0,regions_6,regions_3,,,6,1,6,2,0.0,0.0,sample_2_C57BL6J-1.028_layer 1_007 L2.3 IT CTX Glut_merged_regions_table_cell_id.txt,sample_2_C57BL6J-1.028_layer 1_046 Vip Gaba_merged_regions_table_cell_id.txt
C57BL6J-1.028,layer 1,layer 1,layer 1,007 L2/3 IT CTX Glut,047 Sncg Gaba,6,0,2,1,"Agranular insular area, dorsal part, layer 1,Orbital area, lateral part, layer 1,Secondary motor area, layer 1","Secondary motor area, layer 1,Prelimbic area, layer 1",,2.0,regions_6,regions_1,,,6,1,6,3,0.0,0.0,sample_2_C57BL6J-1.028_layer 1_007 L2.3 IT CTX Glut_merged_regions_table_cell_id.txt,sample_2_C57BL6J-1.028_layer 1_047 Sncg Gaba_merged_regions_table_cell_id.txt
C57BL6J-1.028,layer 1,layer 1,layer 1,007 L2/3 IT CTX Glut,047 Sncg Gaba,6,0,3,1,"Agranular insular area, dorsal part, layer 1,Orbital area, lateral part, layer 1,Secondary motor area, layer 1","Secondary motor area, layer 1",,3.0,regions_6,regions_2,,,6,1,6,4,0.0,0.0,sample_2_C57BL6J-1.028_layer 1_007 L2.3 IT CTX Glut_merged_regions_table_cell_id.txt,sample_2_C57BL6J-1.028_layer 1_047 Sncg Gaba_merged_regions_table_cell_id.txt
C57BL6J-1.028,layer 1,layer 1,layer 1,007 L2/3 IT CTX Glut,047 Sncg Gaba,6,0,0,3,"Agranular insular area, dorsal part, layer 1,Orbital area, lateral part, layer 1,Secondary motor area, layer 1","Orbital area, medial part, layer 1",,0.0,regions_6,regions_3,,,6,1,6,3,0.0,0.0,sample_2_C57BL6J-1.028_layer 1_007 L2.3 IT CTX Glut_merged_regions_table_cell_id.txt,sample_2_C57BL6J-1.028_layer 1_047 Sncg Gaba_merged_regions_table_cell_id.txt
C57BL6J-1.028,layer 1,layer 1,layer 1,007 L2/3 IT CTX Glut,047 Sncg Gaba,6,0,27,13,"Agranular insular area, dorsal part, layer 1,Orbital area, lateral part, layer 1,Secondary motor area, layer 1","Orbital area, ventrolateral part, layer 1,Orbital area, medial part, layer 1",,2.076923076923077,regions_6,regions_4,,,6,2,6,40,0.0,0.0,sample_2_C57BL6J-1.028_layer 1_007 L2.3 IT CTX Glut_merged_regions_table_cell_id.txt,sample_2_C57BL6J-1.028_layer 1_047 Sncg Gaba_merged_regions_table_cell_id.txt
C57BL6J-1.028,layer 1,layer 1,layer 1,007 L2/3 IT CTX Glut,049 Lamp5 Gaba,6,0,30,13,"Agranular insular area, dorsal part, layer 1,Orbital area, lateral part, layer 1,Secondary motor area, layer 1","Secondary motor area, layer 1",,2.3076923076923075,regions_6,regions_1,,,6,7,6,43,0.0,0.0,sample_2_C57BL6J-1.028_layer 1_007 L2.3 IT CTX Glut_merged_regions_table_cell_id.txt,sample_2_C57BL6J-1.028_layer 1_049 Lamp5 Gaba_merged_regions_table_cell_id.txt
C57BL6J-1.028,layer 1,layer 1,layer 1,007 L2/3 IT CTX Glut,049 Lamp5 Gaba,6,0,16,6,"Agranular insular area, dorsal part, layer 1,Orbital area, lateral part, layer 1,Secondary motor area, layer 1","Secondary motor area, layer 1,Orbital area, lateral part, layer 1,Frontal pole, layer 1",,2.6666666666666665,regions_6,regions_2,,,6,6,6,22,0.0,0.0,sample_2_C57BL6J-1.028_layer 1_007 L2.3 IT CTX Glut_merged_regions_table_cell_id.txt,sample_2_C57BL6J-1.028_layer 1_049 Lamp5 Gaba_merged_regions_table_cell_id.txt
C57BL6J-1.028,layer 1,layer 1,layer 1,007 L2/3 IT CTX Glut,051 Pvalb chandelier Gaba,6,0,39,5,"Agranular insular area, dorsal part, layer 1,Orbital area, lateral part, layer 1,Secondary motor area, layer 1","Secondary motor area, layer 1",,7.8,regions_6,regions_1,,,6,2,6,44,0.0,0.0,sample_2_C57BL6J-1.028_layer 1_007 L2.3 IT CTX Glut_merged_regions_table_cell_id.txt,sample_2_C57BL6J-1.028_layer 1_051 Pvalb chandelier Gaba_merged_regions_table_cell_id.txt
C57BL6J-1.028,layer 1,layer 1,layer 1,007 L2/3 IT CTX Glut,051 Pvalb chandelier Gaba,6,0,8,3,"Agranular insular area, dorsal part, layer 1,Orbital area, lateral part, layer 1,Secondary motor area, layer 1","Orbital area, ventrolateral part, layer 1,Orbital area, lateral part, layer 1,Orbital area, medial part, layer 1",,2.6666666666666665,regions_6,regions_2,,,6,1,6,11,0.0,0.0,sample_2_C57BL6J-1.028_layer 1_007 L2.3 IT CTX Glut_merged_regions_table_cell_id.txt,sample_2_C57BL6J-1.028_layer 1_051 Pvalb chandelier Gaba_merged_regions_table_cell_id.txt
C57BL6J-1.028,layer 1,layer 1,layer 1,007 L2/3 IT CTX Glut,052 Pvalb Gaba,6,0,3,2,"Agranular insular area, dorsal part, layer 1,Orbital area, lateral part, layer 1,Secondary motor area, layer 1","Secondary motor area, layer 1",,1.5,regions_6,regions_1,,,6,1,6,5,0.0,0.0,sample_2_C57BL6J-1.028_layer 1_007 L2.3 IT CTX Glut_merged_regions_table_cell_id.txt,sample_2_C57BL6J-1.028_layer 1_052 Pvalb Gaba_merged_regions_table_cell_id.txt
C57BL6J-1.028,layer 1,layer 1,layer 1,007 L2/3 IT CTX Glut,052 Pvalb Gaba,6,0,27,9,"Agranular insular area, dorsal part, layer 1,Orbital area, lateral part, layer 1,Secondary motor area, layer 1","Orbital area, ventrolateral part, layer 1,Orbital area, medial part, layer 1,Frontal pole, layer 1",,3.0,regions_6,regions_2,,,6,2,6,36,0.0,0.0,sample_2_C57BL6J-1.028_layer 1_007 L2.3 IT CTX Glut_merged_regions_table_cell_id.txt,sample_2_C57BL6J-1.028_layer 1_052 Pvalb Gaba_merged_regions_table_cell_id.txt
C57BL6J-1.028,layer 1,layer 1,layer 1,007 L2/3 IT CTX Glut,053 Sst Gaba,6,0,21,3,"Agranular insular area, dorsal part, layer 1,Orbital area, lateral part, layer 1,Secondary motor area, layer 1","Secondary motor area, layer 1",,7.0,regions_6,regions_1,,,6,2,6,24,0.0,0.0,sample_2_C57BL6J-1.028_layer 1_007 L2.3 IT CTX Glut_merged_regions_table_cell_id.txt,sample_2_C57BL6J-1.028_layer 1_053 Sst Gaba_merged_regions_table_cell_id.txt
C57BL6J-1.028,layer 1,layer 1,layer 1,007 L2/3 IT CTX Glut,053 Sst Gaba,6,0,37,18,"Agranular insular area, dorsal part, layer 1,Orbital area, lateral part, layer 1,Secondary motor area, layer 1","Orbital area, ventrolateral part, layer 1,Orbital area, medial part, layer 1,Frontal pole, layer 1",,2.0555555555555554,regions_6,regions_2,,,6,4,6,55,0.0,0.0,sample_2_C57BL6J-1.028_layer 1_007 L2.3 IT CTX Glut_merged_regions_table_cell_id.txt,sample_2_C57BL6J-1.028_layer 1_053 Sst Gaba_merged_regions_table_cell_id.txt
C57BL6J-1.028,layer 1,layer 1,layer 1,046 Vip Gaba,046 Vip Gaba,42,15,6,6,"Secondary motor area, layer 1","Orbital area, medial part, layer 1",2.8,1.0,regions_1,regions_2,,,5,2,57,12,0.0,0.0,sample_2_C57BL6J-1.028_layer 1_046 Vip Gaba_merged_regions_table_cell_id.txt,sample_2_C57BL6J-1.028_layer 1_046 Vip Gaba_merged_regions_table_cell_id.txt
C57BL6J-1.028,layer 1,layer 1,layer 1,046 Vip Gaba,046 Vip Gaba,42,15,1,1,"Secondary motor area, layer 1","Orbital area, lateral part, layer 1",2.8,1.0,regions_1,regions_3,,,5,1,57,2,0.0,0.0,sample_2_C57BL6J-1.028_layer 1_046 Vip Gaba_merged_regions_table_cell_id.txt,sample_2_C57BL6J-1.028_layer 1_046 Vip Gaba_merged_regions_table_cell_id.txt
C57BL6J-1.028,layer 1,layer 1,layer 1,046 Vip Gaba,047 Sncg Gaba,42,15,2,1,"Secondary motor area, layer 1","Secondary motor area, layer 1,Prelimbic area, layer 1",2.8,2.0,regions_1,regions_1,,,5,1,57,3,0.0,0.0,sample_2_C57BL6J-1.028_layer 1_046 Vip Gaba_merged_regions_table_cell_id.txt,sample_2_C57BL6J-1.028_layer 1_047 Sncg Gaba_merged_regions_table_cell_id.txt
C57BL6J-1.028,layer 1,layer 1,layer 1,046 Vip Gaba,047 Sncg Gaba,42,15,3,1,"Secondary motor area, layer 1","Secondary motor area, layer 1",2.8,3.0,regions_1,regions_2,,,5,1,57,4,0.07017543859649122,1.0,sample_2_C57BL6J-1.028_layer 1_046 Vip Gaba_merged_regions_table_cell_id.txt,sample_2_C57BL6J-1.028_layer 1_047 Sncg Gaba_merged_regions_table_cell_id.txt
C57BL6J-1.028,layer 1,layer 1,layer 1,046 Vip Gaba,047 Sncg Gaba,42,15,0,3,"Secondary motor area, layer 1","Orbital area, medial part, layer 1",2.8,0.0,regions_1,regions_3,,,5,1,57,3,0.0,0.0,sample_2_C57BL6J-1.028_layer 1_046 Vip Gaba_merged_regions_table_cell_id.txt,sample_2_C57BL6J-1.028_layer 1_047 Sncg Gaba_merged_regions_table_cell_id.txt
C57BL6J-1.028,layer 1,layer 1,layer 1,046 Vip Gaba,047 Sncg Gaba,42,15,27,13,"Secondary motor area, layer 1","Orbital area, ventrolateral part, layer 1,Orbital area, medial part, layer 1",2.8,2.076923076923077,regions_1,regions_4,,,5,2,57,40,0.0,0.0,sample_2_C57BL6J-1.028_layer 1_046 Vip Gaba_merged_regions_table_cell_id.txt,sample_2_C57BL6J-1.028_layer 1_047 Sncg Gaba_merged_regions_table_cell_id.txt
C57BL6J-1.028,layer 1,layer 1,layer 1,046 Vip Gaba,049 Lamp5 Gaba,42,15,30,13,"Secondary motor area, layer 1","Secondary motor area, layer 1",2.8,2.3076923076923075,regions_1,regions_1,,,5,7,57,43,0.7543859649122807,1.0,sample_2_C57BL6J-1.028_layer 1_046 Vip Gaba_merged_regions_table_cell_id.txt,sample_2_C57BL6J-1.028_layer 1_049 Lamp5 Gaba_merged_regions_table_cell_id.txt
C57BL6J-1.028,layer 1,layer 1,layer 1,046 Vip Gaba,049 Lamp5 Gaba,42,15,16,6,"Secondary motor area, layer 1","Secondary motor area, layer 1,Orbital area, lateral part, layer 1,Frontal pole, layer 1",2.8,2.6666666666666665,regions_1,regions_2,,,5,6,57,22,0.0,0.0,sample_2_C57BL6J-1.028_layer 1_046 Vip Gaba_merged_regions_table_cell_id.txt,sample_2_C57BL6J-1.028_layer 1_049 Lamp5 Gaba_merged_regions_table_cell_id.txt
C57BL6J-1.028,layer 1,layer 1,layer 1,046 Vip Gaba,051 Pvalb chandelier Gaba,42,15,39,5,"Secondary motor area, layer 1","Secondary motor area, layer 1",2.8,7.8,regions_1,regions_1,,,5,2,57,44,0.0,0.0,sample_2_C57BL6J-1.028_layer 1_046 Vip Gaba_merged_regions_table_cell_id.txt,sample_2_C57BL6J-1.028_layer 1_051 Pvalb chandelier Gaba_merged_regions_table_cell_id.txt
C57BL6J-1.028,layer 1,layer 1,layer 1,046 Vip Gaba,051 Pvalb chandelier Gaba,42,15,8,3,"Secondary motor area, layer 1","Orbital area, ventrolateral part, layer 1,Orbital area, lateral part, layer 1,Orbital area, medial part, layer 1",2.8,2.6666666666666665,regions_1,regions_2,,,5,1,57,11,0.0,0.0,sample_2_C57BL6J-1.028_layer 1_046 Vip Gaba_merged_regions_table_cell_id.txt,sample_2_C57BL6J-1.028_layer 1_051 Pvalb chandelier Gaba_merged_regions_table_cell_id.txt
C57BL6J-1.028,layer 1,layer 1,layer 1,046 Vip Gaba,052 Pvalb Gaba,42,15,3,2,"Secondary motor area, layer 1","Secondary motor area, layer 1",2.8,1.5,regions_1,regions_1,,,5,1,57,5,0.08771929824561403,1.0,sample_2_C57BL6J-1.028_layer 1_046 Vip Gaba_merged_regions_table_cell_id.txt,sample_2_C57BL6J-1.028_layer 1_052 Pvalb Gaba_merged_regions_table_cell_id.txt
C57BL6J-1.028,layer 1,layer 1,layer 1,046 Vip Gaba,052 Pvalb Gaba,42,15,27,9,"Secondary motor area, layer 1","Orbital area, ventrolateral part, layer 1,Orbital area, medial part, layer 1,Frontal pole, layer 1",2.8,3.0,regions_1,regions_2,,,5,2,57,36,0.0,0.0,sample_2_C57BL6J-1.028_layer 1_046 Vip Gaba_merged_regions_table_cell_id.txt,sample_2_C57BL6J-1.028_layer 1_052 Pvalb Gaba_merged_regions_table_cell_id.txt
C57BL6J-1.028,layer 1,layer 1,layer 1,046 Vip Gaba,053 Sst Gaba,42,15,21,3,"Secondary motor area, layer 1","Secondary motor area, layer 1",2.8,7.0,regions_1,regions_1,,,5,2,57,24,0.0,0.0,sample_2_C57BL6J-1.028_layer 1_046 Vip Gaba_merged_regions_table_cell_id.txt,sample_2_C57BL6J-1.028_layer 1_053 Sst Gaba_merged_regions_table_cell_id.txt
C57BL6J-1.028,layer 1,layer 1,layer 1,046 Vip Gaba,053 Sst Gaba,42,15,37,18,"Secondary motor area, layer 1","Orbital area, ventrolateral part, layer 1,Orbital area, medial part, layer 1,Frontal pole, layer 1",2.8,2.0555555555555554,regions_1,regions_2,,,5,4,57,55,0.0,0.0,sample_2_C57BL6J-1.028_layer 1_046 Vip Gaba_merged_regions_table_cell_id.txt,sample_2_C57BL6J-1.028_layer 1_053 Sst Gaba_merged_regions_table_cell_id.txt
C57BL6J-1.028,layer 1,layer 1,layer 1,046 Vip Gaba,046 Vip Gaba,6,6,1,1,"Orbital area, medial part, layer 1","Orbital area, lateral part, layer 1",1.0,1.0,regions_2,regions_3,,,2,1,12,2,0.0,0.0,sample_2_C57BL6J-1.028_layer 1_046 Vip Gaba_merged_regions_table_cell_id.txt,sample_2_C57BL6J-1.028_layer 1_046 Vip Gaba_merged_regions_table_cell_id.txt
C57BL6J-1.028,layer 1,layer 1,layer 1,046 Vip Gaba,047 Sncg Gaba,6,6,2,1,"Orbital area, medial part, layer 1","Secondary motor area, layer 1,Prelimbic area, layer 1",1.0,2.0,regions_2,regions_1,,,2,1,12,3,0.0,0.0,sample_2_C57BL6J-1.028_layer 1_046 Vip Gaba_merged_regions_table_cell_id.txt,sample_2_C57BL6J-1.028_layer 1_047 Sncg Gaba_merged_regions_table_cell_id.txt
C57BL6J-1.028,layer 1,layer 1,layer 1,046 Vip Gaba,047 Sncg Gaba,6,6,3,1,"Orbital area, medial part, layer 1","Secondary motor area, layer 1",1.0,3.0,regions_2,regions_2,,,2,1,12,4,0.0,0.0,sample_2_C57BL6J-1.028_layer 1_046 Vip Gaba_merged_regions_table_cell_id.txt,sample_2_C57BL6J-1.028_layer 1_047 Sncg Gaba_merged_regions_table_cell_id.txt
C57BL6J-1.028,layer 1,layer 1,layer 1,046 Vip Gaba,047 Sncg Gaba,6,6,0,3,"Orbital area, medial part, layer 1","Orbital area, medial part, layer 1",1.0,0.0,regions_2,regions_3,,,2,1,12,3,0.16666666666666666,0.6666666666666666,sample_2_C57BL6J-1.028_layer 1_046 Vip Gaba_merged_regions_table_cell_id.txt,sample_2_C57BL6J-1.028_layer 1_047 Sncg Gaba_merged_regions_table_cell_id.txt
C57BL6J-1.028,layer 1,layer 1,layer 1,046 Vip Gaba,047 Sncg Gaba,6,6,27,13,"Orbital area, medial part, layer 1","Orbital area, ventrolateral part, layer 1,Orbital area, medial part, layer 1",1.0,2.076923076923077,regions_2,regions_4,,,2,2,12,40,0.5833333333333334,0.175,sample_2_C57BL6J-1.028_layer 1_046 Vip Gaba_merged_regions_table_cell_id.txt,sample_2_C57BL6J-1.028_layer 1_047 Sncg Gaba_merged_regions_table_cell_id.txt
C57BL6J-1.028,layer 1,layer 1,layer 1,046 Vip Gaba,049 Lamp5 Gaba,6,6,30,13,"Orbital area, medial part, layer 1","Secondary motor area, layer 1",1.0,2.3076923076923075,regions_2,regions_1,,,2,7,12,43,0.0,0.0,sample_2_C57BL6J-1.028_layer 1_046 Vip Gaba_merged_regions_table_cell_id.txt,sample_2_C57BL6J-1.028_layer 1_049 Lamp5 Gaba_merged_regions_table_cell_id.txt
C57BL6J-1.028,layer 1,layer 1,layer 1,046 Vip Gaba,049 Lamp5 Gaba,6,6,16,6,"Orbital area, medial part, layer 1","Secondary motor area, layer 1,Orbital area, lateral part, layer 1,Frontal pole, layer 1",1.0,2.6666666666666665,regions_2,regions_2,,,2,6,12,22,0.0,0.0,sample_2_C57BL6J-1.028_layer 1_046 Vip Gaba_merged_regions_table_cell_id.txt,sample_2_C57BL6J-1.028_layer 1_049 Lamp5 Gaba_merged_regions_table_cell_id.txt
C57BL6J-1.028,layer 1,layer 1,layer 1,046 Vip Gaba,051 Pvalb chandelier Gaba,6,6,39,5,"Orbital area, medial part, layer 1","Secondary motor area, layer 1",1.0,7.8,regions_2,regions_1,,,2,2,12,44,0.0,0.0,sample_2_C57BL6J-1.028_layer 1_046 Vip Gaba_merged_regions_table_cell_id.txt,sample_2_C57BL6J-1.028_layer 1_051 Pvalb chandelier Gaba_merged_regions_table_cell_id.txt
C57BL6J-1.028,layer 1,layer 1,layer 1,046 Vip Gaba,051 Pvalb chandelier Gaba,6,6,8,3,"Orbital area, medial part, layer 1","Orbital area, ventrolateral part, layer 1,Orbital area, lateral part, layer 1,Orbital area, medial part, layer 1",1.0,2.6666666666666665,regions_2,regions_2,,,2,1,12,11,0.08333333333333333,0.09090909090909091,sample_2_C57BL6J-1.028_layer 1_046 Vip Gaba_merged_regions_table_cell_id.txt,sample_2_C57BL6J-1.028_layer 1_051 Pvalb chandelier Gaba_merged_regions_table_cell_id.txt
C57BL6J-1.028,layer 1,layer 1,layer 1,046 Vip Gaba,052 Pvalb Gaba,6,6,3,2,"Orbital area, medial part, layer 1","Secondary motor area, layer 1",1.0,1.5,regions_2,regions_1,,,2,1,12,5,0.0,0.0,sample_2_C57BL6J-1.028_layer 1_046 Vip Gaba_merged_regions_table_cell_id.txt,sample_2_C57BL6J-1.028_layer 1_052 Pvalb Gaba_merged_regions_table_cell_id.txt
C57BL6J-1.028,layer 1,layer 1,layer 1,046 Vip Gaba,052 Pvalb Gaba,6,6,27,9,"Orbital area, medial part, layer 1","Orbital area, ventrolateral part, layer 1,Orbital area, medial part, layer 1,Frontal pole, layer 1",1.0,3.0,regions_2,regions_2,,,2,2,12,36,0.3333333333333333,0.1111111111111111,sample_2_C57BL6J-1.028_layer 1_046 Vip Gaba_merged_regions_table_cell_id.txt,sample_2_C57BL6J-1.028_layer 1_052 Pvalb Gaba_merged_regions_table_cell_id.txt
C57BL6J-1.028,layer 1,layer 1,layer 1,046 Vip Gaba,053 Sst Gaba,6,6,21,3,"Orbital area, medial part, layer 1","Secondary motor area, layer 1",1.0,7.0,regions_2,regions_1,,,2,2,12,24,0.0,0.0,sample_2_C57BL6J-1.028_layer 1_046 Vip Gaba_merged_regions_table_cell_id.txt,sample_2_C57BL6J-1.028_layer 1_053 Sst Gaba_merged_regions_table_cell_id.txt
C57BL6J-1.028,layer 1,layer 1,layer 1,046 Vip Gaba,053 Sst Gaba,6,6,37,18,"Orbital area, medial part, layer 1","Orbital area, ventrolateral part, layer 1,Orbital area, medial part, layer 1,Frontal pole, layer 1",1.0,2.0555555555555554,regions_2,regions_2,,,2,4,12,55,1.0,0.21818181818181817,sample_2_C57BL6J-1.028_layer 1_046 Vip Gaba_merged_regions_table_cell_id.txt,sample_2_C57BL6J-1.028_layer 1_053 Sst Gaba_merged_regions_table_cell_id.txt
C57BL6J-1.028,layer 1,layer 1,layer 1,046 Vip Gaba,047 Sncg Gaba,1,1,2,1,"Orbital area, lateral part, layer 1","Secondary motor area, layer 1,Prelimbic area, layer 1",1.0,2.0,regions_3,regions_1,,,1,1,2,3,0.0,0.0,sample_2_C57BL6J-1.028_layer 1_046 Vip Gaba_merged_regions_table_cell_id.txt,sample_2_C57BL6J-1.028_layer 1_047 Sncg Gaba_merged_regions_table_cell_id.txt
C57BL6J-1.028,layer 1,layer 1,layer 1,046 Vip Gaba,047 Sncg Gaba,1,1,3,1,"Orbital area, lateral part, layer 1","Secondary motor area, layer 1",1.0,3.0,regions_3,regions_2,,,1,1,2,4,0.0,0.0,sample_2_C57BL6J-1.028_layer 1_046 Vip Gaba_merged_regions_table_cell_id.txt,sample_2_C57BL6J-1.028_layer 1_047 Sncg Gaba_merged_regions_table_cell_id.txt
C57BL6J-1.028,layer 1,layer 1,layer 1,046 Vip Gaba,047 Sncg Gaba,1,1,0,3,"Orbital area, lateral part, layer 1","Orbital area, medial part, layer 1",1.0,0.0,regions_3,regions_3,,,1,1,2,3,0.0,0.0,sample_2_C57BL6J-1.028_layer 1_046 Vip Gaba_merged_regions_table_cell_id.txt,sample_2_C57BL6J-1.028_layer 1_047 Sncg Gaba_merged_regions_table_cell_id.txt
C57BL6J-1.028,layer 1,layer 1,layer 1,046 Vip Gaba,047 Sncg Gaba,1,1,27,13,"Orbital area, lateral part, layer 1","Orbital area, ventrolateral part, layer 1,Orbital area, medial part, layer 1",1.0,2.076923076923077,regions_3,regions_4,,,1,2,2,40,0.0,0.0,sample_2_C57BL6J-1.028_layer 1_046 Vip Gaba_merged_regions_table_cell_id.txt,sample_2_C57BL6J-1.028_layer 1_047 Sncg Gaba_merged_regions_table_cell_id.txt
C57BL6J-1.028,layer 1,layer 1,layer 1,046 Vip Gaba,049 Lamp5 Gaba,1,1,30,13,"Orbital area, lateral part, layer 1","Secondary motor area, layer 1",1.0,2.3076923076923075,regions_3,regions_1,,,1,7,2,43,0.0,0.0,sample_2_C57BL6J-1.028_layer 1_046 Vip Gaba_merged_regions_table_cell_id.txt,sample_2_C57BL6J-1.028_layer 1_049 Lamp5 Gaba_merged_regions_table_cell_id.txt
C57BL6J-1.028,layer 1,layer 1,layer 1,046 Vip Gaba,049 Lamp5 Gaba,1,1,16,6,"Orbital area, lateral part, layer 1","Secondary motor area, layer 1,Orbital area, lateral part, layer 1,Frontal pole, layer 1",1.0,2.6666666666666665,regions_3,regions_2,,,1,6,2,22,0.0,0.0,sample_2_C57BL6J-1.028_layer 1_046 Vip Gaba_merged_regions_table_cell_id.txt,sample_2_C57BL6J-1.028_layer 1_049 Lamp5 Gaba_merged_regions_table_cell_id.txt
C57BL6J-1.028,layer 1,layer 1,layer 1,046 Vip Gaba,051 Pvalb chandelier Gaba,1,1,39,5,"Orbital area, lateral part, layer 1","Secondary motor area, layer 1",1.0,7.8,regions_3,regions_1,,,1,2,2,44,0.0,0.0,sample_2_C57BL6J-1.028_layer 1_046 Vip Gaba_merged_regions_table_cell_id.txt,sample_2_C57BL6J-1.028_layer 1_051 Pvalb chandelier Gaba_merged_regions_table_cell_id.txt
C57BL6J-1.028,layer 1,layer 1,layer 1,046 Vip Gaba,051 Pvalb chandelier Gaba,1,1,8,3,"Orbital area, lateral part, layer 1","Orbital area, ventrolateral part, layer 1,Orbital area, lateral part, layer 1,Orbital area, medial part, layer 1",1.0,2.6666666666666665,regions_3,regions_2,,,1,1,2,11,0.0,0.0,sample_2_C57BL6J-1.028_layer 1_046 Vip Gaba_merged_regions_table_cell_id.txt,sample_2_C57BL6J-1.028_layer 1_051 Pvalb chandelier Gaba_merged_regions_table_cell_id.txt
C57BL6J-1.028,layer 1,layer 1,layer 1,046 Vip Gaba,052 Pvalb Gaba,1,1,3,2,"Orbital area, lateral part, layer 1","Secondary motor area, layer 1",1.0,1.5,regions_3,regions_1,,,1,1,2,5,0.0,0.0,sample_2_C57BL6J-1.028_layer 1_046 Vip Gaba_merged_regions_table_cell_id.txt,sample_2_C57BL6J-1.028_layer 1_052 Pvalb Gaba_merged_regions_table_cell_id.txt
C57BL6J-1.028,layer 1,layer 1,layer 1,046 Vip Gaba,052 Pvalb Gaba,1,1,27,9,"Orbital area, lateral part, layer 1","Orbital area, ventrolateral part, layer 1,Orbital area, medial part, layer 1,Frontal pole, layer 1",1.0,3.0,regions_3,regions_2,,,1,2,2,36,0.0,0.0,sample_2_C57BL6J-1.028_layer 1_046 Vip Gaba_merged_regions_table_cell_id.txt,sample_2_C57BL6J-1.028_layer 1_052 Pvalb Gaba_merged_regions_table_cell_id.txt
C57BL6J-1.028,layer 1,layer 1,layer 1,046 Vip Gaba,053 Sst Gaba,1,1,21,3,"Orbital area, lateral part, layer 1","Secondary motor area, layer 1",1.0,7.0,regions_3,regions_1,,,1,2,2,24,0.0,0.0,sample_2_C57BL6J-1.028_layer 1_046 Vip Gaba_merged_regions_table_cell_id.txt,sample_2_C57BL6J-1.028_layer 1_053 Sst Gaba_merged_regions_table_cell_id.txt
C57BL6J-1.028,layer 1,layer 1,layer 1,046 Vip Gaba,053 Sst Gaba,1,1,37,18,"Orbital area, lateral part, layer 1","Orbital area, ventrolateral part, layer 1,Orbital area, medial part, layer 1,Frontal pole, layer 1",1.0,2.0555555555555554,regions_3,regions_2,,,1,4,2,55,0.0,0.0,sample_2_C57BL6J-1.028_layer 1_046 Vip Gaba_merged_regions_table_cell_id.txt,sample_2_C57BL6J-1.028_layer 1_053 Sst Gaba_merged_regions_table_cell_id.txt
C57BL6J-1.028,layer 1,layer 1,layer 1,047 Sncg Gaba,047 Sncg Gaba,2,1,3,1,"Secondary motor area, layer 1,Prelimbic area, layer 1","Secondary motor area, layer 1",2.0,3.0,regions_1,regions_2,,,1,1,3,4,0.0,0.0,sample_2_C57BL6J-1.028_layer 1_047 Sncg Gaba_merged_regions_table_cell_id.txt,sample_2_C57BL6J-1.028_layer 1_047 Sncg Gaba_merged_regions_table_cell_id.txt
C57BL6J-1.028,layer 1,layer 1,layer 1,047 Sncg Gaba,047 Sncg Gaba,2,1,0,3,"Secondary motor area, layer 1,Prelimbic area, layer 1","Orbital area, medial part, layer 1",2.0,0.0,regions_1,regions_3,,,1,1,3,3,0.0,0.0,sample_2_C57BL6J-1.028_layer 1_047 Sncg Gaba_merged_regions_table_cell_id.txt,sample_2_C57BL6J-1.028_layer 1_047 Sncg Gaba_merged_regions_table_cell_id.txt
C57BL6J-1.028,layer 1,layer 1,layer 1,047 Sncg Gaba,047 Sncg Gaba,2,1,27,13,"Secondary motor area, layer 1,Prelimbic area, layer 1","Orbital area, ventrolateral part, layer 1,Orbital area, medial part, layer 1",2.0,2.076923076923077,regions_1,regions_4,,,1,2,3,40,0.0,0.0,sample_2_C57BL6J-1.028_layer 1_047 Sncg Gaba_merged_regions_table_cell_id.txt,sample_2_C57BL6J-1.028_layer 1_047 Sncg Gaba_merged_regions_table_cell_id.txt
C57BL6J-1.028,layer 1,layer 1,layer 1,047 Sncg Gaba,049 Lamp5 Gaba,2,1,30,13,"Secondary motor area, layer 1,Prelimbic area, layer 1","Secondary motor area, layer 1",2.0,2.3076923076923075,regions_1,regions_1,,,1,7,3,43,0.0,0.0,sample_2_C57BL6J-1.028_layer 1_047 Sncg Gaba_merged_regions_table_cell_id.txt,sample_2_C57BL6J-1.028_layer 1_049 Lamp5 Gaba_merged_regions_table_cell_id.txt
C57BL6J-1.028,layer 1,layer 1,layer 1,047 Sncg Gaba,049 Lamp5 Gaba,2,1,16,6,"Secondary motor area, layer 1,Prelimbic area, layer 1","Secondary motor area, layer 1,Orbital area, lateral part, layer 1,Frontal pole, layer 1",2.0,2.6666666666666665,regions_1,regions_2,,,1,6,3,22,0.0,0.0,sample_2_C57BL6J-1.028_layer 1_047 Sncg Gaba_merged_regions_table_cell_id.txt,sample_2_C57BL6J-1.028_layer 1_049 Lamp5 Gaba_merged_regions_table_cell_id.txt
C57BL6J-1.028,layer 1,layer 1,layer 1,047 Sncg Gaba,051 Pvalb chandelier Gaba,2,1,39,5,"Secondary motor area, layer 1,Prelimbic area, layer 1","Secondary motor area, layer 1",2.0,7.8,regions_1,regions_1,,,1,2,3,44,0.0,0.0,sample_2_C57BL6J-1.028_layer 1_047 Sncg Gaba_merged_regions_table_cell_id.txt,sample_2_C57BL6J-1.028_layer 1_051 Pvalb chandelier Gaba_merged_regions_table_cell_id.txt
C57BL6J-1.028,layer 1,layer 1,layer 1,047 Sncg Gaba,051 Pvalb chandelier Gaba,2,1,8,3,"Secondary motor area, layer 1,Prelimbic area, layer 1","Orbital area, ventrolateral part, layer 1,Orbital area, lateral part, layer 1,Orbital area, medial part, layer 1",2.0,2.6666666666666665,regions_1,regions_2,,,1,1,3,11,0.0,0.0,sample_2_C57BL6J-1.028_layer 1_047 Sncg Gaba_merged_regions_table_cell_id.txt,sample_2_C57BL6J-1.028_layer 1_051 Pvalb chandelier Gaba_merged_regions_table_cell_id.txt
C57BL6J-1.028,layer 1,layer 1,layer 1,047 Sncg Gaba,052 Pvalb Gaba,2,1,3,2,"Secondary motor area, layer 1,Prelimbic area, layer 1","Secondary motor area, layer 1",2.0,1.5,regions_1,regions_1,,,1,1,3,5,0.0,0.0,sample_2_C57BL6J-1.028_layer 1_047 Sncg Gaba_merged_regions_table_cell_id.txt,sample_2_C57BL6J-1.028_layer 1_052 Pvalb Gaba_merged_regions_table_cell_id.txt
C57BL6J-1.028,layer 1,layer 1,layer 1,047 Sncg Gaba,052 Pvalb Gaba,2,1,27,9,"Secondary motor area, layer 1,Prelimbic area, layer 1","Orbital area, ventrolateral part, layer 1,Orbital area, medial part, layer 1,Frontal pole, layer 1",2.0,3.0,regions_1,regions_2,,,1,2,3,36,0.0,0.0,sample_2_C57BL6J-1.028_layer 1_047 Sncg Gaba_merged_regions_table_cell_id.txt,sample_2_C57BL6J-1.028_layer 1_052 Pvalb Gaba_merged_regions_table_cell_id.txt
C57BL6J-1.028,layer 1,layer 1,layer 1,047 Sncg Gaba,053 Sst Gaba,2,1,21,3,"Secondary motor area, layer 1,Prelimbic area, layer 1","Secondary motor area, layer 1",2.0,7.0,regions_1,regions_1,,,1,2,3,24,0.0,0.0,sample_2_C57BL6J-1.028_layer 1_047 Sncg Gaba_merged_regions_table_cell_id.txt,sample_2_C57BL6J-1.028_layer 1_053 Sst Gaba_merged_regions_table_cell_id.txt
C57BL6J-1.028,layer 1,layer 1,layer 1,047 Sncg Gaba,053 Sst Gaba,2,1,37,18,"Secondary motor area, layer 1,Prelimbic area, layer 1","Orbital area, ventrolateral part, layer 1,Orbital area, medial part, layer 1,Frontal pole, layer 1",2.0,2.0555555555555554,regions_1,regions_2,,,1,4,3,55,0.0,0.0,sample_2_C57BL6J-1.028_layer 1_047 Sncg Gaba_merged_regions_table_cell_id.txt,sample_2_C57BL6J-1.028_layer 1_053 Sst Gaba_merged_regions_table_cell_id.txt
C57BL6J-1.028,layer 1,layer 1,layer 1,047 Sncg Gaba,047 Sncg Gaba,3,1,0,3,"Secondary motor area, layer 1","Orbital area, medial part, layer 1",3.0,0.0,regions_2,regions_3,,,1,1,4,3,0.0,0.0,sample_2_C57BL6J-1.028_layer 1_047 Sncg Gaba_merged_regions_table_cell_id.txt,sample_2_C57BL6J-1.028_layer 1_047 Sncg Gaba_merged_regions_table_cell_id.txt
C57BL6J-1.028,layer 1,layer 1,layer 1,047 Sncg Gaba,047 Sncg Gaba,3,1,27,13,"Secondary motor area, layer 1","Orbital area, ventrolateral part, layer 1,Orbital area, medial part, layer 1",3.0,2.076923076923077,regions_2,regions_4,,,1,2,4,40,0.0,0.0,sample_2_C57BL6J-1.028_layer 1_047 Sncg Gaba_merged_regions_table_cell_id.txt,sample_2_C57BL6J-1.028_layer 1_047 Sncg Gaba_merged_regions_table_cell_id.txt
C57BL6J-1.028,layer 1,layer 1,layer 1,047 Sncg Gaba,049 Lamp5 Gaba,3,1,30,13,"Secondary motor area, layer 1","Secondary motor area, layer 1",3.0,2.3076923076923075,regions_2,regions_1,,,1,7,4,43,1.0,0.09302325581395349,sample_2_C57BL6J-1.028_layer 1_047 Sncg Gaba_merged_regions_table_cell_id.txt,sample_2_C57BL6J-1.028_layer 1_049 Lamp5 Gaba_merged_regions_table_cell_id.txt
C57BL6J-1.028,layer 1,layer 1,layer 1,047 Sncg Gaba,049 Lamp5 Gaba,3,1,16,6,"Secondary motor area, layer 1","Secondary motor area, layer 1,Orbital area, lateral part, layer 1,Frontal pole, layer 1",3.0,2.6666666666666665,regions_2,regions_2,,,1,6,4,22,0.0,0.0,sample_2_C57BL6J-1.028_layer 1_047 Sncg Gaba_merged_regions_table_cell_id.txt,sample_2_C57BL6J-1.028_layer 1_049 Lamp5 Gaba_merged_regions_table_cell_id.txt
C57BL6J-1.028,layer 1,layer 1,layer 1,047 Sncg Gaba,051 Pvalb chandelier Gaba,3,1,39,5,"Secondary motor area, layer 1","Secondary motor area, layer 1",3.0,7.8,regions_2,regions_1,,,1,2,4,44,0.0,0.0,sample_2_C57BL6J-1.028_layer 1_047 Sncg Gaba_merged_regions_table_cell_id.txt,sample_2_C57BL6J-1.028_layer 1_051 Pvalb chandelier Gaba_merged_regions_table_cell_id.txt
C57BL6J-1.028,layer 1,layer 1,layer 1,047 Sncg Gaba,051 Pvalb chandelier Gaba,3,1,8,3,"Secondary motor area, layer 1","Orbital area, ventrolateral part, layer 1,Orbital area, lateral part, layer 1,Orbital area, medial part, layer 1",3.0,2.6666666666666665,regions_2,regions_2,,,1,1,4,11,0.0,0.0,sample_2_C57BL6J-1.028_layer 1_047 Sncg Gaba_merged_regions_table_cell_id.txt,sample_2_C57BL6J-1.028_layer 1_051 Pvalb chandelier Gaba_merged_regions_table_cell_id.txt
C57BL6J-1.028,layer 1,layer 1,layer 1,047 Sncg Gaba,052 Pvalb Gaba,3,1,3,2,"Secondary motor area, layer 1","Secondary motor area, layer 1",3.0,1.5,regions_2,regions_1,,,1,1,4,5,0.0,0.0,sample_2_C57BL6J-1.028_layer 1_047 Sncg Gaba_merged_regions_table_cell_id.txt,sample_2_C57BL6J-1.028_layer 1_052 Pvalb Gaba_merged_regions_table_cell_id.txt
C57BL6J-1.028,layer 1,layer 1,layer 1,047 Sncg Gaba,052 Pvalb Gaba,3,1,27,9,"Secondary motor area, layer 1","Orbital area, ventrolateral part, layer 1,Orbital area, medial part, layer 1,Frontal pole, layer 1",3.0,3.0,regions_2,regions_2,,,1,2,4,36,0.0,0.0,sample_2_C57BL6J-1.028_layer 1_047 Sncg Gaba_merged_regions_table_cell_id.txt,sample_2_C57BL6J-1.028_layer 1_052 Pvalb Gaba_merged_regions_table_cell_id.txt
C57BL6J-1.028,layer 1,layer 1,layer 1,047 Sncg Gaba,053 Sst Gaba,3,1,21,3,"Secondary motor area, layer 1","Secondary motor area, layer 1",3.0,7.0,regions_2,regions_1,,,1,2,4,24,0.0,0.0,sample_2_C57BL6J-1.028_layer 1_047 Sncg Gaba_merged_regions_table_cell_id.txt,sample_2_C57BL6J-1.028_layer 1_053 Sst Gaba_merged_regions_table_cell_id.txt
C57BL6J-1.028,layer 1,layer 1,layer 1,047 Sncg Gaba,053 Sst Gaba,3,1,37,18,"Secondary motor area, layer 1","Orbital area, ventrolateral part, layer 1,Orbital area, medial part, layer 1,Frontal pole, layer 1",3.0,2.0555555555555554,regions_2,regions_2,,,1,4,4,55,0.0,0.0,sample_2_C57BL6J-1.028_layer 1_047 Sncg Gaba_merged_regions_table_cell_id.txt,sample_2_C57BL6J-1.028_layer 1_053 Sst Gaba_merged_regions_table_cell_id.txt
C57BL6J-1.028,layer 1,layer 1,layer 1,047 Sncg Gaba,047 Sncg Gaba,0,3,27,13,"Orbital area, medial part, layer 1","Orbital area, ventrolateral part, layer 1,Orbital area, medial part, layer 1",0.0,2.076923076923077,regions_3,regions_4,,,1,2,3,40,0.0,0.0,sample_2_C57BL6J-1.028_layer 1_047 Sncg Gaba_merged_regions_table_cell_id.txt,sample_2_C57BL6J-1.028_layer 1_047 Sncg Gaba_merged_regions_table_cell_id.txt
C57BL6J-1.028,layer 1,layer 1,layer 1,047 Sncg Gaba,049 Lamp5 Gaba,0,3,30,13,"Orbital area, medial part, layer 1","Secondary motor area, layer 1",0.0,2.3076923076923075,regions_3,regions_1,,,1,7,3,43,0.0,0.0,sample_2_C57BL6J-1.028_layer 1_047 Sncg Gaba_merged_regions_table_cell_id.txt,sample_2_C57BL6J-1.028_layer 1_049 Lamp5 Gaba_merged_regions_table_cell_id.txt
C57BL6J-1.028,layer 1,layer 1,layer 1,047 Sncg Gaba,049 Lamp5 Gaba,0,3,16,6,"Orbital area, medial part, layer 1","Secondary motor area, layer 1,Orbital area, lateral part, layer 1,Frontal pole, layer 1",0.0,2.6666666666666665,regions_3,regions_2,,,1,6,3,22,0.0,0.0,sample_2_C57BL6J-1.028_layer 1_047 Sncg Gaba_merged_regions_table_cell_id.txt,sample_2_C57BL6J-1.028_layer 1_049 Lamp5 Gaba_merged_regions_table_cell_id.txt
C57BL6J-1.028,layer 1,layer 1,layer 1,047 Sncg Gaba,051 Pvalb chandelier Gaba,0,3,39,5,"Orbital area, medial part, layer 1","Secondary motor area, layer 1",0.0,7.8,regions_3,regions_1,,,1,2,3,44,0.0,0.0,sample_2_C57BL6J-1.028_layer 1_047 Sncg Gaba_merged_regions_table_cell_id.txt,sample_2_C57BL6J-1.028_layer 1_051 Pvalb chandelier Gaba_merged_regions_table_cell_id.txt
C57BL6J-1.028,layer 1,layer 1,layer 1,047 Sncg Gaba,051 Pvalb chandelier Gaba,0,3,8,3,"Orbital area, medial part, layer 1","Orbital area, ventrolateral part, layer 1,Orbital area, lateral part, layer 1,Orbital area, medial part, layer 1",0.0,2.6666666666666665,regions_3,regions_2,,,1,1,3,11,0.0,0.0,sample_2_C57BL6J-1.028_layer 1_047 Sncg Gaba_merged_regions_table_cell_id.txt,sample_2_C57BL6J-1.028_layer 1_051 Pvalb chandelier Gaba_merged_regions_table_cell_id.txt
C57BL6J-1.028,layer 1,layer 1,layer 1,047 Sncg Gaba,052 Pvalb Gaba,0,3,3,2,"Orbital area, medial part, layer 1","Secondary motor area, layer 1",0.0,1.5,regions_3,regions_1,,,1,1,3,5,0.0,0.0,sample_2_C57BL6J-1.028_layer 1_047 Sncg Gaba_merged_regions_table_cell_id.txt,sample_2_C57BL6J-1.028_layer 1_052 Pvalb Gaba_merged_regions_table_cell_id.txt
C57BL6J-1.028,layer 1,layer 1,layer 1,047 Sncg Gaba,052 Pvalb Gaba,0,3,27,9,"Orbital area, medial part, layer 1","Orbital area, ventrolateral part, layer 1,Orbital area, medial part, layer 1,Frontal pole, layer 1",0.0,3.0,regions_3,regions_2,,,1,2,3,36,0.0,0.0,sample_2_C57BL6J-1.028_layer 1_047 Sncg Gaba_merged_regions_table_cell_id.txt,sample_2_C57BL6J-1.028_layer 1_052 Pvalb Gaba_merged_regions_table_cell_id.txt
C57BL6J-1.028,layer 1,layer 1,layer 1,047 Sncg Gaba,053 Sst Gaba,0,3,21,3,"Orbital area, medial part, layer 1","Secondary motor area, layer 1",0.0,7.0,regions_3,regions_1,,,1,2,3,24,0.0,0.0,sample_2_C57BL6J-1.028_layer 1_047 Sncg Gaba_merged_regions_table_cell_id.txt,sample_2_C57BL6J-1.028_layer 1_053 Sst Gaba_merged_regions_table_cell_id.txt
C57BL6J-1.028,layer 1,layer 1,layer 1,047 Sncg Gaba,053 Sst Gaba,0,3,37,18,"Orbital area, medial part, layer 1","Orbital area, ventrolateral part, layer 1,Orbital area, medial part, layer 1,Frontal pole, layer 1",0.0,2.0555555555555554,regions_3,regions_2,,,1,4,3,55,1.0,0.05454545454545454,sample_2_C57BL6J-1.028_layer 1_047 Sncg Gaba_merged_regions_table_cell_id.txt,sample_2_C57BL6J-1.028_layer 1_053 Sst Gaba_merged_regions_table_cell_id.txt
C57BL6J-1.028,layer 1,layer 1,layer 1,047 Sncg Gaba,049 Lamp5 Gaba,27,13,30,13,"Orbital area, ventrolateral part, layer 1,Orbital area, medial part, layer 1","Secondary motor area, layer 1",2.076923076923077,2.3076923076923075,regions_4,regions_1,,,2,7,40,43,0.0,0.0,sample_2_C57BL6J-1.028_layer 1_047 Sncg Gaba_merged_regions_table_cell_id.txt,sample_2_C57BL6J-1.028_layer 1_049 Lamp5 Gaba_merged_regions_table_cell_id.txt
C57BL6J-1.028,layer 1,layer 1,layer 1,047 Sncg Gaba,049 Lamp5 Gaba,27,13,16,6,"Orbital area, ventrolateral part, layer 1,Orbital area, medial part, layer 1","Secondary motor area, layer 1,Orbital area, lateral part, layer 1,Frontal pole, layer 1",2.076923076923077,2.6666666666666665,regions_4,regions_2,,,2,6,40,22,0.0,0.0,sample_2_C57BL6J-1.028_layer 1_047 Sncg Gaba_merged_regions_table_cell_id.txt,sample_2_C57BL6J-1.028_layer 1_049 Lamp5 Gaba_merged_regions_table_cell_id.txt
C57BL6J-1.028,layer 1,layer 1,layer 1,047 Sncg Gaba,051 Pvalb chandelier Gaba,27,13,39,5,"Orbital area, ventrolateral part, layer 1,Orbital area, medial part, layer 1","Secondary motor area, layer 1",2.076923076923077,7.8,regions_4,regions_1,,,2,2,40,44,0.0,0.0,sample_2_C57BL6J-1.028_layer 1_047 Sncg Gaba_merged_regions_table_cell_id.txt,sample_2_C57BL6J-1.028_layer 1_051 Pvalb chandelier Gaba_merged_regions_table_cell_id.txt
C57BL6J-1.028,layer 1,layer 1,layer 1,047 Sncg Gaba,051 Pvalb chandelier Gaba,27,13,8,3,"Orbital area, ventrolateral part, layer 1,Orbital area, medial part, layer 1","Orbital area, ventrolateral part, layer 1,Orbital area, lateral part, layer 1,Orbital area, medial part, layer 1",2.076923076923077,2.6666666666666665,regions_4,regions_2,,,2,1,40,11,0.2,0.7272727272727273,sample_2_C57BL6J-1.028_layer 1_047 Sncg Gaba_merged_regions_table_cell_id.txt,sample_2_C57BL6J-1.028_layer 1_051 Pvalb chandelier Gaba_merged_regions_table_cell_id.txt
C57BL6J-1.028,layer 1,layer 1,layer 1,047 Sncg Gaba,052 Pvalb Gaba,27,13,3,2,"Orbital area, ventrolateral part, layer 1,Orbital area, medial part, layer 1","Secondary motor area, layer 1",2.076923076923077,1.5,regions_4,regions_1,,,2,1,40,5,0.0,0.0,sample_2_C57BL6J-1.028_layer 1_047 Sncg Gaba_merged_regions_table_cell_id.txt,sample_2_C57BL6J-1.028_layer 1_052 Pvalb Gaba_merged_regions_table_cell_id.txt
C57BL6J-1.028,layer 1,layer 1,layer 1,047 Sncg Gaba,052 Pvalb Gaba,27,13,27,9,"Orbital area, ventrolateral part, layer 1,Orbital area, medial part, layer 1","Orbital area, ventrolateral part, layer 1,Orbital area, medial part, layer 1,Frontal pole, layer 1",2.076923076923077,3.0,regions_4,regions_2,,,2,2,40,36,0.45,0.5,sample_2_C57BL6J-1.028_layer 1_047 Sncg Gaba_merged_regions_table_cell_id.txt,sample_2_C57BL6J-1.028_layer 1_052 Pvalb Gaba_merged_regions_table_cell_id.txt
C57BL6J-1.028,layer 1,layer 1,layer 1,047 Sncg Gaba,053 Sst Gaba,27,13,21,3,"Orbital area, ventrolateral part, layer 1,Orbital area, medial part, layer 1","Secondary motor area, layer 1",2.076923076923077,7.0,regions_4,regions_1,,,2,2,40,24,0.0,0.0,sample_2_C57BL6J-1.028_layer 1_047 Sncg Gaba_merged_regions_table_cell_id.txt,sample_2_C57BL6J-1.028_layer 1_053 Sst Gaba_merged_regions_table_cell_id.txt
C57BL6J-1.028,layer 1,layer 1,layer 1,047 Sncg Gaba,053 Sst Gaba,27,13,37,18,"Orbital area, ventrolateral part, layer 1,Orbital area, medial part, layer 1","Orbital area, ventrolateral part, layer 1,Orbital area, medial part, layer 1,Frontal pole, layer 1",2.076923076923077,2.0555555555555554,regions_4,regions_2,,,2,4,40,55,0.8,0.5818181818181818,sample_2_C57BL6J-1.028_layer 1_047 Sncg Gaba_merged_regions_table_cell_id.txt,sample_2_C57BL6J-1.028_layer 1_053 Sst Gaba_merged_regions_table_cell_id.txt
C57BL6J-1.028,layer 1,layer 1,layer 1,049 Lamp5 Gaba,049 Lamp5 Gaba,30,13,16,6,"Secondary motor area, layer 1","Secondary motor area, layer 1,Orbital area, lateral part, layer 1,Frontal pole, layer 1",2.3076923076923075,2.6666666666666665,regions_1,regions_2,,,7,6,43,22,0.0,0.0,sample_2_C57BL6J-1.028_layer 1_049 Lamp5 Gaba_merged_regions_table_cell_id.txt,sample_2_C57BL6J-1.028_layer 1_049 Lamp5 Gaba_merged_regions_table_cell_id.txt
C57BL6J-1.028,layer 1,layer 1,layer 1,049 Lamp5 Gaba,051 Pvalb chandelier Gaba,30,13,39,5,"Secondary motor area, layer 1","Secondary motor area, layer 1",2.3076923076923075,7.8,regions_1,regions_1,,,7,2,43,44,0.0,0.0,sample_2_C57BL6J-1.028_layer 1_049 Lamp5 Gaba_merged_regions_table_cell_id.txt,sample_2_C57BL6J-1.028_layer 1_051 Pvalb chandelier Gaba_merged_regions_table_cell_id.txt
C57BL6J-1.028,layer 1,layer 1,layer 1,049 Lamp5 Gaba,051 Pvalb chandelier Gaba,30,13,8,3,"Secondary motor area, layer 1","Orbital area, ventrolateral part, layer 1,Orbital area, lateral part, layer 1,Orbital area, medial part, layer 1",2.3076923076923075,2.6666666666666665,regions_1,regions_2,,,7,1,43,11,0.0,0.0,sample_2_C57BL6J-1.028_layer 1_049 Lamp5 Gaba_merged_regions_table_cell_id.txt,sample_2_C57BL6J-1.028_layer 1_051 Pvalb chandelier Gaba_merged_regions_table_cell_id.txt
C57BL6J-1.028,layer 1,layer 1,layer 1,049 Lamp5 Gaba,052 Pvalb Gaba,30,13,3,2,"Secondary motor area, layer 1","Secondary motor area, layer 1",2.3076923076923075,1.5,regions_1,regions_1,,,7,1,43,5,0.023255813953488372,0.2,sample_2_C57BL6J-1.028_layer 1_049 Lamp5 Gaba_merged_regions_table_cell_id.txt,sample_2_C57BL6J-1.028_layer 1_052 Pvalb Gaba_merged_regions_table_cell_id.txt
C57BL6J-1.028,layer 1,layer 1,layer 1,049 Lamp5 Gaba,052 Pvalb Gaba,30,13,27,9,"Secondary motor area, layer 1","Orbital area, ventrolateral part, layer 1,Orbital area, medial part, layer 1,Frontal pole, layer 1",2.3076923076923075,3.0,regions_1,regions_2,,,7,2,43,36,0.0,0.0,sample_2_C57BL6J-1.028_layer 1_049 Lamp5 Gaba_merged_regions_table_cell_id.txt,sample_2_C57BL6J-1.028_layer 1_052 Pvalb Gaba_merged_regions_table_cell_id.txt
C57BL6J-1.028,layer 1,layer 1,layer 1,049 Lamp5 Gaba,053 Sst Gaba,30,13,21,3,"Secondary motor area, layer 1","Secondary motor area, layer 1",2.3076923076923075,7.0,regions_1,regions_1,,,7,2,43,24,0.0,0.0,sample_2_C57BL6J-1.028_layer 1_049 Lamp5 Gaba_merged_regions_table_cell_id.txt,sample_2_C57BL6J-1.028_layer 1_053 Sst Gaba_merged_regions_table_cell_id.txt
C57BL6J-1.028,layer 1,layer 1,layer 1,049 Lamp5 Gaba,053 Sst Gaba,30,13,37,18,"Secondary motor area, layer 1","Orbital area, ventrolateral part, layer 1,Orbital area, medial part, layer 1,Frontal pole, layer 1",2.3076923076923075,2.0555555555555554,regions_1,regions_2,,,7,4,43,55,0.0,0.0,sample_2_C57BL6J-1.028_layer 1_049 Lamp5 Gaba_merged_regions_table_cell_id.txt,sample_2_C57BL6J-1.028_layer 1_053 Sst Gaba_merged_regions_table_cell_id.txt
C57BL6J-1.028,layer 1,layer 1,layer 1,049 Lamp5 Gaba,051 Pvalb chandelier Gaba,16,6,39,5,"Secondary motor area, layer 1,Orbital area, lateral part, layer 1,Frontal pole, layer 1","Secondary motor area, layer 1",2.6666666666666665,7.8,regions_2,regions_1,,,6,2,22,44,0.0,0.0,sample_2_C57BL6J-1.028_layer 1_049 Lamp5 Gaba_merged_regions_table_cell_id.txt,sample_2_C57BL6J-1.028_layer 1_051 Pvalb chandelier Gaba_merged_regions_table_cell_id.txt
C57BL6J-1.028,layer 1,layer 1,layer 1,049 Lamp5 Gaba,051 Pvalb chandelier Gaba,16,6,8,3,"Secondary motor area, layer 1,Orbital area, lateral part, layer 1,Frontal pole, layer 1","Orbital area, ventrolateral part, layer 1,Orbital area, lateral part, layer 1,Orbital area, medial part, layer 1",2.6666666666666665,2.6666666666666665,regions_2,regions_2,,,6,1,22,11,0.0,0.0,sample_2_C57BL6J-1.028_layer 1_049 Lamp5 Gaba_merged_regions_table_cell_id.txt,sample_2_C57BL6J-1.028_layer 1_051 Pvalb chandelier Gaba_merged_regions_table_cell_id.txt
C57BL6J-1.028,layer 1,layer 1,layer 1,049 Lamp5 Gaba,052 Pvalb Gaba,16,6,3,2,"Secondary motor area, layer 1,Orbital area, lateral part, layer 1,Frontal pole, layer 1","Secondary motor area, layer 1",2.6666666666666665,1.5,regions_2,regions_1,,,6,1,22,5,0.0,0.0,sample_2_C57BL6J-1.028_layer 1_049 Lamp5 Gaba_merged_regions_table_cell_id.txt,sample_2_C57BL6J-1.028_layer 1_052 Pvalb Gaba_merged_regions_table_cell_id.txt
C57BL6J-1.028,layer 1,layer 1,layer 1,049 Lamp5 Gaba,052 Pvalb Gaba,16,6,27,9,"Secondary motor area, layer 1,Orbital area, lateral part, layer 1,Frontal pole, layer 1","Orbital area, ventrolateral part, layer 1,Orbital area, medial part, layer 1,Frontal pole, layer 1",2.6666666666666665,3.0,regions_2,regions_2,,,6,2,22,36,0.0,0.0,sample_2_C57BL6J-1.028_layer 1_049 Lamp5 Gaba_merged_regions_table_cell_id.txt,sample_2_C57BL6J-1.028_layer 1_052 Pvalb Gaba_merged_regions_table_cell_id.txt
C57BL6J-1.028,layer 1,layer 1,layer 1,049 Lamp5 Gaba,053 Sst Gaba,16,6,21,3,"Secondary motor area, layer 1,Orbital area, lateral part, layer 1,Frontal pole, layer 1","Secondary motor area, layer 1",2.6666666666666665,7.0,regions_2,regions_1,,,6,2,22,24,0.0,0.0,sample_2_C57BL6J-1.028_layer 1_049 Lamp5 Gaba_merged_regions_table_cell_id.txt,sample_2_C57BL6J-1.028_layer 1_053 Sst Gaba_merged_regions_table_cell_id.txt
C57BL6J-1.028,layer 1,layer 1,layer 1,049 Lamp5 Gaba,053 Sst Gaba,16,6,37,18,"Secondary motor area, layer 1,Orbital area, lateral part, layer 1,Frontal pole, layer 1","Orbital area, ventrolateral part, layer 1,Orbital area, medial part, layer 1,Frontal pole, layer 1",2.6666666666666665,2.0555555555555554,regions_2,regions_2,,,6,4,22,55,0.0,0.0,sample_2_C57BL6J-1.028_layer 1_049 Lamp5 Gaba_merged_regions_table_cell_id.txt,sample_2_C57BL6J-1.028_layer 1_053 Sst Gaba_merged_regions_table_cell_id.txt
C57BL6J-1.028,layer 1,layer 1,layer 1,051 Pvalb chandelier Gaba,051 Pvalb chandelier Gaba,39,5,8,3,"Secondary motor area, layer 1","Orbital area, ventrolateral part, layer 1,Orbital area, lateral part, layer 1,Orbital area, medial part, layer 1",7.8,2.6666666666666665,regions_1,regions_2,,,2,1,44,11,0.0,0.0,sample_2_C57BL6J-1.028_layer 1_051 Pvalb chandelier Gaba_merged_regions_table_cell_id.txt,sample_2_C57BL6J-1.028_layer 1_051 Pvalb chandelier Gaba_merged_regions_table_cell_id.txt
C57BL6J-1.028,layer 1,layer 1,layer 1,051 Pvalb chandelier Gaba,052 Pvalb Gaba,39,5,3,2,"Secondary motor area, layer 1","Secondary motor area, layer 1",7.8,1.5,regions_1,regions_1,,,2,1,44,5,0.0,0.0,sample_2_C57BL6J-1.028_layer 1_051 Pvalb chandelier Gaba_merged_regions_table_cell_id.txt,sample_2_C57BL6J-1.028_layer 1_052 Pvalb Gaba_merged_regions_table_cell_id.txt
C57BL6J-1.028,layer 1,layer 1,layer 1,051 Pvalb chandelier Gaba,052 Pvalb Gaba,39,5,27,9,"Secondary motor area, layer 1","Orbital area, ventrolateral part, layer 1,Orbital area, medial part, layer 1,Frontal pole, layer 1",7.8,3.0,regions_1,regions_2,,,2,2,44,36,0.0,0.0,sample_2_C57BL6J-1.028_layer 1_051 Pvalb chandelier Gaba_merged_regions_table_cell_id.txt,sample_2_C57BL6J-1.028_layer 1_052 Pvalb Gaba_merged_regions_table_cell_id.txt
C57BL6J-1.028,layer 1,layer 1,layer 1,051 Pvalb chandelier Gaba,053 Sst Gaba,39,5,21,3,"Secondary motor area, layer 1","Secondary motor area, layer 1",7.8,7.0,regions_1,regions_1,,,2,2,44,24,0.3409090909090909,0.625,sample_2_C57BL6J-1.028_layer 1_051 Pvalb chandelier Gaba_merged_regions_table_cell_id.txt,sample_2_C57BL6J-1.028_layer 1_053 Sst Gaba_merged_regions_table_cell_id.txt
C57BL6J-1.028,layer 1,layer 1,layer 1,051 Pvalb chandelier Gaba,053 Sst Gaba,39,5,37,18,"Secondary motor area, layer 1","Orbital area, ventrolateral part, layer 1,Orbital area, medial part, layer 1,Frontal pole, layer 1",7.8,2.0555555555555554,regions_1,regions_2,,,2,4,44,55,0.0,0.0,sample_2_C57BL6J-1.028_layer 1_051 Pvalb chandelier Gaba_merged_regions_table_cell_id.txt,sample_2_C57BL6J-1.028_layer 1_053 Sst Gaba_merged_regions_table_cell_id.txt
C57BL6J-1.028,layer 1,layer 1,layer 1,051 Pvalb chandelier Gaba,052 Pvalb Gaba,8,3,3,2,"Orbital area, ventrolateral part, layer 1,Orbital area, lateral part, layer 1,Orbital area, medial part, layer 1","Secondary motor area, layer 1",2.6666666666666665,1.5,regions_2,regions_1,,,1,1,11,5,0.0,0.0,sample_2_C57BL6J-1.028_layer 1_051 Pvalb chandelier Gaba_merged_regions_table_cell_id.txt,sample_2_C57BL6J-1.028_layer 1_052 Pvalb Gaba_merged_regions_table_cell_id.txt
C57BL6J-1.028,layer 1,layer 1,layer 1,051 Pvalb chandelier Gaba,052 Pvalb Gaba,8,3,27,9,"Orbital area, ventrolateral part, layer 1,Orbital area, lateral part, layer 1,Orbital area, medial part, layer 1","Orbital area, ventrolateral part, layer 1,Orbital area, medial part, layer 1,Frontal pole, layer 1",2.6666666666666665,3.0,regions_2,regions_2,,,1,2,11,36,0.0,0.0,sample_2_C57BL6J-1.028_layer 1_051 Pvalb chandelier Gaba_merged_regions_table_cell_id.txt,sample_2_C57BL6J-1.028_layer 1_052 Pvalb Gaba_merged_regions_table_cell_id.txt
C57BL6J-1.028,layer 1,layer 1,layer 1,051 Pvalb chandelier Gaba,053 Sst Gaba,8,3,21,3,"Orbital area, ventrolateral part, layer 1,Orbital area, lateral part, layer 1,Orbital area, medial part, layer 1","Secondary motor area, layer 1",2.6666666666666665,7.0,regions_2,regions_1,,,1,2,11,24,0.0,0.0,sample_2_C57BL6J-1.028_layer 1_051 Pvalb chandelier Gaba_merged_regions_table_cell_id.txt,sample_2_C57BL6J-1.028_layer 1_053 Sst Gaba_merged_regions_table_cell_id.txt
C57BL6J-1.028,layer 1,layer 1,layer 1,051 Pvalb chandelier Gaba,053 Sst Gaba,8,3,37,18,"Orbital area, ventrolateral part, layer 1,Orbital area, lateral part, layer 1,Orbital area, medial part, layer 1","Orbital area, ventrolateral part, layer 1,Orbital area, medial part, layer 1,Frontal pole, layer 1",2.6666666666666665,2.0555555555555554,regions_2,regions_2,,,1,4,11,55,0.6363636363636364,0.12727272727272726,sample_2_C57BL6J-1.028_layer 1_051 Pvalb chandelier Gaba_merged_regions_table_cell_id.txt,sample_2_C57BL6J-1.028_layer 1_053 Sst Gaba_merged_regions_table_cell_id.txt
C57BL6J-1.028,layer 1,layer 1,layer 1,052 Pvalb Gaba,052 Pvalb Gaba,3,2,27,9,"Secondary motor area, layer 1","Orbital area, ventrolateral part, layer 1,Orbital area, medial part, layer 1,Frontal pole, layer 1",1.5,3.0,regions_1,regions_2,,,1,2,5,36,0.0,0.0,sample_2_C57BL6J-1.028_layer 1_052 Pvalb Gaba_merged_regions_table_cell_id.txt,sample_2_C57BL6J-1.028_layer 1_052 Pvalb Gaba_merged_regions_table_cell_id.txt
C57BL6J-1.028,layer 1,layer 1,layer 1,052 Pvalb Gaba,053 Sst Gaba,3,2,21,3,"Secondary motor area, layer 1","Secondary motor area, layer 1",1.5,7.0,regions_1,regions_1,,,1,2,5,24,0.0,0.0,sample_2_C57BL6J-1.028_layer 1_052 Pvalb Gaba_merged_regions_table_cell_id.txt,sample_2_C57BL6J-1.028_layer 1_053 Sst Gaba_merged_regions_table_cell_id.txt
C57BL6J-1.028,layer 1,layer 1,layer 1,052 Pvalb Gaba,053 Sst Gaba,3,2,37,18,"Secondary motor area, layer 1","Orbital area, ventrolateral part, layer 1,Orbital area, medial part, layer 1,Frontal pole, layer 1",1.5,2.0555555555555554,regions_1,regions_2,,,1,4,5,55,0.0,0.0,sample_2_C57BL6J-1.028_layer 1_052 Pvalb Gaba_merged_regions_table_cell_id.txt,sample_2_C57BL6J-1.028_layer 1_053 Sst Gaba_merged_regions_table_cell_id.txt
C57BL6J-1.028,layer 1,layer 1,layer 1,052 Pvalb Gaba,053 Sst Gaba,27,9,21,3,"Orbital area, ventrolateral part, layer 1,Orbital area, medial part, layer 1,Frontal pole, layer 1","Secondary motor area, layer 1",3.0,7.0,regions_2,regions_1,,,2,2,36,24,0.0,0.0,sample_2_C57BL6J-1.028_layer 1_052 Pvalb Gaba_merged_regions_table_cell_id.txt,sample_2_C57BL6J-1.028_layer 1_053 Sst Gaba_merged_regions_table_cell_id.txt
C57BL6J-1.028,layer 1,layer 1,layer 1,052 Pvalb Gaba,053 Sst Gaba,27,9,37,18,"Orbital area, ventrolateral part, layer 1,Orbital area, medial part, layer 1,Frontal pole, layer 1","Orbital area, ventrolateral part, layer 1,Orbital area, medial part, layer 1,Frontal pole, layer 1",3.0,2.0555555555555554,regions_2,regions_2,,,2,4,36,55,0.9166666666666666,0.6,sample_2_C57BL6J-1.028_layer 1_052 Pvalb Gaba_merged_regions_table_cell_id.txt,sample_2_C57BL6J-1.028_layer 1_053 Sst Gaba_merged_regions_table_cell_id.txt
C57BL6J-1.028,layer 1,layer 1,layer 1,053 Sst Gaba,053 Sst Gaba,21,3,37,18,"Secondary motor area, layer 1","Orbital area, ventrolateral part, layer 1,Orbital area, medial part, layer 1,Frontal pole, layer 1",7.0,2.0555555555555554,regions_1,regions_2,,,2,4,24,55,0.0,0.0,sample_2_C57BL6J-1.028_layer 1_053 Sst Gaba_merged_regions_table_cell_id.txt,sample_2_C57BL6J-1.028_layer 1_053 Sst Gaba_merged_regions_table_cell_id.txt
C57BL6J-1.028,layer 2/3,layer 2/3,layer 2/3,006 L4/5 IT CTX Glut,007 L2/3 IT CTX Glut,146,13,390,31,"Frontal pole, layer 2/3,Orbital area, ventrolateral part, layer 2/3,Orbital area, medial part, layer 2/3,Prelimbic area, layer 2/3","Frontal pole, layer 2/3,Orbital area, ventrolateral part, layer 2/3,Prelimbic area, layer 2/3,Orbital area, lateral part, layer 2/3,Orbital area, medial part, layer 2/3",11.23076923076923,12.580645161290322,regions_1,regions_1,,,56,280,159,421,0.9119496855345912,0.34441805225653205,sample_2_C57BL6J-1.028_layer 2.3_006 L4.5 IT CTX Glut_merged_regions_table_cell_id.txt,sample_2_C57BL6J-1.028_layer 2.3_007 L2.3 IT CTX Glut_merged_regions_table_cell_id.txt
C57BL6J-1.028,layer 2/3,layer 2/3,layer 2/3,006 L4/5 IT CTX Glut,046 Vip Gaba,146,13,140,19,"Frontal pole, layer 2/3,Orbital area, ventrolateral part, layer 2/3,Orbital area, medial part, layer 2/3,Prelimbic area, layer 2/3","Prelimbic area, layer 2/3,Frontal pole, layer 2/3,Orbital area, medial part, layer 2/3",11.23076923076923,7.368421052631579,regions_1,regions_1,,,56,9,159,159,0.4779874213836478,0.4779874213836478,sample_2_C57BL6J-1.028_layer 2.3_006 L4.5 IT CTX Glut_merged_regions_table_cell_id.txt,sample_2_C57BL6J-1.028_layer 2.3_046 Vip Gaba_merged_regions_table_cell_id.txt
C57BL6J-1.028,layer 2/3,layer 2/3,layer 2/3,006 L4/5 IT CTX Glut,046 Vip Gaba,146,13,85,15,"Frontal pole, layer 2/3,Orbital area, ventrolateral part, layer 2/3,Orbital area, medial part, layer 2/3,Prelimbic area, layer 2/3","Frontal pole, layer 2/3",11.23076923076923,5.666666666666667,regions_1,regions_2,,,56,7,159,100,0.0,0.0,sample_2_C57BL6J-1.028_layer 2.3_006 L4.5 IT CTX Glut_merged_regions_table_cell_id.txt,sample_2_C57BL6J-1.028_layer 2.3_046 Vip Gaba_merged_regions_table_cell_id.txt
C57BL6J-1.028,layer 2/3,layer 2/3,layer 2/3,006 L4/5 IT CTX Glut,047 Sncg Gaba,146,13,242,36,"Frontal pole, layer 2/3,Orbital area, ventrolateral part, layer 2/3,Orbital area, medial part, layer 2/3,Prelimbic area, layer 2/3","Frontal pole, layer 2/3,Secondary motor area, layer 2/3",11.23076923076923,6.722222222222222,regions_1,regions_1,,,56,5,159,278,0.0,0.0,sample_2_C57BL6J-1.028_layer 2.3_006 L4.5 IT CTX Glut_merged_regions_table_cell_id.txt,sample_2_C57BL6J-1.028_layer 2.3_047 Sncg Gaba_merged_regions_table_cell_id.txt
C57BL6J-1.028,layer 2/3,layer 2/3,layer 2/3,006 L4/5 IT CTX Glut,049 Lamp5 Gaba,146,13,218,23,"Frontal pole, layer 2/3,Orbital area, ventrolateral part, layer 2/3,Orbital area, medial part, layer 2/3,Prelimbic area, layer 2/3","Frontal pole, layer 2/3,Secondary motor area, layer 2/3,Prelimbic area, layer 2/3",11.23076923076923,9.478260869565217,regions_1,regions_1,,,56,5,159,241,0.3710691823899371,0.24481327800829875,sample_2_C57BL6J-1.028_layer 2.3_006 L4.5 IT CTX Glut_merged_regions_table_cell_id.txt,sample_2_C57BL6J-1.028_layer 2.3_049 Lamp5 Gaba_merged_regions_table_cell_id.txt
C57BL6J-1.028,layer 2/3,layer 2/3,layer 2/3,006 L4/5 IT CTX Glut,049 Lamp5 Gaba,146,13,27,2,"Frontal pole, layer 2/3,Orbital area, ventrolateral part, layer 2/3,Orbital area, medial part, layer 2/3,Prelimbic area, layer 2/3","Frontal pole, layer 2/3,Secondary motor area, layer 2/3",11.23076923076923,13.5,regions_1,regions_2,,,56,2,159,29,0.0,0.0,sample_2_C57BL6J-1.028_layer 2.3_006 L4.5 IT CTX Glut_merged_regions_table_cell_id.txt,sample_2_C57BL6J-1.028_layer 2.3_049 Lamp5 Gaba_merged_regions_table_cell_id.txt
C57BL6J-1.028,layer 2/3,layer 2/3,layer 2/3,006 L4/5 IT CTX Glut,051 Pvalb chandelier Gaba,146,13,118,17,"Frontal pole, layer 2/3,Orbital area, ventrolateral part, layer 2/3,Orbital area, medial part, layer 2/3,Prelimbic area, layer 2/3","Frontal pole, layer 2/3,Secondary motor area, layer 2/3,Prelimbic area, layer 2/3",11.23076923076923,6.9411764705882355,regions_1,regions_1,,,56,2,159,135,0.05660377358490566,0.06666666666666667,sample_2_C57BL6J-1.028_layer 2.3_006 L4.5 IT CTX Glut_merged_regions_table_cell_id.txt,sample_2_C57BL6J-1.028_layer 2.3_051 Pvalb chandelier Gaba_merged_regions_table_cell_id.txt
C57BL6J-1.028,layer 2/3,layer 2/3,layer 2/3,006 L4/5 IT CTX Glut,052 Pvalb Gaba,146,13,359,49,"Frontal pole, layer 2/3,Orbital area, ventrolateral part, layer 2/3,Orbital area, medial part, layer 2/3,Prelimbic area, layer 2/3","Frontal pole, layer 2/3,Secondary motor area, layer 2/3",11.23076923076923,7.326530612244898,regions_1,regions_1,,,56,17,159,408,0.0,0.0,sample_2_C57BL6J-1.028_layer 2.3_006 L4.5 IT CTX Glut_merged_regions_table_cell_id.txt,sample_2_C57BL6J-1.028_layer 2.3_052 Pvalb Gaba_merged_regions_table_cell_id.txt
C57BL6J-1.028,layer 2/3,layer 2/3,layer 2/3,006 L4/5 IT CTX Glut,053 Sst Gaba,146,13,164,20,"Frontal pole, layer 2/3,Orbital area, ventrolateral part, layer 2/3,Orbital area, medial part, layer 2/3,Prelimbic area, layer 2/3","Frontal pole, layer 2/3,Orbital area, ventrolateral part, layer 2/3,Prelimbic area, layer 2/3,Orbital area, medial part, layer 2/3",11.23076923076923,8.2,regions_1,regions_1,,,56,9,159,184,0.7421383647798742,0.6413043478260869,sample_2_C57BL6J-1.028_layer 2.3_006 L4.5 IT CTX Glut_merged_regions_table_cell_id.txt,sample_2_C57BL6J-1.028_layer 2.3_053 Sst Gaba_merged_regions_table_cell_id.txt
C57BL6J-1.028,layer 2/3,layer 2/3,layer 2/3,006 L4/5 IT CTX Glut,053 Sst Gaba,146,13,158,30,"Frontal pole, layer 2/3,Orbital area, ventrolateral part, layer 2/3,Orbital area, medial part, layer 2/3,Prelimbic area, layer 2/3","Frontal pole, layer 2/3,Secondary motor area, layer 2/3",11.23076923076923,5.266666666666667,regions_1,regions_2,,,56,8,159,188,0.0,0.0,sample_2_C57BL6J-1.028_layer 2.3_006 L4.5 IT CTX Glut_merged_regions_table_cell_id.txt,sample_2_C57BL6J-1.028_layer 2.3_053 Sst Gaba_merged_regions_table_cell_id.txt
C57BL6J-1.028,layer 2/3,layer 2/3,layer 2/3,007 L2/3 IT CTX Glut,046 Vip Gaba,390,31,140,19,"Frontal pole, layer 2/3,Orbital area, ventrolateral part, layer 2/3,Prelimbic area, layer 2/3,Orbital area, lateral part, layer 2/3,Orbital area, medial part, layer 2/3","Prelimbic area, layer 2/3,Frontal pole, layer 2/3,Orbital area, medial part, layer 2/3",12.580645161290322,7.368421052631579,regions_1,regions_1,,,280,9,421,159,0.24228028503562946,0.6415094339622641,sample_2_C57BL6J-1.028_layer 2.3_007 L2.3 IT CTX Glut_merged_regions_table_cell_id.txt,sample_2_C57BL6J-1.028_layer 2.3_046 Vip Gaba_merged_regions_table_cell_id.txt
C57BL6J-1.028,layer 2/3,layer 2/3,layer 2/3,007 L2/3 IT CTX Glut,046 Vip Gaba,390,31,85,15,"Frontal pole, layer 2/3,Orbital area, ventrolateral part, layer 2/3,Prelimbic area, layer 2/3,Orbital area, lateral part, layer 2/3,Orbital area, medial part, layer 2/3","Frontal pole, layer 2/3",12.580645161290322,5.666666666666667,regions_1,regions_2,,,280,7,421,100,0.14489311163895488,0.61,sample_2_C57BL6J-1.028_layer 2.3_007 L2.3 IT CTX Glut_merged_regions_table_cell_id.txt,sample_2_C57BL6J-1.028_layer 2.3_046 Vip Gaba_merged_regions_table_cell_id.txt
C57BL6J-1.028,layer 2/3,layer 2/3,layer 2/3,007 L2/3 IT CTX Glut,047 Sncg Gaba,390,31,242,36,"Frontal pole, layer 2/3,Orbital area, ventrolateral part, layer 2/3,Prelimbic area, layer 2/3,Orbital area, lateral part, layer 2/3,Orbital area, medial part, layer 2/3","Frontal pole, layer 2/3,Secondary motor area, layer 2/3",12.580645161290322,6.722222222222222,regions_1,regions_1,,,280,5,421,278,0.22565320665083136,0.34172661870503596,sample_2_C57BL6J-1.028_layer 2.3_007 L2.3 IT CTX Glut_merged_regions_table_cell_id.txt,sample_2_C57BL6J-1.028_layer 2.3_047 Sncg Gaba_merged_regions_table_cell_id.txt
C57BL6J-1.028,layer 2/3,layer 2/3,layer 2/3,007 L2/3 IT CTX Glut,049 Lamp5 Gaba,390,31,218,23,"Frontal pole, layer 2/3,Orbital area, ventrolateral part, layer 2/3,Prelimbic area, layer 2/3,Orbital area, lateral part, layer 2/3,Orbital area, medial part, layer 2/3","Frontal pole, layer 2/3,Secondary motor area, layer 2/3,Prelimbic area, layer 2/3",12.580645161290322,9.478260869565217,regions_1,regions_1,,,280,5,421,241,0.2517814726840855,0.43983402489626555,sample_2_C57BL6J-1.028_layer 2.3_007 L2.3 IT CTX Glut_merged_regions_table_cell_id.txt,sample_2_C57BL6J-1.028_layer 2.3_049 Lamp5 Gaba_merged_regions_table_cell_id.txt
C57BL6J-1.028,layer 2/3,layer 2/3,layer 2/3,007 L2/3 IT CTX Glut,049 Lamp5 Gaba,390,31,27,2,"Frontal pole, layer 2/3,Orbital area, ventrolateral part, layer 2/3,Prelimbic area, layer 2/3,Orbital area, lateral part, layer 2/3,Orbital area, medial part, layer 2/3","Frontal pole, layer 2/3,Secondary motor area, layer 2/3",12.580645161290322,13.5,regions_1,regions_2,,,280,2,421,29,0.0332541567695962,0.4827586206896552,sample_2_C57BL6J-1.028_layer 2.3_007 L2.3 IT CTX Glut_merged_regions_table_cell_id.txt,sample_2_C57BL6J-1.028_layer 2.3_049 Lamp5 Gaba_merged_regions_table_cell_id.txt
C57BL6J-1.028,layer 2/3,layer 2/3,layer 2/3,007 L2/3 IT CTX Glut,051 Pvalb chandelier Gaba,390,31,118,17,"Frontal pole, layer 2/3,Orbital area, ventrolateral part, layer 2/3,Prelimbic area, layer 2/3,Orbital area, lateral part, layer 2/3,Orbital area, medial part, layer 2/3","Frontal pole, layer 2/3,Secondary motor area, layer 2/3,Prelimbic area, layer 2/3",12.580645161290322,6.9411764705882355,regions_1,regions_1,,,280,2,421,135,0.0332541567695962,0.1037037037037037,sample_2_C57BL6J-1.028_layer 2.3_007 L2.3 IT CTX Glut_merged_regions_table_cell_id.txt,sample_2_C57BL6J-1.028_layer 2.3_051 Pvalb chandelier Gaba_merged_regions_table_cell_id.txt
C57BL6J-1.028,layer 2/3,layer 2/3,layer 2/3,007 L2/3 IT CTX Glut,052 Pvalb Gaba,390,31,359,49,"Frontal pole, layer 2/3,Orbital area, ventrolateral part, layer 2/3,Prelimbic area, layer 2/3,Orbital area, lateral part, layer 2/3,Orbital area, medial part, layer 2/3","Frontal pole, layer 2/3,Secondary motor area, layer 2/3",12.580645161290322,7.326530612244898,regions_1,regions_1,,,280,17,421,408,0.3752969121140142,0.3872549019607843,sample_2_C57BL6J-1.028_layer 2.3_007 L2.3 IT CTX Glut_merged_regions_table_cell_id.txt,sample_2_C57BL6J-1.028_layer 2.3_052 Pvalb Gaba_merged_regions_table_cell_id.txt
C57BL6J-1.028,layer 2/3,layer 2/3,layer 2/3,007 L2/3 IT CTX Glut,053 Sst Gaba,390,31,164,20,"Frontal pole, layer 2/3,Orbital area, ventrolateral part, layer 2/3,Prelimbic area, layer 2/3,Orbital area, lateral part, layer 2/3,Orbital area, medial part, layer 2/3","Frontal pole, layer 2/3,Orbital area, ventrolateral part, layer 2/3,Prelimbic area, layer 2/3,Orbital area, medial part, layer 2/3",12.580645161290322,8.2,regions_1,regions_1,,,280,9,421,184,0.36104513064133015,0.8260869565217391,sample_2_C57BL6J-1.028_layer 2.3_007 L2.3 IT CTX Glut_merged_regions_table_cell_id.txt,sample_2_C57BL6J-1.028_layer 2.3_053 Sst Gaba_merged_regions_table_cell_id.txt
C57BL6J-1.028,layer 2/3,layer 2/3,layer 2/3,007 L2/3 IT CTX Glut,053 Sst Gaba,390,31,158,30,"Frontal pole, layer 2/3,Orbital area, ventrolateral part, layer 2/3,Prelimbic area, layer 2/3,Orbital area, lateral part, layer 2/3,Orbital area, medial part, layer 2/3","Frontal pole, layer 2/3,Secondary motor area, layer 2/3",12.580645161290322,5.266666666666667,regions_1,regions_2,,,280,8,421,188,0.09026128266033254,0.20212765957446807,sample_2_C57BL6J-1.028_layer 2.3_007 L2.3 IT CTX Glut_merged_regions_table_cell_id.txt,sample_2_C57BL6J-1.028_layer 2.3_053 Sst Gaba_merged_regions_table_cell_id.txt
C57BL6J-1.028,layer 2/3,layer 2/3,layer 2/3,046 Vip Gaba,046 Vip Gaba,140,19,85,15,"Prelimbic area, layer 2/3,Frontal pole, layer 2/3,Orbital area, medial part, layer 2/3","Frontal pole, layer 2/3",7.368421052631579,5.666666666666667,regions_1,regions_2,,,9,7,159,100,0.0,0.0,sample_2_C57BL6J-1.028_layer 2.3_046 Vip Gaba_merged_regions_table_cell_id.txt,sample_2_C57BL6J-1.028_layer 2.3_046 Vip Gaba_merged_regions_table_cell_id.txt
C57BL6J-1.028,layer 2/3,layer 2/3,layer 2/3,046 Vip Gaba,047 Sncg Gaba,140,19,242,36,"Prelimbic area, layer 2/3,Frontal pole, layer 2/3,Orbital area, medial part, layer 2/3","Frontal pole, layer 2/3,Secondary motor area, layer 2/3",7.368421052631579,6.722222222222222,regions_1,regions_1,,,9,5,159,278,0.0,0.0,sample_2_C57BL6J-1.028_layer 2.3_046 Vip Gaba_merged_regions_table_cell_id.txt,sample_2_C57BL6J-1.028_layer 2.3_047 Sncg Gaba_merged_regions_table_cell_id.txt
C57BL6J-1.028,layer 2/3,layer 2/3,layer 2/3,046 Vip Gaba,049 Lamp5 Gaba,140,19,218,23,"Prelimbic area, layer 2/3,Frontal pole, layer 2/3,Orbital area, medial part, layer 2/3","Frontal pole, layer 2/3,Secondary motor area, layer 2/3,Prelimbic area, layer 2/3",7.368421052631579,9.478260869565217,regions_1,regions_1,,,9,5,159,241,0.6037735849056604,0.3983402489626556,sample_2_C57BL6J-1.028_layer 2.3_046 Vip Gaba_merged_regions_table_cell_id.txt,sample_2_C57BL6J-1.028_layer 2.3_049 Lamp5 Gaba_merged_regions_table_cell_id.txt
C57BL6J-1.028,layer 2/3,layer 2/3,layer 2/3,046 Vip Gaba,049 Lamp5 Gaba,140,19,27,2,"Prelimbic area, layer 2/3,Frontal pole, layer 2/3,Orbital area, medial part, layer 2/3","Frontal pole, layer 2/3,Secondary motor area, layer 2/3",7.368421052631579,13.5,regions_1,regions_2,,,9,2,159,29,0.0,0.0,sample_2_C57BL6J-1.028_layer 2.3_046 Vip Gaba_merged_regions_table_cell_id.txt,sample_2_C57BL6J-1.028_layer 2.3_049 Lamp5 Gaba_merged_regions_table_cell_id.txt
C57BL6J-1.028,layer 2/3,layer 2/3,layer 2/3,046 Vip Gaba,051 Pvalb chandelier Gaba,140,19,118,17,"Prelimbic area, layer 2/3,Frontal pole, layer 2/3,Orbital area, medial part, layer 2/3","Frontal pole, layer 2/3,Secondary motor area, layer 2/3,Prelimbic area, layer 2/3",7.368421052631579,6.9411764705882355,regions_1,regions_1,,,9,2,159,135,0.14465408805031446,0.17037037037037037,sample_2_C57BL6J-1.028_layer 2.3_046 Vip Gaba_merged_regions_table_cell_id.txt,sample_2_C57BL6J-1.028_layer 2.3_051 Pvalb chandelier Gaba_merged_regions_table_cell_id.txt
C57BL6J-1.028,layer 2/3,layer 2/3,layer 2/3,046 Vip Gaba,052 Pvalb Gaba,140,19,359,49,"Prelimbic area, layer 2/3,Frontal pole, layer 2/3,Orbital area, medial part, layer 2/3","Frontal pole, layer 2/3,Secondary motor area, layer 2/3",7.368421052631579,7.326530612244898,regions_1,regions_1,,,9,17,159,408,0.0,0.0,sample_2_C57BL6J-1.028_layer 2.3_046 Vip Gaba_merged_regions_table_cell_id.txt,sample_2_C57BL6J-1.028_layer 2.3_052 Pvalb Gaba_merged_regions_table_cell_id.txt
C57BL6J-1.028,layer 2/3,layer 2/3,layer 2/3,046 Vip Gaba,053 Sst Gaba,140,19,164,20,"Prelimbic area, layer 2/3,Frontal pole, layer 2/3,Orbital area, medial part, layer 2/3","Frontal pole, layer 2/3,Orbital area, ventrolateral part, layer 2/3,Prelimbic area, layer 2/3,Orbital area, medial part, layer 2/3",7.368421052631579,8.2,regions_1,regions_1,,,9,9,159,184,0.7987421383647799,0.6902173913043478,sample_2_C57BL6J-1.028_layer 2.3_046 Vip Gaba_merged_regions_table_cell_id.txt,sample_2_C57BL6J-1.028_layer 2.3_053 Sst Gaba_merged_regions_table_cell_id.txt
C57BL6J-1.028,layer 2/3,layer 2/3,layer 2/3,046 Vip Gaba,053 Sst Gaba,140,19,158,30,"Prelimbic area, layer 2/3,Frontal pole, layer 2/3,Orbital area, medial part, layer 2/3","Frontal pole, layer 2/3,Secondary motor area, layer 2/3",7.368421052631579,5.266666666666667,regions_1,regions_2,,,9,8,159,188,0.0,0.0,sample_2_C57BL6J-1.028_layer 2.3_046 Vip Gaba_merged_regions_table_cell_id.txt,sample_2_C57BL6J-1.028_layer 2.3_053 Sst Gaba_merged_regions_table_cell_id.txt
C57BL6J-1.028,layer 2/3,layer 2/3,layer 2/3,046 Vip Gaba,047 Sncg Gaba,85,15,242,36,"Frontal pole, layer 2/3","Frontal pole, layer 2/3,Secondary motor area, layer 2/3",5.666666666666667,6.722222222222222,regions_2,regions_1,,,7,5,100,278,0.84,0.302158273381295,sample_2_C57BL6J-1.028_layer 2.3_046 Vip Gaba_merged_regions_table_cell_id.txt,sample_2_C57BL6J-1.028_layer 2.3_047 Sncg Gaba_merged_regions_table_cell_id.txt
C57BL6J-1.028,layer 2/3,layer 2/3,layer 2/3,046 Vip Gaba,049 Lamp5 Gaba,85,15,218,23,"Frontal pole, layer 2/3","Frontal pole, layer 2/3,Secondary motor area, layer 2/3,Prelimbic area, layer 2/3",5.666666666666667,9.478260869565217,regions_2,regions_1,,,7,5,100,241,0.0,0.0,sample_2_C57BL6J-1.028_layer 2.3_046 Vip Gaba_merged_regions_table_cell_id.txt,sample_2_C57BL6J-1.028_layer 2.3_049 Lamp5 Gaba_merged_regions_table_cell_id.txt
C57BL6J-1.028,layer 2/3,layer 2/3,layer 2/3,046 Vip Gaba,049 Lamp5 Gaba,85,15,27,2,"Frontal pole, layer 2/3","Frontal pole, layer 2/3,Secondary motor area, layer 2/3",5.666666666666667,13.5,regions_2,regions_2,,,7,2,100,29,0.0,0.0,sample_2_C57BL6J-1.028_layer 2.3_046 Vip Gaba_merged_regions_table_cell_id.txt,sample_2_C57BL6J-1.028_layer 2.3_049 Lamp5 Gaba_merged_regions_table_cell_id.txt
C57BL6J-1.028,layer 2/3,layer 2/3,layer 2/3,046 Vip Gaba,051 Pvalb chandelier Gaba,85,15,118,17,"Frontal pole, layer 2/3","Frontal pole, layer 2/3,Secondary motor area, layer 2/3,Prelimbic area, layer 2/3",5.666666666666667,6.9411764705882355,regions_2,regions_1,,,7,2,100,135,0.0,0.0,sample_2_C57BL6J-1.028_layer 2.3_046 Vip Gaba_merged_regions_table_cell_id.txt,sample_2_C57BL6J-1.028_layer 2.3_051 Pvalb chandelier Gaba_merged_regions_table_cell_id.txt
C57BL6J-1.028,layer 2/3,layer 2/3,layer 2/3,046 Vip Gaba,052 Pvalb Gaba,85,15,359,49,"Frontal pole, layer 2/3","Frontal pole, layer 2/3,Secondary motor area, layer 2/3",5.666666666666667,7.326530612244898,regions_2,regions_1,,,7,17,100,408,0.85,0.20833333333333334,sample_2_C57BL6J-1.028_layer 2.3_046 Vip Gaba_merged_regions_table_cell_id.txt,sample_2_C57BL6J-1.028_layer 2.3_052 Pvalb Gaba_merged_regions_table_cell_id.txt
C57BL6J-1.028,layer 2/3,layer 2/3,layer 2/3,046 Vip Gaba,053 Sst Gaba,85,15,164,20,"Frontal pole, layer 2/3","Frontal pole, layer 2/3,Orbital area, ventrolateral part, layer 2/3,Prelimbic area, layer 2/3,Orbital area, medial part, layer 2/3",5.666666666666667,8.2,regions_2,regions_1,,,7,9,100,184,0.0,0.0,sample_2_C57BL6J-1.028_layer 2.3_046 Vip Gaba_merged_regions_table_cell_id.txt,sample_2_C57BL6J-1.028_layer 2.3_053 Sst Gaba_merged_regions_table_cell_id.txt
C57BL6J-1.028,layer 2/3,layer 2/3,layer 2/3,046 Vip Gaba,053 Sst Gaba,85,15,158,30,"Frontal pole, layer 2/3","Frontal pole, layer 2/3,Secondary motor area, layer 2/3",5.666666666666667,5.266666666666667,regions_2,regions_2,,,7,8,100,188,0.64,0.3404255319148936,sample_2_C57BL6J-1.028_layer 2.3_046 Vip Gaba_merged_regions_table_cell_id.txt,sample_2_C57BL6J-1.028_layer 2.3_053 Sst Gaba_merged_regions_table_cell_id.txt
C57BL6J-1.028,layer 2/3,layer 2/3,layer 2/3,047 Sncg Gaba,049 Lamp5 Gaba,242,36,218,23,"Frontal pole, layer 2/3,Secondary motor area, layer 2/3","Frontal pole, layer 2/3,Secondary motor area, layer 2/3,Prelimbic area, layer 2/3",6.722222222222222,9.478260869565217,regions_1,regions_1,,,5,5,278,241,0.017985611510791366,0.02074688796680498,sample_2_C57BL6J-1.028_layer 2.3_047 Sncg Gaba_merged_regions_table_cell_id.txt,sample_2_C57BL6J-1.028_layer 2.3_049 Lamp5 Gaba_merged_regions_table_cell_id.txt
C57BL6J-1.028,layer 2/3,layer 2/3,layer 2/3,047 Sncg Gaba,049 Lamp5 Gaba,242,36,27,2,"Frontal pole, layer 2/3,Secondary motor area, layer 2/3","Frontal pole, layer 2/3,Secondary motor area, layer 2/3",6.722222222222222,13.5,regions_1,regions_2,,,5,2,278,29,0.07194244604316546,0.6896551724137931,sample_2_C57BL6J-1.028_layer 2.3_047 Sncg Gaba_merged_regions_table_cell_id.txt,sample_2_C57BL6J-1.028_layer 2.3_049 Lamp5 Gaba_merged_regions_table_cell_id.txt
C57BL6J-1.028,layer 2/3,layer 2/3,layer 2/3,047 Sncg Gaba,051 Pvalb chandelier Gaba,242,36,118,17,"Frontal pole, layer 2/3,Secondary motor area, layer 2/3","Frontal pole, layer 2/3,Secondary motor area, layer 2/3,Prelimbic area, layer 2/3",6.722222222222222,6.9411764705882355,regions_1,regions_1,,,5,2,278,135,0.04316546762589928,0.08888888888888889,sample_2_C57BL6J-1.028_layer 2.3_047 Sncg Gaba_merged_regions_table_cell_id.txt,sample_2_C57BL6J-1.028_layer 2.3_051 Pvalb chandelier Gaba_merged_regions_table_cell_id.txt
C57BL6J-1.028,layer 2/3,layer 2/3,layer 2/3,047 Sncg Gaba,052 Pvalb Gaba,242,36,359,49,"Frontal pole, layer 2/3,Secondary motor area, layer 2/3","Frontal pole, layer 2/3,Secondary motor area, layer 2/3",6.722222222222222,7.326530612244898,regions_1,regions_1,,,5,17,278,408,0.8992805755395683,0.6127450980392157,sample_2_C57BL6J-1.028_layer 2.3_047 Sncg Gaba_merged_regions_table_cell_id.txt,sample_2_C57BL6J-1.028_layer 2.3_052 Pvalb Gaba_merged_regions_table_cell_id.txt
C57BL6J-1.028,layer 2/3,layer 2/3,layer 2/3,047 Sncg Gaba,053 Sst Gaba,242,36,164,20,"Frontal pole, layer 2/3,Secondary motor area, layer 2/3","Frontal pole, layer 2/3,Orbital area, ventrolateral part, layer 2/3,Prelimbic area, layer 2/3,Orbital area, medial part, layer 2/3",6.722222222222222,8.2,regions_1,regions_1,,,5,9,278,184,0.0,0.0,sample_2_C57BL6J-1.028_layer 2.3_047 Sncg Gaba_merged_regions_table_cell_id.txt,sample_2_C57BL6J-1.028_layer 2.3_053 Sst Gaba_merged_regions_table_cell_id.txt
C57BL6J-1.028,layer 2/3,layer 2/3,layer 2/3,047 Sncg Gaba,053 Sst Gaba,242,36,158,30,"Frontal pole, layer 2/3,Secondary motor area, layer 2/3","Frontal pole, layer 2/3,Secondary motor area, layer 2/3",6.722222222222222,5.266666666666667,regions_1,regions_2,,,5,8,278,188,0.6258992805755396,0.925531914893617,sample_2_C57BL6J-1.028_layer 2.3_047 Sncg Gaba_merged_regions_table_cell_id.txt,sample_2_C57BL6J-1.028_layer 2.3_053 Sst Gaba_merged_regions_table_cell_id.txt
C57BL6J-1.028,layer 2/3,layer 2/3,layer 2/3,049 Lamp5 Gaba,049 Lamp5 Gaba,218,23,27,2,"Frontal pole, layer 2/3,Secondary motor area, layer 2/3,Prelimbic area, layer 2/3","Frontal pole, layer 2/3,Secondary motor area, layer 2/3",9.478260869565217,13.5,regions_1,regions_2,,,5,2,241,29,0.0,0.0,sample_2_C57BL6J-1.028_layer 2.3_049 Lamp5 Gaba_merged_regions_table_cell_id.txt,sample_2_C57BL6J-1.028_layer 2.3_049 Lamp5 Gaba_merged_regions_table_cell_id.txt
C57BL6J-1.028,layer 2/3,layer 2/3,layer 2/3,049 Lamp5 Gaba,051 Pvalb chandelier Gaba,218,23,118,17,"Frontal pole, layer 2/3,Secondary motor area, layer 2/3,Prelimbic area, layer 2/3","Frontal pole, layer 2/3,Secondary motor area, layer 2/3,Prelimbic area, layer 2/3",9.478260869565217,6.9411764705882355,regions_1,regions_1,,,5,2,241,135,0.4854771784232365,0.8666666666666667,sample_2_C57BL6J-1.028_layer 2.3_049 Lamp5 Gaba_merged_regions_table_cell_id.txt,sample_2_C57BL6J-1.028_layer 2.3_051 Pvalb chandelier Gaba_merged_regions_table_cell_id.txt
C57BL6J-1.028,layer 2/3,layer 2/3,layer 2/3,049 Lamp5 Gaba,052 Pvalb Gaba,218,23,359,49,"Frontal pole, layer 2/3,Secondary motor area, layer 2/3,Prelimbic area, layer 2/3","Frontal pole, layer 2/3,Secondary motor area, layer 2/3",9.478260869565217,7.326530612244898,regions_1,regions_1,,,5,17,241,408,0.5062240663900415,0.29901960784313725,sample_2_C57BL6J-1.028_layer 2.3_049 Lamp5 Gaba_merged_regions_table_cell_id.txt,sample_2_C57BL6J-1.028_layer 2.3_052 Pvalb Gaba_merged_regions_table_cell_id.txt
C57BL6J-1.028,layer 2/3,layer 2/3,layer 2/3,049 Lamp5 Gaba,053 Sst Gaba,218,23,164,20,"Frontal pole, layer 2/3,Secondary motor area, layer 2/3,Prelimbic area, layer 2/3","Frontal pole, layer 2/3,Orbital area, ventrolateral part, layer 2/3,Prelimbic area, layer 2/3,Orbital area, medial part, layer 2/3",9.478260869565217,8.2,regions_1,regions_1,,,5,9,241,184,0.27800829875518673,0.3641304347826087,sample_2_C57BL6J-1.028_layer 2.3_049 Lamp5 Gaba_merged_regions_table_cell_id.txt,sample_2_C57BL6J-1.028_layer 2.3_053 Sst Gaba_merged_regions_table_cell_id.txt
C57BL6J-1.028,layer 2/3,layer 2/3,layer 2/3,049 Lamp5 Gaba,053 Sst Gaba,218,23,158,30,"Frontal pole, layer 2/3,Secondary motor area, layer 2/3,Prelimbic area, layer 2/3","Frontal pole, layer 2/3,Secondary motor area, layer 2/3",9.478260869565217,5.266666666666667,regions_1,regions_2,,,5,8,241,188,0.0,0.0,sample_2_C57BL6J-1.028_layer 2.3_049 Lamp5 Gaba_merged_regions_table_cell_id.txt,sample_2_C57BL6J-1.028_layer 2.3_053 Sst Gaba_merged_regions_table_cell_id.txt
C57BL6J-1.028,layer 2/3,layer 2/3,layer 2/3,049 Lamp5 Gaba,051 Pvalb chandelier Gaba,27,2,118,17,"Frontal pole, layer 2/3,Secondary motor area, layer 2/3","Frontal pole, layer 2/3,Secondary motor area, layer 2/3,Prelimbic area, layer 2/3",13.5,6.9411764705882355,regions_2,regions_1,,,2,2,29,135,0.0,0.0,sample_2_C57BL6J-1.028_layer 2.3_049 Lamp5 Gaba_merged_regions_table_cell_id.txt,sample_2_C57BL6J-1.028_layer 2.3_051 Pvalb chandelier Gaba_merged_regions_table_cell_id.txt
C57BL6J-1.028,layer 2/3,layer 2/3,layer 2/3,049 Lamp5 Gaba,052 Pvalb Gaba,27,2,359,49,"Frontal pole, layer 2/3,Secondary motor area, layer 2/3","Frontal pole, layer 2/3,Secondary motor area, layer 2/3",13.5,7.326530612244898,regions_2,regions_1,,,2,17,29,408,0.9655172413793104,0.06862745098039216,sample_2_C57BL6J-1.028_layer 2.3_049 Lamp5 Gaba_merged_regions_table_cell_id.txt,sample_2_C57BL6J-1.028_layer 2.3_052 Pvalb Gaba_merged_regions_table_cell_id.txt
C57BL6J-1.028,layer 2/3,layer 2/3,layer 2/3,049 Lamp5 Gaba,053 Sst Gaba,27,2,164,20,"Frontal pole, layer 2/3,Secondary motor area, layer 2/3","Frontal pole, layer 2/3,Orbital area, ventrolateral part, layer 2/3,Prelimbic area, layer 2/3,Orbital area, medial part, layer 2/3",13.5,8.2,regions_2,regions_1,,,2,9,29,184,0.0,0.0,sample_2_C57BL6J-1.028_layer 2.3_049 Lamp5 Gaba_merged_regions_table_cell_id.txt,sample_2_C57BL6J-1.028_layer 2.3_053 Sst Gaba_merged_regions_table_cell_id.txt
C57BL6J-1.028,layer 2/3,layer 2/3,layer 2/3,049 Lamp5 Gaba,053 Sst Gaba,27,2,158,30,"Frontal pole, layer 2/3,Secondary motor area, layer 2/3","Frontal pole, layer 2/3,Secondary motor area, layer 2/3",13.5,5.266666666666667,regions_2,regions_2,,,2,8,29,188,0.0,0.0,sample_2_C57BL6J-1.028_layer 2.3_049 Lamp5 Gaba_merged_regions_table_cell_id.txt,sample_2_C57BL6J-1.028_layer 2.3_053 Sst Gaba_merged_regions_table_cell_id.txt
C57BL6J-1.028,layer 2/3,layer 2/3,layer 2/3,051 Pvalb chandelier Gaba,052 Pvalb Gaba,118,17,359,49,"Frontal pole, layer 2/3,Secondary motor area, layer 2/3,Prelimbic area, layer 2/3","Frontal pole, layer 2/3,Secondary motor area, layer 2/3",6.9411764705882355,7.326530612244898,regions_1,regions_1,,,2,17,135,408,0.7925925925925926,0.2622549019607843,sample_2_C57BL6J-1.028_layer 2.3_051 Pvalb chandelier Gaba_merged_regions_table_cell_id.txt,sample_2_C57BL6J-1.028_layer 2.3_052 Pvalb Gaba_merged_regions_table_cell_id.txt
C57BL6J-1.028,layer 2/3,layer 2/3,layer 2/3,051 Pvalb chandelier Gaba,053 Sst Gaba,118,17,164,20,"Frontal pole, layer 2/3,Secondary motor area, layer 2/3,Prelimbic area, layer 2/3","Frontal pole, layer 2/3,Orbital area, ventrolateral part, layer 2/3,Prelimbic area, layer 2/3,Orbital area, medial part, layer 2/3",6.9411764705882355,8.2,regions_1,regions_1,,,2,9,135,184,0.02962962962962963,0.021739130434782608,sample_2_C57BL6J-1.028_layer 2.3_051 Pvalb chandelier Gaba_merged_regions_table_cell_id.txt,sample_2_C57BL6J-1.028_layer 2.3_053 Sst Gaba_merged_regions_table_cell_id.txt
C57BL6J-1.028,layer 2/3,layer 2/3,layer 2/3,051 Pvalb chandelier Gaba,053 Sst Gaba,118,17,158,30,"Frontal pole, layer 2/3,Secondary motor area, layer 2/3,Prelimbic area, layer 2/3","Frontal pole, layer 2/3,Secondary motor area, layer 2/3",6.9411764705882355,5.266666666666667,regions_1,regions_2,,,2,8,135,188,0.0,0.0,sample_2_C57BL6J-1.028_layer 2.3_051 Pvalb chandelier Gaba_merged_regions_table_cell_id.txt,sample_2_C57BL6J-1.028_layer 2.3_053 Sst Gaba_merged_regions_table_cell_id.txt
C57BL6J-1.028,layer 2/3,layer 2/3,layer 2/3,052 Pvalb Gaba,053 Sst Gaba,359,49,164,20,"Frontal pole, layer 2/3,Secondary motor area, layer 2/3","Frontal pole, layer 2/3,Orbital area, ventrolateral part, layer 2/3,Prelimbic area, layer 2/3,Orbital area, medial part, layer 2/3",7.326530612244898,8.2,regions_1,regions_1,,,17,9,408,184,0.0,0.0,sample_2_C57BL6J-1.028_layer 2.3_052 Pvalb Gaba_merged_regions_table_cell_id.txt,sample_2_C57BL6J-1.028_layer 2.3_053 Sst Gaba_merged_regions_table_cell_id.txt
C57BL6J-1.028,layer 2/3,layer 2/3,layer 2/3,052 Pvalb Gaba,053 Sst Gaba,359,49,158,30,"Frontal pole, layer 2/3,Secondary motor area, layer 2/3","Frontal pole, layer 2/3,Secondary motor area, layer 2/3",7.326530612244898,5.266666666666667,regions_1,regions_2,,,17,8,408,188,0.38235294117647056,0.8297872340425532,sample_2_C57BL6J-1.028_layer 2.3_052 Pvalb Gaba_merged_regions_table_cell_id.txt,sample_2_C57BL6J-1.028_layer 2.3_053 Sst Gaba_merged_regions_table_cell_id.txt
C57BL6J-1.028,layer 2/3,layer 2/3,layer 2/3,053 Sst Gaba,053 Sst Gaba,164,20,158,30,"Frontal pole, layer 2/3,Orbital area, ventrolateral part, layer 2/3,Prelimbic area, layer 2/3,Orbital area, medial part, layer 2/3","Frontal pole, layer 2/3,Secondary motor area, layer 2/3",8.2,5.266666666666667,regions_1,regions_2,,,9,8,184,188,0.0,0.0,sample_2_C57BL6J-1.028_layer 2.3_053 Sst Gaba_merged_regions_table_cell_id.txt,sample_2_C57BL6J-1.028_layer 2.3_053 Sst Gaba_merged_regions_table_cell_id.txt
C57BL6J-1.029,layer 1,layer 1,layer 1,007 L2/3 IT CTX Glut,007 L2/3 IT CTX Glut,28,12,11,1,"Prelimbic area, layer 1,Orbital area, medial part, layer 1,Secondary motor area, layer 1,Orbital area, ventrolateral part, layer 1","Secondary motor area, layer 1",2.3333333333333335,11.0,regions_1,regions_2,,,28,11,40,12,0.0,0.0,sample_2_C57BL6J-1.029_layer 1_007 L2.3 IT CTX Glut_merged_regions_table_cell_id.txt,sample_2_C57BL6J-1.029_layer 1_007 L2.3 IT CTX Glut_merged_regions_table_cell_id.txt
C57BL6J-1.029,layer 1,layer 1,layer 1,007 L2/3 IT CTX Glut,046 Vip Gaba,28,12,9,6,"Prelimbic area, layer 1,Orbital area, medial part, layer 1,Secondary motor area, layer 1,Orbital area, ventrolateral part, layer 1","Secondary motor area, layer 1,Prelimbic area, layer 1",2.3333333333333335,1.5,regions_1,regions_1,,,28,2,40,15,0.375,1.0,sample_2_C57BL6J-1.029_layer 1_007 L2.3 IT CTX Glut_merged_regions_table_cell_id.txt,sample_2_C57BL6J-1.029_layer 1_046 Vip Gaba_merged_regions_table_cell_id.txt
C57BL6J-1.029,layer 1,layer 1,layer 1,007 L2/3 IT CTX Glut,046 Vip Gaba,28,12,8,8,"Prelimbic area, layer 1,Orbital area, medial part, layer 1,Secondary motor area, layer 1,Orbital area, ventrolateral part, layer 1","Orbital area, medial part, layer 1,Orbital area, ventrolateral part, layer 1",2.3333333333333335,1.0,regions_1,regions_2,,,28,2,40,16,0.325,0.8125,sample_2_C57BL6J-1.029_layer 1_007 L2.3 IT CTX Glut_merged_regions_table_cell_id.txt,sample_2_C57BL6J-1.029_layer 1_046 Vip Gaba_merged_regions_table_cell_id.txt
C57BL6J-1.029,layer 1,layer 1,layer 1,007 L2/3 IT CTX Glut,047 Sncg Gaba,28,12,2,3,"Prelimbic area, layer 1,Orbital area, medial part, layer 1,Secondary motor area, layer 1,Orbital area, ventrolateral part, layer 1","Prelimbic area, layer 1,Orbital area, medial part, layer 1",2.3333333333333335,0.6666666666666666,regions_1,regions_1,,,28,1,40,5,0.05,0.4,sample_2_C57BL6J-1.029_layer 1_007 L2.3 IT CTX Glut_merged_regions_table_cell_id.txt,sample_2_C57BL6J-1.029_layer 1_047 Sncg Gaba_merged_regions_table_cell_id.txt
C57BL6J-1.029,layer 1,layer 1,layer 1,007 L2/3 IT CTX Glut,047 Sncg Gaba,28,12,2,1,"Prelimbic area, layer 1,Orbital area, medial part, layer 1,Secondary motor area, layer 1,Orbital area, ventrolateral part, layer 1","Secondary motor area, layer 1",2.3333333333333335,2.0,regions_1,regions_2,,,28,1,40,3,0.0,0.0,sample_2_C57BL6J-1.029_layer 1_007 L2.3 IT CTX Glut_merged_regions_table_cell_id.txt,sample_2_C57BL6J-1.029_layer 1_047 Sncg Gaba_merged_regions_table_cell_id.txt
C57BL6J-1.029,layer 1,layer 1,layer 1,007 L2/3 IT CTX Glut,049 Lamp5 Gaba,28,12,8,9,"Prelimbic area, layer 1,Orbital area, medial part, layer 1,Secondary motor area, layer 1,Orbital area, ventrolateral part, layer 1","Orbital area, medial part, layer 1,Orbital area, ventrolateral part, layer 1",2.3333333333333335,0.8888888888888888,regions_1,regions_1,,,28,6,40,17,0.35,0.8235294117647058,sample_2_C57BL6J-1.029_layer 1_007 L2.3 IT CTX Glut_merged_regions_table_cell_id.txt,sample_2_C57BL6J-1.029_layer 1_049 Lamp5 Gaba_merged_regions_table_cell_id.txt
C57BL6J-1.029,layer 1,layer 1,layer 1,007 L2/3 IT CTX Glut,049 Lamp5 Gaba,28,12,3,7,"Prelimbic area, layer 1,Orbital area, medial part, layer 1,Secondary motor area, layer 1,Orbital area, ventrolateral part, layer 1","Orbital area, lateral part, layer 1,Orbital area, ventrolateral part, layer 1",2.3333333333333335,0.42857142857142855,regions_1,regions_2,,,28,4,40,10,0.0,0.0,sample_2_C57BL6J-1.029_layer 1_007 L2.3 IT CTX Glut_merged_regions_table_cell_id.txt,sample_2_C57BL6J-1.029_layer 1_049 Lamp5 Gaba_merged_regions_table_cell_id.txt
C57BL6J-1.029,layer 1,layer 1,layer 1,007 L2/3 IT CTX Glut,049 Lamp5 Gaba,28,12,6,6,"Prelimbic area, layer 1,Orbital area, medial part, layer 1,Secondary motor area, layer 1,Orbital area, ventrolateral part, layer 1","Agranular insular area, dorsal part, layer 1,Secondary motor area, layer 1",2.3333333333333335,1.0,regions_1,regions_3,,,28,6,40,12,0.0,0.0,sample_2_C57BL6J-1.029_layer 1_007 L2.3 IT CTX Glut_merged_regions_table_cell_id.txt,sample_2_C57BL6J-1.029_layer 1_049 Lamp5 Gaba_merged_regions_table_cell_id.txt
C57BL6J-1.029,layer 1,layer 1,layer 1,007 L2/3 IT CTX Glut,051 Pvalb chandelier Gaba,28,12,9,6,"Prelimbic area, layer 1,Orbital area, medial part, layer 1,Secondary motor area, layer 1,Orbital area, ventrolateral part, layer 1","Orbital area, medial part, layer 1,Prelimbic area, layer 1",2.3333333333333335,1.5,regions_1,regions_1,,,28,1,40,15,0.25,0.6666666666666666,sample_2_C57BL6J-1.029_layer 1_007 L2.3 IT CTX Glut_merged_regions_table_cell_id.txt,sample_2_C57BL6J-1.029_layer 1_051 Pvalb chandelier Gaba_merged_regions_table_cell_id.txt
C57BL6J-1.029,layer 1,layer 1,layer 1,007 L2/3 IT CTX Glut,052 Pvalb Gaba,28,12,4,7,"Prelimbic area, layer 1,Orbital area, medial part, layer 1,Secondary motor area, layer 1,Orbital area, ventrolateral part, layer 1","Orbital area, ventrolateral part, layer 1,Orbital area, lateral part, layer 1",2.3333333333333335,0.5714285714285714,regions_1,regions_1,,,28,1,40,11,0.0,0.0,sample_2_C57BL6J-1.029_layer 1_007 L2.3 IT CTX Glut_merged_regions_table_cell_id.txt,sample_2_C57BL6J-1.029_layer 1_052 Pvalb Gaba_merged_regions_table_cell_id.txt
C57BL6J-1.029,layer 1,layer 1,layer 1,007 L2/3 IT CTX Glut,053 Sst Gaba,28,12,8,9,"Prelimbic area, layer 1,Orbital area, medial part, layer 1,Secondary motor area, layer 1,Orbital area, ventrolateral part, layer 1","Orbital area, medial part, layer 1,Orbital area, ventrolateral part, layer 1",2.3333333333333335,0.8888888888888888,regions_1,regions_1,,,28,1,40,17,0.35,0.8235294117647058,sample_2_C57BL6J-1.029_layer 1_007 L2.3 IT CTX Glut_merged_regions_table_cell_id.txt,sample_2_C57BL6J-1.029_layer 1_053 Sst Gaba_merged_regions_table_cell_id.txt
C57BL6J-1.029,layer 1,layer 1,layer 1,007 L2/3 IT CTX Glut,046 Vip Gaba,11,1,9,6,"Secondary motor area, layer 1","Secondary motor area, layer 1,Prelimbic area, layer 1",11.0,1.5,regions_2,regions_1,,,11,2,12,15,0.0,0.0,sample_2_C57BL6J-1.029_layer 1_007 L2.3 IT CTX Glut_merged_regions_table_cell_id.txt,sample_2_C57BL6J-1.029_layer 1_046 Vip Gaba_merged_regions_table_cell_id.txt
C57BL6J-1.029,layer 1,layer 1,layer 1,007 L2/3 IT CTX Glut,046 Vip Gaba,11,1,8,8,"Secondary motor area, layer 1","Orbital area, medial part, layer 1,Orbital area, ventrolateral part, layer 1",11.0,1.0,regions_2,regions_2,,,11,2,12,16,0.0,0.0,sample_2_C57BL6J-1.029_layer 1_007 L2.3 IT CTX Glut_merged_regions_table_cell_id.txt,sample_2_C57BL6J-1.029_layer 1_046 Vip Gaba_merged_regions_table_cell_id.txt
C57BL6J-1.029,layer 1,layer 1,layer 1,007 L2/3 IT CTX Glut,047 Sncg Gaba,11,1,2,3,"Secondary motor area, layer 1","Prelimbic area, layer 1,Orbital area, medial part, layer 1",11.0,0.6666666666666666,regions_2,regions_1,,,11,1,12,5,0.0,0.0,sample_2_C57BL6J-1.029_layer 1_007 L2.3 IT CTX Glut_merged_regions_table_cell_id.txt,sample_2_C57BL6J-1.029_layer 1_047 Sncg Gaba_merged_regions_table_cell_id.txt
C57BL6J-1.029,layer 1,layer 1,layer 1,007 L2/3 IT CTX Glut,047 Sncg Gaba,11,1,2,1,"Secondary motor area, layer 1","Secondary motor area, layer 1",11.0,2.0,regions_2,regions_2,,,11,1,12,3,0.08333333333333333,0.3333333333333333,sample_2_C57BL6J-1.029_layer 1_007 L2.3 IT CTX Glut_merged_regions_table_cell_id.txt,sample_2_C57BL6J-1.029_layer 1_047 Sncg Gaba_merged_regions_table_cell_id.txt
C57BL6J-1.029,layer 1,layer 1,layer 1,007 L2/3 IT CTX Glut,049 Lamp5 Gaba,11,1,8,9,"Secondary motor area, layer 1","Orbital area, medial part, layer 1,Orbital area, ventrolateral part, layer 1",11.0,0.8888888888888888,regions_2,regions_1,,,11,6,12,17,0.0,0.0,sample_2_C57BL6J-1.029_layer 1_007 L2.3 IT CTX Glut_merged_regions_table_cell_id.txt,sample_2_C57BL6J-1.029_layer 1_049 Lamp5 Gaba_merged_regions_table_cell_id.txt
C57BL6J-1.029,layer 1,layer 1,layer 1,007 L2/3 IT CTX Glut,049 Lamp5 Gaba,11,1,3,7,"Secondary motor area, layer 1","Orbital area, lateral part, layer 1,Orbital area, ventrolateral part, layer 1",11.0,0.42857142857142855,regions_2,regions_2,,,11,4,12,10,0.0,0.0,sample_2_C57BL6J-1.029_layer 1_007 L2.3 IT CTX Glut_merged_regions_table_cell_id.txt,sample_2_C57BL6J-1.029_layer 1_049 Lamp5 Gaba_merged_regions_table_cell_id.txt
C57BL6J-1.029,layer 1,layer 1,layer 1,007 L2/3 IT CTX Glut,049 Lamp5 Gaba,11,1,6,6,"Secondary motor area, layer 1","Agranular insular area, dorsal part, layer 1,Secondary motor area, layer 1",11.0,1.0,regions_2,regions_3,,,11,6,12,12,0.0,0.0,sample_2_C57BL6J-1.029_layer 1_007 L2.3 IT CTX Glut_merged_regions_table_cell_id.txt,sample_2_C57BL6J-1.029_layer 1_049 Lamp5 Gaba_merged_regions_table_cell_id.txt
C57BL6J-1.029,layer 1,layer 1,layer 1,007 L2/3 IT CTX Glut,051 Pvalb chandelier Gaba,11,1,9,6,"Secondary motor area, layer 1","Orbital area, medial part, layer 1,Prelimbic area, layer 1",11.0,1.5,regions_2,regions_1,,,11,1,12,15,0.0,0.0,sample_2_C57BL6J-1.029_layer 1_007 L2.3 IT CTX Glut_merged_regions_table_cell_id.txt,sample_2_C57BL6J-1.029_layer 1_051 Pvalb chandelier Gaba_merged_regions_table_cell_id.txt
C57BL6J-1.029,layer 1,layer 1,layer 1,007 L2/3 IT CTX Glut,052 Pvalb Gaba,11,1,4,7,"Secondary motor area, layer 1","Orbital area, ventrolateral part, layer 1,Orbital area, lateral part, layer 1",11.0,0.5714285714285714,regions_2,regions_1,,,11,1,12,11,0.0,0.0,sample_2_C57BL6J-1.029_layer 1_007 L2.3 IT CTX Glut_merged_regions_table_cell_id.txt,sample_2_C57BL6J-1.029_layer 1_052 Pvalb Gaba_merged_regions_table_cell_id.txt
C57BL6J-1.029,layer 1,layer 1,layer 1,007 L2/3 IT CTX Glut,053 Sst Gaba,11,1,8,9,"Secondary motor area, layer 1","Orbital area, medial part, layer 1,Orbital area, ventrolateral part, layer 1",11.0,0.8888888888888888,regions_2,regions_1,,,11,1,12,17,0.0,0.0,sample_2_C57BL6J-1.029_layer 1_007 L2.3 IT CTX Glut_merged_regions_table_cell_id.txt,sample_2_C57BL6J-1.029_layer 1_053 Sst Gaba_merged_regions_table_cell_id.txt
C57BL6J-1.029,layer 1,layer 1,layer 1,046 Vip Gaba,046 Vip Gaba,9,6,8,8,"Secondary motor area, layer 1,Prelimbic area, layer 1","Orbital area, medial part, layer 1,Orbital area, ventrolateral part, layer 1",1.5,1.0,regions_1,regions_2,,,2,2,15,16,0.0,0.0,sample_2_C57BL6J-1.029_layer 1_046 Vip Gaba_merged_regions_table_cell_id.txt,sample_2_C57BL6J-1.029_layer 1_046 Vip Gaba_merged_regions_table_cell_id.txt
C57BL6J-1.029,layer 1,layer 1,layer 1,046 Vip Gaba,047 Sncg Gaba,9,6,2,3,"Secondary motor area, layer 1,Prelimbic area, layer 1","Prelimbic area, layer 1,Orbital area, medial part, layer 1",1.5,0.6666666666666666,regions_1,regions_1,,,2,1,15,5,0.0,0.0,sample_2_C57BL6J-1.029_layer 1_046 Vip Gaba_merged_regions_table_cell_id.txt,sample_2_C57BL6J-1.029_layer 1_047 Sncg Gaba_merged_regions_table_cell_id.txt
C57BL6J-1.029,layer 1,layer 1,layer 1,046 Vip Gaba,047 Sncg Gaba,9,6,2,1,"Secondary motor area, layer 1,Prelimbic area, layer 1","Secondary motor area, layer 1",1.5,2.0,regions_1,regions_2,,,2,1,15,3,0.0,0.0,sample_2_C57BL6J-1.029_layer 1_046 Vip Gaba_merged_regions_table_cell_id.txt,sample_2_C57BL6J-1.029_layer 1_047 Sncg Gaba_merged_regions_table_cell_id.txt
C57BL6J-1.029,layer 1,layer 1,layer 1,046 Vip Gaba,049 Lamp5 Gaba,9,6,8,9,"Secondary motor area, layer 1,Prelimbic area, layer 1","Orbital area, medial part, layer 1,Orbital area, ventrolateral part, layer 1",1.5,0.8888888888888888,regions_1,regions_1,,,2,6,15,17,0.0,0.0,sample_2_C57BL6J-1.029_layer 1_046 Vip Gaba_merged_regions_table_cell_id.txt,sample_2_C57BL6J-1.029_layer 1_049 Lamp5 Gaba_merged_regions_table_cell_id.txt
C57BL6J-1.029,layer 1,layer 1,layer 1,046 Vip Gaba,049 Lamp5 Gaba,9,6,3,7,"Secondary motor area, layer 1,Prelimbic area, layer 1","Orbital area, lateral part, layer 1,Orbital area, ventrolateral part, layer 1",1.5,0.42857142857142855,regions_1,regions_2,,,2,4,15,10,0.0,0.0,sample_2_C57BL6J-1.029_layer 1_046 Vip Gaba_merged_regions_table_cell_id.txt,sample_2_C57BL6J-1.029_layer 1_049 Lamp5 Gaba_merged_regions_table_cell_id.txt
C57BL6J-1.029,layer 1,layer 1,layer 1,046 Vip Gaba,049 Lamp5 Gaba,9,6,6,6,"Secondary motor area, layer 1,Prelimbic area, layer 1","Agranular insular area, dorsal part, layer 1,Secondary motor area, layer 1",1.5,1.0,regions_1,regions_3,,,2,6,15,12,0.0,0.0,sample_2_C57BL6J-1.029_layer 1_046 Vip Gaba_merged_regions_table_cell_id.txt,sample_2_C57BL6J-1.029_layer 1_049 Lamp5 Gaba_merged_regions_table_cell_id.txt
C57BL6J-1.029,layer 1,layer 1,layer 1,046 Vip Gaba,051 Pvalb chandelier Gaba,9,6,9,6,"Secondary motor area, layer 1,Prelimbic area, layer 1","Orbital area, medial part, layer 1,Prelimbic area, layer 1",1.5,1.5,regions_1,regions_1,,,2,1,15,15,0.0,0.0,sample_2_C57BL6J-1.029_layer 1_046 Vip Gaba_merged_regions_table_cell_id.txt,sample_2_C57BL6J-1.029_layer 1_051 Pvalb chandelier Gaba_merged_regions_table_cell_id.txt
C57BL6J-1.029,layer 1,layer 1,layer 1,046 Vip Gaba,052 Pvalb Gaba,9,6,4,7,"Secondary motor area, layer 1,Prelimbic area, layer 1","Orbital area, ventrolateral part, layer 1,Orbital area, lateral part, layer 1",1.5,0.5714285714285714,regions_1,regions_1,,,2,1,15,11,0.0,0.0,sample_2_C57BL6J-1.029_layer 1_046 Vip Gaba_merged_regions_table_cell_id.txt,sample_2_C57BL6J-1.029_layer 1_052 Pvalb Gaba_merged_regions_table_cell_id.txt
C57BL6J-1.029,layer 1,layer 1,layer 1,046 Vip Gaba,053 Sst Gaba,9,6,8,9,"Secondary motor area, layer 1,Prelimbic area, layer 1","Orbital area, medial part, layer 1,Orbital area, ventrolateral part, layer 1",1.5,0.8888888888888888,regions_1,regions_1,,,2,1,15,17,0.0,0.0,sample_2_C57BL6J-1.029_layer 1_046 Vip Gaba_merged_regions_table_cell_id.txt,sample_2_C57BL6J-1.029_layer 1_053 Sst Gaba_merged_regions_table_cell_id.txt
C57BL6J-1.029,layer 1,layer 1,layer 1,046 Vip Gaba,047 Sncg Gaba,8,8,2,3,"Orbital area, medial part, layer 1,Orbital area, ventrolateral part, layer 1","Prelimbic area, layer 1,Orbital area, medial part, layer 1",1.0,0.6666666666666666,regions_2,regions_1,,,2,1,16,5,0.0,0.0,sample_2_C57BL6J-1.029_layer 1_046 Vip Gaba_merged_regions_table_cell_id.txt,sample_2_C57BL6J-1.029_layer 1_047 Sncg Gaba_merged_regions_table_cell_id.txt
C57BL6J-1.029,layer 1,layer 1,layer 1,046 Vip Gaba,047 Sncg Gaba,8,8,2,1,"Orbital area, medial part, layer 1,Orbital area, ventrolateral part, layer 1","Secondary motor area, layer 1",1.0,2.0,regions_2,regions_2,,,2,1,16,3,0.0,0.0,sample_2_C57BL6J-1.029_layer 1_046 Vip Gaba_merged_regions_table_cell_id.txt,sample_2_C57BL6J-1.029_layer 1_047 Sncg Gaba_merged_regions_table_cell_id.txt
C57BL6J-1.029,layer 1,layer 1,layer 1,046 Vip Gaba,049 Lamp5 Gaba,8,8,8,9,"Orbital area, medial part, layer 1,Orbital area, ventrolateral part, layer 1","Orbital area, medial part, layer 1,Orbital area, ventrolateral part, layer 1",1.0,0.8888888888888888,regions_2,regions_1,,,2,6,16,17,1.0,0.9411764705882353,sample_2_C57BL6J-1.029_layer 1_046 Vip Gaba_merged_regions_table_cell_id.txt,sample_2_C57BL6J-1.029_layer 1_049 Lamp5 Gaba_merged_regions_table_cell_id.txt
C57BL6J-1.029,layer 1,layer 1,layer 1,046 Vip Gaba,049 Lamp5 Gaba,8,8,3,7,"Orbital area, medial part, layer 1,Orbital area, ventrolateral part, layer 1","Orbital area, lateral part, layer 1,Orbital area, ventrolateral part, layer 1",1.0,0.42857142857142855,regions_2,regions_2,,,2,4,16,10,0.0,0.0,sample_2_C57BL6J-1.029_layer 1_046 Vip Gaba_merged_regions_table_cell_id.txt,sample_2_C57BL6J-1.029_layer 1_049 Lamp5 Gaba_merged_regions_table_cell_id.txt
C57BL6J-1.029,layer 1,layer 1,layer 1,046 Vip Gaba,049 Lamp5 Gaba,8,8,6,6,"Orbital area, medial part, layer 1,Orbital area, ventrolateral part, layer 1","Agranular insular area, dorsal part, layer 1,Secondary motor area, layer 1",1.0,1.0,regions_2,regions_3,,,2,6,16,12,0.0,0.0,sample_2_C57BL6J-1.029_layer 1_046 Vip Gaba_merged_regions_table_cell_id.txt,sample_2_C57BL6J-1.029_layer 1_049 Lamp5 Gaba_merged_regions_table_cell_id.txt
C57BL6J-1.029,layer 1,layer 1,layer 1,046 Vip Gaba,051 Pvalb chandelier Gaba,8,8,9,6,"Orbital area, medial part, layer 1,Orbital area, ventrolateral part, layer 1","Orbital area, medial part, layer 1,Prelimbic area, layer 1",1.0,1.5,regions_2,regions_1,,,2,1,16,15,0.375,0.4,sample_2_C57BL6J-1.029_layer 1_046 Vip Gaba_merged_regions_table_cell_id.txt,sample_2_C57BL6J-1.029_layer 1_051 Pvalb chandelier Gaba_merged_regions_table_cell_id.txt
C57BL6J-1.029,layer 1,layer 1,layer 1,046 Vip Gaba,052 Pvalb Gaba,8,8,4,7,"Orbital area, medial part, layer 1,Orbital area, ventrolateral part, layer 1","Orbital area, ventrolateral part, layer 1,Orbital area, lateral part, layer 1",1.0,0.5714285714285714,regions_2,regions_1,,,2,1,16,11,0.125,0.18181818181818182,sample_2_C57BL6J-1.029_layer 1_046 Vip Gaba_merged_regions_table_cell_id.txt,sample_2_C57BL6J-1.029_layer 1_052 Pvalb Gaba_merged_regions_table_cell_id.txt
C57BL6J-1.029,layer 1,layer 1,layer 1,046 Vip Gaba,053 Sst Gaba,8,8,8,9,"Orbital area, medial part, layer 1,Orbital area, ventrolateral part, layer 1","Orbital area, medial part, layer 1,Orbital area, ventrolateral part, layer 1",1.0,0.8888888888888888,regions_2,regions_1,,,2,1,16,17,1.0,0.9411764705882353,sample_2_C57BL6J-1.029_layer 1_046 Vip Gaba_merged_regions_table_cell_id.txt,sample_2_C57BL6J-1.029_layer 1_053 Sst Gaba_merged_regions_table_cell_id.txt
C57BL6J-1.029,layer 1,layer 1,layer 1,047 Sncg Gaba,047 Sncg Gaba,2,3,2,1,"Prelimbic area, layer 1,Orbital area, medial part, layer 1","Secondary motor area, layer 1",0.6666666666666666,2.0,regions_1,regions_2,,,1,1,5,3,0.0,0.0,sample_2_C57BL6J-1.029_layer 1_047 Sncg Gaba_merged_regions_table_cell_id.txt,sample_2_C57BL6J-1.029_layer 1_047 Sncg Gaba_merged_regions_table_cell_id.txt
C57BL6J-1.029,layer 1,layer 1,layer 1,047 Sncg Gaba,049 Lamp5 Gaba,2,3,8,9,"Prelimbic area, layer 1,Orbital area, medial part, layer 1","Orbital area, medial part, layer 1,Orbital area, ventrolateral part, layer 1",0.6666666666666666,0.8888888888888888,regions_1,regions_1,,,1,6,5,17,0.2,0.058823529411764705,sample_2_C57BL6J-1.029_layer 1_047 Sncg Gaba_merged_regions_table_cell_id.txt,sample_2_C57BL6J-1.029_layer 1_049 Lamp5 Gaba_merged_regions_table_cell_id.txt
C57BL6J-1.029,layer 1,layer 1,layer 1,047 Sncg Gaba,049 Lamp5 Gaba,2,3,3,7,"Prelimbic area, layer 1,Orbital area, medial part, layer 1","Orbital area, lateral part, layer 1,Orbital area, ventrolateral part, layer 1",0.6666666666666666,0.42857142857142855,regions_1,regions_2,,,1,4,5,10,0.0,0.0,sample_2_C57BL6J-1.029_layer 1_047 Sncg Gaba_merged_regions_table_cell_id.txt,sample_2_C57BL6J-1.029_layer 1_049 Lamp5 Gaba_merged_regions_table_cell_id.txt
C57BL6J-1.029,layer 1,layer 1,layer 1,047 Sncg Gaba,049 Lamp5 Gaba,2,3,6,6,"Prelimbic area, layer 1,Orbital area, medial part, layer 1","Agranular insular area, dorsal part, layer 1,Secondary motor area, layer 1",0.6666666666666666,1.0,regions_1,regions_3,,,1,6,5,12,0.0,0.0,sample_2_C57BL6J-1.029_layer 1_047 Sncg Gaba_merged_regions_table_cell_id.txt,sample_2_C57BL6J-1.029_layer 1_049 Lamp5 Gaba_merged_regions_table_cell_id.txt
C57BL6J-1.029,layer 1,layer 1,layer 1,047 Sncg Gaba,051 Pvalb chandelier Gaba,2,3,9,6,"Prelimbic area, layer 1,Orbital area, medial part, layer 1","Orbital area, medial part, layer 1,Prelimbic area, layer 1",0.6666666666666666,1.5,regions_1,regions_1,,,1,1,5,15,1.0,0.3333333333333333,sample_2_C57BL6J-1.029_layer 1_047 Sncg Gaba_merged_regions_table_cell_id.txt,sample_2_C57BL6J-1.029_layer 1_051 Pvalb chandelier Gaba_merged_regions_table_cell_id.txt
C57BL6J-1.029,layer 1,layer 1,layer 1,047 Sncg Gaba,052 Pvalb Gaba,2,3,4,7,"Prelimbic area, layer 1,Orbital area, medial part, layer 1","Orbital area, ventrolateral part, layer 1,Orbital area, lateral part, layer 1",0.6666666666666666,0.5714285714285714,regions_1,regions_1,,,1,1,5,11,0.0,0.0,sample_2_C57BL6J-1.029_layer 1_047 Sncg Gaba_merged_regions_table_cell_id.txt,sample_2_C57BL6J-1.029_layer 1_052 Pvalb Gaba_merged_regions_table_cell_id.txt
C57BL6J-1.029,layer 1,layer 1,layer 1,047 Sncg Gaba,053 Sst Gaba,2,3,8,9,"Prelimbic area, layer 1,Orbital area, medial part, layer 1","Orbital area, medial part, layer 1,Orbital area, ventrolateral part, layer 1",0.6666666666666666,0.8888888888888888,regions_1,regions_1,,,1,1,5,17,0.2,0.058823529411764705,sample_2_C57BL6J-1.029_layer 1_047 Sncg Gaba_merged_regions_table_cell_id.txt,sample_2_C57BL6J-1.029_layer 1_053 Sst Gaba_merged_regions_table_cell_id.txt
C57BL6J-1.029,layer 1,layer 1,layer 1,047 Sncg Gaba,049 Lamp5 Gaba,2,1,8,9,"Secondary motor area, layer 1","Orbital area, medial part, layer 1,Orbital area, ventrolateral part, layer 1",2.0,0.8888888888888888,regions_2,regions_1,,,1,6,3,17,0.0,0.0,sample_2_C57BL6J-1.029_layer 1_047 Sncg Gaba_merged_regions_table_cell_id.txt,sample_2_C57BL6J-1.029_layer 1_049 Lamp5 Gaba_merged_regions_table_cell_id.txt
C57BL6J-1.029,layer 1,layer 1,layer 1,047 Sncg Gaba,049 Lamp5 Gaba,2,1,3,7,"Secondary motor area, layer 1","Orbital area, lateral part, layer 1,Orbital area, ventrolateral part, layer 1",2.0,0.42857142857142855,regions_2,regions_2,,,1,4,3,10,0.0,0.0,sample_2_C57BL6J-1.029_layer 1_047 Sncg Gaba_merged_regions_table_cell_id.txt,sample_2_C57BL6J-1.029_layer 1_049 Lamp5 Gaba_merged_regions_table_cell_id.txt
C57BL6J-1.029,layer 1,layer 1,layer 1,047 Sncg Gaba,049 Lamp5 Gaba,2,1,6,6,"Secondary motor area, layer 1","Agranular insular area, dorsal part, layer 1,Secondary motor area, layer 1",2.0,1.0,regions_2,regions_3,,,1,6,3,12,0.0,0.0,sample_2_C57BL6J-1.029_layer 1_047 Sncg Gaba_merged_regions_table_cell_id.txt,sample_2_C57BL6J-1.029_layer 1_049 Lamp5 Gaba_merged_regions_table_cell_id.txt
C57BL6J-1.029,layer 1,layer 1,layer 1,047 Sncg Gaba,051 Pvalb chandelier Gaba,2,1,9,6,"Secondary motor area, layer 1","Orbital area, medial part, layer 1,Prelimbic area, layer 1",2.0,1.5,regions_2,regions_1,,,1,1,3,15,0.0,0.0,sample_2_C57BL6J-1.029_layer 1_047 Sncg Gaba_merged_regions_table_cell_id.txt,sample_2_C57BL6J-1.029_layer 1_051 Pvalb chandelier Gaba_merged_regions_table_cell_id.txt
C57BL6J-1.029,layer 1,layer 1,layer 1,047 Sncg Gaba,052 Pvalb Gaba,2,1,4,7,"Secondary motor area, layer 1","Orbital area, ventrolateral part, layer 1,Orbital area, lateral part, layer 1",2.0,0.5714285714285714,regions_2,regions_1,,,1,1,3,11,0.0,0.0,sample_2_C57BL6J-1.029_layer 1_047 Sncg Gaba_merged_regions_table_cell_id.txt,sample_2_C57BL6J-1.029_layer 1_052 Pvalb Gaba_merged_regions_table_cell_id.txt
C57BL6J-1.029,layer 1,layer 1,layer 1,047 Sncg Gaba,053 Sst Gaba,2,1,8,9,"Secondary motor area, layer 1","Orbital area, medial part, layer 1,Orbital area, ventrolateral part, layer 1",2.0,0.8888888888888888,regions_2,regions_1,,,1,1,3,17,0.0,0.0,sample_2_C57BL6J-1.029_layer 1_047 Sncg Gaba_merged_regions_table_cell_id.txt,sample_2_C57BL6J-1.029_layer 1_053 Sst Gaba_merged_regions_table_cell_id.txt
C57BL6J-1.029,layer 1,layer 1,layer 1,049 Lamp5 Gaba,049 Lamp5 Gaba,8,9,3,7,"Orbital area, medial part, layer 1,Orbital area, ventrolateral part, layer 1","Orbital area, lateral part, layer 1,Orbital area, ventrolateral part, layer 1",0.8888888888888888,0.42857142857142855,regions_1,regions_2,,,6,4,17,10,0.0,0.0,sample_2_C57BL6J-1.029_layer 1_049 Lamp5 Gaba_merged_regions_table_cell_id.txt,sample_2_C57BL6J-1.029_layer 1_049 Lamp5 Gaba_merged_regions_table_cell_id.txt
C57BL6J-1.029,layer 1,layer 1,layer 1,049 Lamp5 Gaba,049 Lamp5 Gaba,8,9,6,6,"Orbital area, medial part, layer 1,Orbital area, ventrolateral part, layer 1","Agranular insular area, dorsal part, layer 1,Secondary motor area, layer 1",0.8888888888888888,1.0,regions_1,regions_3,,,6,6,17,12,0.0,0.0,sample_2_C57BL6J-1.029_layer 1_049 Lamp5 Gaba_merged_regions_table_cell_id.txt,sample_2_C57BL6J-1.029_layer 1_049 Lamp5 Gaba_merged_regions_table_cell_id.txt
C57BL6J-1.029,layer 1,layer 1,layer 1,049 Lamp5 Gaba,051 Pvalb chandelier Gaba,8,9,9,6,"Orbital area, medial part, layer 1,Orbital area, ventrolateral part, layer 1","Orbital area, medial part, layer 1,Prelimbic area, layer 1",0.8888888888888888,1.5,regions_1,regions_1,,,6,1,17,15,0.4117647058823529,0.4666666666666667,sample_2_C57BL6J-1.029_layer 1_049 Lamp5 Gaba_merged_regions_table_cell_id.txt,sample_2_C57BL6J-1.029_layer 1_051 Pvalb chandelier Gaba_merged_regions_table_cell_id.txt
C57BL6J-1.029,layer 1,layer 1,layer 1,049 Lamp5 Gaba,052 Pvalb Gaba,8,9,4,7,"Orbital area, medial part, layer 1,Orbital area, ventrolateral part, layer 1","Orbital area, ventrolateral part, layer 1,Orbital area, lateral part, layer 1",0.8888888888888888,0.5714285714285714,regions_1,regions_1,,,6,1,17,11,0.11764705882352941,0.18181818181818182,sample_2_C57BL6J-1.029_layer 1_049 Lamp5 Gaba_merged_regions_table_cell_id.txt,sample_2_C57BL6J-1.029_layer 1_052 Pvalb Gaba_merged_regions_table_cell_id.txt
C57BL6J-1.029,layer 1,layer 1,layer 1,049 Lamp5 Gaba,053 Sst Gaba,8,9,8,9,"Orbital area, medial part, layer 1,Orbital area, ventrolateral part, layer 1","Orbital area, medial part, layer 1,Orbital area, ventrolateral part, layer 1",0.8888888888888888,0.8888888888888888,regions_1,regions_1,,,6,1,17,17,1.0,1.0,sample_2_C57BL6J-1.029_layer 1_049 Lamp5 Gaba_merged_regions_table_cell_id.txt,sample_2_C57BL6J-1.029_layer 1_053 Sst Gaba_merged_regions_table_cell_id.txt
C57BL6J-1.029,layer 1,layer 1,layer 1,049 Lamp5 Gaba,049 Lamp5 Gaba,3,7,6,6,"Orbital area, lateral part, layer 1,Orbital area, ventrolateral part, layer 1","Agranular insular area, dorsal part, layer 1,Secondary motor area, layer 1",0.42857142857142855,1.0,regions_2,regions_3,,,4,6,10,12,0.0,0.0,sample_2_C57BL6J-1.029_layer 1_049 Lamp5 Gaba_merged_regions_table_cell_id.txt,sample_2_C57BL6J-1.029_layer 1_049 Lamp5 Gaba_merged_regions_table_cell_id.txt
C57BL6J-1.029,layer 1,layer 1,layer 1,049 Lamp5 Gaba,051 Pvalb chandelier Gaba,3,7,9,6,"Orbital area, lateral part, layer 1,Orbital area, ventrolateral part, layer 1","Orbital area, medial part, layer 1,Prelimbic area, layer 1",0.42857142857142855,1.5,regions_2,regions_1,,,4,1,10,15,0.0,0.0,sample_2_C57BL6J-1.029_layer 1_049 Lamp5 Gaba_merged_regions_table_cell_id.txt,sample_2_C57BL6J-1.029_layer 1_051 Pvalb chandelier Gaba_merged_regions_table_cell_id.txt
C57BL6J-1.029,layer 1,layer 1,layer 1,049 Lamp5 Gaba,052 Pvalb Gaba,3,7,4,7,"Orbital area, lateral part, layer 1,Orbital area, ventrolateral part, layer 1","Orbital area, ventrolateral part, layer 1,Orbital area, lateral part, layer 1",0.42857142857142855,0.5714285714285714,regions_2,regions_1,,,4,1,10,11,0.7,0.6363636363636364,sample_2_C57BL6J-1.029_layer 1_049 Lamp5 Gaba_merged_regions_table_cell_id.txt,sample_2_C57BL6J-1.029_layer 1_052 Pvalb Gaba_merged_regions_table_cell_id.txt
C57BL6J-1.029,layer 1,layer 1,layer 1,049 Lamp5 Gaba,053 Sst Gaba,3,7,8,9,"Orbital area, lateral part, layer 1,Orbital area, ventrolateral part, layer 1","Orbital area, medial part, layer 1,Orbital area, ventrolateral part, layer 1",0.42857142857142855,0.8888888888888888,regions_2,regions_1,,,4,1,10,17,0.0,0.0,sample_2_C57BL6J-1.029_layer 1_049 Lamp5 Gaba_merged_regions_table_cell_id.txt,sample_2_C57BL6J-1.029_layer 1_053 Sst Gaba_merged_regions_table_cell_id.txt
C57BL6J-1.029,layer 1,layer 1,layer 1,049 Lamp5 Gaba,051 Pvalb chandelier Gaba,6,6,9,6,"Agranular insular area, dorsal part, layer 1,Secondary motor area, layer 1","Orbital area, medial part, layer 1,Prelimbic area, layer 1",1.0,1.5,regions_3,regions_1,,,6,1,12,15,0.0,0.0,sample_2_C57BL6J-1.029_layer 1_049 Lamp5 Gaba_merged_regions_table_cell_id.txt,sample_2_C57BL6J-1.029_layer 1_051 Pvalb chandelier Gaba_merged_regions_table_cell_id.txt
C57BL6J-1.029,layer 1,layer 1,layer 1,049 Lamp5 Gaba,052 Pvalb Gaba,6,6,4,7,"Agranular insular area, dorsal part, layer 1,Secondary motor area, layer 1","Orbital area, ventrolateral part, layer 1,Orbital area, lateral part, layer 1",1.0,0.5714285714285714,regions_3,regions_1,,,6,1,12,11,0.0,0.0,sample_2_C57BL6J-1.029_layer 1_049 Lamp5 Gaba_merged_regions_table_cell_id.txt,sample_2_C57BL6J-1.029_layer 1_052 Pvalb Gaba_merged_regions_table_cell_id.txt
C57BL6J-1.029,layer 1,layer 1,layer 1,049 Lamp5 Gaba,053 Sst Gaba,6,6,8,9,"Agranular insular area, dorsal part, layer 1,Secondary motor area, layer 1","Orbital area, medial part, layer 1,Orbital area, ventrolateral part, layer 1",1.0,0.8888888888888888,regions_3,regions_1,,,6,1,12,17,0.0,0.0,sample_2_C57BL6J-1.029_layer 1_049 Lamp5 Gaba_merged_regions_table_cell_id.txt,sample_2_C57BL6J-1.029_layer 1_053 Sst Gaba_merged_regions_table_cell_id.txt
C57BL6J-1.029,layer 1,layer 1,layer 1,051 Pvalb chandelier Gaba,052 Pvalb Gaba,9,6,4,7,"Orbital area, medial part, layer 1,Prelimbic area, layer 1","Orbital area, ventrolateral part, layer 1,Orbital area, lateral part, layer 1",1.5,0.5714285714285714,regions_1,regions_1,,,1,1,15,11,0.0,0.0,sample_2_C57BL6J-1.029_layer 1_051 Pvalb chandelier Gaba_merged_regions_table_cell_id.txt,sample_2_C57BL6J-1.029_layer 1_052 Pvalb Gaba_merged_regions_table_cell_id.txt
C57BL6J-1.029,layer 1,layer 1,layer 1,051 Pvalb chandelier Gaba,053 Sst Gaba,9,6,8,9,"Orbital area, medial part, layer 1,Prelimbic area, layer 1","Orbital area, medial part, layer 1,Orbital area, ventrolateral part, layer 1",1.5,0.8888888888888888,regions_1,regions_1,,,1,1,15,17,0.4666666666666667,0.4117647058823529,sample_2_C57BL6J-1.029_layer 1_051 Pvalb chandelier Gaba_merged_regions_table_cell_id.txt,sample_2_C57BL6J-1.029_layer 1_053 Sst Gaba_merged_regions_table_cell_id.txt
C57BL6J-1.029,layer 1,layer 1,layer 1,052 Pvalb Gaba,053 Sst Gaba,4,7,8,9,"Orbital area, ventrolateral part, layer 1,Orbital area, lateral part, layer 1","Orbital area, medial part, layer 1,Orbital area, ventrolateral part, layer 1",0.5714285714285714,0.8888888888888888,regions_1,regions_1,,,1,1,11,17,0.18181818181818182,0.11764705882352941,sample_2_C57BL6J-1.029_layer 1_052 Pvalb Gaba_merged_regions_table_cell_id.txt,sample_2_C57BL6J-1.029_layer 1_053 Sst Gaba_merged_regions_table_cell_id.txt
C57BL6J-1.029,layer 2/3,layer 2/3,layer 2/3,006 L4/5 IT CTX Glut,006 L4/5 IT CTX Glut,362,49,56,8,"Frontal pole, layer 2/3,Secondary motor area, layer 2/3,Orbital area, lateral part, layer 2/3","Orbital area, ventrolateral part, layer 2/3,Frontal pole, layer 2/3",7.387755102040816,7.0,regions_1,regions_2,,,123,20,411,64,0.0,0.0,sample_2_C57BL6J-1.029_layer 2.3_006 L4.5 IT CTX Glut_merged_regions_table_cell_id.txt,sample_2_C57BL6J-1.029_layer 2.3_006 L4.5 IT CTX Glut_merged_regions_table_cell_id.txt
C57BL6J-1.029,layer 2/3,layer 2/3,layer 2/3,006 L4/5 IT CTX Glut,007 L2/3 IT CTX Glut,362,49,385,46,"Frontal pole, layer 2/3,Secondary motor area, layer 2/3,Orbital area, lateral part, layer 2/3","Frontal pole, layer 2/3,Orbital area, ventrolateral part, layer 2/3,Orbital area, lateral part, layer 2/3,Orbital area, medial part, layer 2/3,Prelimbic area, layer 2/3",7.387755102040816,8.369565217391305,regions_1,regions_1,,,123,280,411,431,0.40145985401459855,0.382830626450116,sample_2_C57BL6J-1.029_layer 2.3_006 L4.5 IT CTX Glut_merged_regions_table_cell_id.txt,sample_2_C57BL6J-1.029_layer 2.3_007 L2.3 IT CTX Glut_merged_regions_table_cell_id.txt
C57BL6J-1.029,layer 2/3,layer 2/3,layer 2/3,006 L4/5 IT CTX Glut,046 Vip Gaba,362,49,210,25,"Frontal pole, layer 2/3,Secondary motor area, layer 2/3,Orbital area, lateral part, layer 2/3","Frontal pole, layer 2/3,Secondary motor area, layer 2/3,Orbital area, lateral part, layer 2/3",7.387755102040816,8.4,regions_1,regions_1,,,123,13,411,235,0.5255474452554745,0.9191489361702128,sample_2_C57BL6J-1.029_layer 2.3_006 L4.5 IT CTX Glut_merged_regions_table_cell_id.txt,sample_2_C57BL6J-1.029_layer 2.3_046 Vip Gaba_merged_regions_table_cell_id.txt
C57BL6J-1.029,layer 2/3,layer 2/3,layer 2/3,006 L4/5 IT CTX Glut,047 Sncg Gaba,362,49,73,11,"Frontal pole, layer 2/3,Secondary motor area, layer 2/3,Orbital area, lateral part, layer 2/3","Orbital area, ventrolateral part, layer 2/3,Frontal pole, layer 2/3,Orbital area, lateral part, layer 2/3",7.387755102040816,6.636363636363637,regions_1,regions_1,,,123,2,411,84,0.0,0.0,sample_2_C57BL6J-1.029_layer 2.3_006 L4.5 IT CTX Glut_merged_regions_table_cell_id.txt,sample_2_C57BL6J-1.029_layer 2.3_047 Sncg Gaba_merged_regions_table_cell_id.txt
C57BL6J-1.029,layer 2/3,layer 2/3,layer 2/3,006 L4/5 IT CTX Glut,049 Lamp5 Gaba,362,49,22,4,"Frontal pole, layer 2/3,Secondary motor area, layer 2/3,Orbital area, lateral part, layer 2/3","Orbital area, medial part, layer 2/3,Prelimbic area, layer 2/3,Frontal pole, layer 2/3",7.387755102040816,5.5,regions_1,regions_1,,,123,2,411,26,0.0,0.0,sample_2_C57BL6J-1.029_layer 2.3_006 L4.5 IT CTX Glut_merged_regions_table_cell_id.txt,sample_2_C57BL6J-1.029_layer 2.3_049 Lamp5 Gaba_merged_regions_table_cell_id.txt
C57BL6J-1.029,layer 2/3,layer 2/3,layer 2/3,006 L4/5 IT CTX Glut,049 Lamp5 Gaba,362,49,118,20,"Frontal pole, layer 2/3,Secondary motor area, layer 2/3,Orbital area, lateral part, layer 2/3","Secondary motor area, layer 2/3,Frontal pole, layer 2/3,Orbital area, lateral part, layer 2/3,Agranular insular area, dorsal part, layer 2/3",7.387755102040816,5.9,regions_1,regions_2,,,123,5,411,138,0.0170316301703163,0.050724637681159424,sample_2_C57BL6J-1.029_layer 2.3_006 L4.5 IT CTX Glut_merged_regions_table_cell_id.txt,sample_2_C57BL6J-1.029_layer 2.3_049 Lamp5 Gaba_merged_regions_table_cell_id.txt
C57BL6J-1.029,layer 2/3,layer 2/3,layer 2/3,006 L4/5 IT CTX Glut,051 Pvalb chandelier Gaba,362,49,89,17,"Frontal pole, layer 2/3,Secondary motor area, layer 2/3,Orbital area, lateral part, layer 2/3","Secondary motor area, layer 2/3,Prelimbic area, layer 2/3,Frontal pole, layer 2/3",7.387755102040816,5.235294117647059,regions_1,regions_1,,,123,3,411,106,0.0,0.0,sample_2_C57BL6J-1.029_layer 2.3_006 L4.5 IT CTX Glut_merged_regions_table_cell_id.txt,sample_2_C57BL6J-1.029_layer 2.3_051 Pvalb chandelier Gaba_merged_regions_table_cell_id.txt
C57BL6J-1.029,layer 2/3,layer 2/3,layer 2/3,006 L4/5 IT CTX Glut,051 Pvalb chandelier Gaba,362,49,93,17,"Frontal pole, layer 2/3,Secondary motor area, layer 2/3,Orbital area, lateral part, layer 2/3","Frontal pole, layer 2/3,Secondary motor area, layer 2/3",7.387755102040816,5.470588235294118,regions_1,regions_2,,,123,3,411,110,0.0681265206812652,0.2545454545454545,sample_2_C57BL6J-1.029_layer 2.3_006 L4.5 IT CTX Glut_merged_regions_table_cell_id.txt,sample_2_C57BL6J-1.029_layer 2.3_051 Pvalb chandelier Gaba_merged_regions_table_cell_id.txt
C57BL6J-1.029,layer 2/3,layer 2/3,layer 2/3,006 L4/5 IT CTX Glut,052 Pvalb Gaba,362,49,135,17,"Frontal pole, layer 2/3,Secondary motor area, layer 2/3,Orbital area, lateral part, layer 2/3","Orbital area, ventrolateral part, layer 2/3,Orbital area, medial part, layer 2/3,Prelimbic area, layer 2/3,Frontal pole, layer 2/3",7.387755102040816,7.9411764705882355,regions_1,regions_1,,,123,8,411,152,0.0,0.0,sample_2_C57BL6J-1.029_layer 2.3_006 L4.5 IT CTX Glut_merged_regions_table_cell_id.txt,sample_2_C57BL6J-1.029_layer 2.3_052 Pvalb Gaba_merged_regions_table_cell_id.txt
C57BL6J-1.029,layer 2/3,layer 2/3,layer 2/3,006 L4/5 IT CTX Glut,052 Pvalb Gaba,362,49,189,34,"Frontal pole, layer 2/3,Secondary motor area, layer 2/3,Orbital area, lateral part, layer 2/3","Frontal pole, layer 2/3,Secondary motor area, layer 2/3",7.387755102040816,5.5588235294117645,regions_1,regions_2,,,123,11,411,223,0.24574209245742093,0.452914798206278,sample_2_C57BL6J-1.029_layer 2.3_006 L4.5 IT CTX Glut_merged_regions_table_cell_id.txt,sample_2_C57BL6J-1.029_layer 2.3_052 Pvalb Gaba_merged_regions_table_cell_id.txt
C57BL6J-1.029,layer 2/3,layer 2/3,layer 2/3,006 L4/5 IT CTX Glut,053 Sst Gaba,362,49,97,17,"Frontal pole, layer 2/3,Secondary motor area, layer 2/3,Orbital area, lateral part, layer 2/3","Secondary motor area, layer 2/3,Prelimbic area, layer 2/3,Frontal pole, layer 2/3",7.387755102040816,5.705882352941177,regions_1,regions_1,,,123,6,411,114,0.0,0.0,sample_2_C57BL6J-1.029_layer 2.3_006 L4.5 IT CTX Glut_merged_regions_table_cell_id.txt,sample_2_C57BL6J-1.029_layer 2.3_053 Sst Gaba_merged_regions_table_cell_id.txt
C57BL6J-1.029,layer 2/3,layer 2/3,layer 2/3,006 L4/5 IT CTX Glut,007 L2/3 IT CTX Glut,56,8,385,46,"Orbital area, ventrolateral part, layer 2/3,Frontal pole, layer 2/3","Frontal pole, layer 2/3,Orbital area, ventrolateral part, layer 2/3,Orbital area, lateral part, layer 2/3,Orbital area, medial part, layer 2/3,Prelimbic area, layer 2/3",7.0,8.369565217391305,regions_2,regions_1,,,20,280,64,431,1.0,0.14849187935034802,sample_2_C57BL6J-1.029_layer 2.3_006 L4.5 IT CTX Glut_merged_regions_table_cell_id.txt,sample_2_C57BL6J-1.029_layer 2.3_007 L2.3 IT CTX Glut_merged_regions_table_cell_id.txt
C57BL6J-1.029,layer 2/3,layer 2/3,layer 2/3,006 L4/5 IT CTX Glut,046 Vip Gaba,56,8,210,25,"Orbital area, ventrolateral part, layer 2/3,Frontal pole, layer 2/3","Frontal pole, layer 2/3,Secondary motor area, layer 2/3,Orbital area, lateral part, layer 2/3",7.0,8.4,regions_2,regions_1,,,20,13,64,235,0.0,0.0,sample_2_C57BL6J-1.029_layer 2.3_006 L4.5 IT CTX Glut_merged_regions_table_cell_id.txt,sample_2_C57BL6J-1.029_layer 2.3_046 Vip Gaba_merged_regions_table_cell_id.txt
C57BL6J-1.029,layer 2/3,layer 2/3,layer 2/3,006 L4/5 IT CTX Glut,047 Sncg Gaba,56,8,73,11,"Orbital area, ventrolateral part, layer 2/3,Frontal pole, layer 2/3","Orbital area, ventrolateral part, layer 2/3,Frontal pole, layer 2/3,Orbital area, lateral part, layer 2/3",7.0,6.636363636363637,regions_2,regions_1,,,20,2,64,84,0.703125,0.5357142857142857,sample_2_C57BL6J-1.029_layer 2.3_006 L4.5 IT CTX Glut_merged_regions_table_cell_id.txt,sample_2_C57BL6J-1.029_layer 2.3_047 Sncg Gaba_merged_regions_table_cell_id.txt
C57BL6J-1.029,layer 2/3,layer 2/3,layer 2/3,006 L4/5 IT CTX Glut,049 Lamp5 Gaba,56,8,22,4,"Orbital area, ventrolateral part, layer 2/3,Frontal pole, layer 2/3","Orbital area, medial part, layer 2/3,Prelimbic area, layer 2/3,Frontal pole, layer 2/3",7.0,5.5,regions_2,regions_1,,,20,2,64,26,0.0,0.0,sample_2_C57BL6J-1.029_layer 2.3_006 L4.5 IT CTX Glut_merged_regions_table_cell_id.txt,sample_2_C57BL6J-1.029_layer 2.3_049 Lamp5 Gaba_merged_regions_table_cell_id.txt
C57BL6J-1.029,layer 2/3,layer 2/3,layer 2/3,006 L4/5 IT CTX Glut,049 Lamp5 Gaba,56,8,118,20,"Orbital area, ventrolateral part, layer 2/3,Frontal pole, layer 2/3","Secondary motor area, layer 2/3,Frontal pole, layer 2/3,Orbital area, lateral part, layer 2/3,Agranular insular area, dorsal part, layer 2/3",7.0,5.9,regions_2,regions_2,,,20,5,64,138,0.0,0.0,sample_2_C57BL6J-1.029_layer 2.3_006 L4.5 IT CTX Glut_merged_regions_table_cell_id.txt,sample_2_C57BL6J-1.029_layer 2.3_049 Lamp5 Gaba_merged_regions_table_cell_id.txt
C57BL6J-1.029,layer 2/3,layer 2/3,layer 2/3,006 L4/5 IT CTX Glut,051 Pvalb chandelier Gaba,56,8,89,17,"Orbital area, ventrolateral part, layer 2/3,Frontal pole, layer 2/3","Secondary motor area, layer 2/3,Prelimbic area, layer 2/3,Frontal pole, layer 2/3",7.0,5.235294117647059,regions_2,regions_1,,,20,3,64,106,0.0,0.0,sample_2_C57BL6J-1.029_layer 2.3_006 L4.5 IT CTX Glut_merged_regions_table_cell_id.txt,sample_2_C57BL6J-1.029_layer 2.3_051 Pvalb chandelier Gaba_merged_regions_table_cell_id.txt
C57BL6J-1.029,layer 2/3,layer 2/3,layer 2/3,006 L4/5 IT CTX Glut,051 Pvalb chandelier Gaba,56,8,93,17,"Orbital area, ventrolateral part, layer 2/3,Frontal pole, layer 2/3","Frontal pole, layer 2/3,Secondary motor area, layer 2/3",7.0,5.470588235294118,regions_2,regions_2,,,20,3,64,110,0.0,0.0,sample_2_C57BL6J-1.029_layer 2.3_006 L4.5 IT CTX Glut_merged_regions_table_cell_id.txt,sample_2_C57BL6J-1.029_layer 2.3_051 Pvalb chandelier Gaba_merged_regions_table_cell_id.txt
C57BL6J-1.029,layer 2/3,layer 2/3,layer 2/3,006 L4/5 IT CTX Glut,052 Pvalb Gaba,56,8,135,17,"Orbital area, ventrolateral part, layer 2/3,Frontal pole, layer 2/3","Orbital area, ventrolateral part, layer 2/3,Orbital area, medial part, layer 2/3,Prelimbic area, layer 2/3,Frontal pole, layer 2/3",7.0,7.9411764705882355,regions_2,regions_1,,,20,8,64,152,1.0,0.42105263157894735,sample_2_C57BL6J-1.029_layer 2.3_006 L4.5 IT CTX Glut_merged_regions_table_cell_id.txt,sample_2_C57BL6J-1.029_layer 2.3_052 Pvalb Gaba_merged_regions_table_cell_id.txt
C57BL6J-1.029,layer 2/3,layer 2/3,layer 2/3,006 L4/5 IT CTX Glut,052 Pvalb Gaba,56,8,189,34,"Orbital area, ventrolateral part, layer 2/3,Frontal pole, layer 2/3","Frontal pole, layer 2/3,Secondary motor area, layer 2/3",7.0,5.5588235294117645,regions_2,regions_2,,,20,11,64,223,0.0,0.0,sample_2_C57BL6J-1.029_layer 2.3_006 L4.5 IT CTX Glut_merged_regions_table_cell_id.txt,sample_2_C57BL6J-1.029_layer 2.3_052 Pvalb Gaba_merged_regions_table_cell_id.txt
C57BL6J-1.029,layer 2/3,layer 2/3,layer 2/3,006 L4/5 IT CTX Glut,053 Sst Gaba,56,8,97,17,"Orbital area, ventrolateral part, layer 2/3,Frontal pole, layer 2/3","Secondary motor area, layer 2/3,Prelimbic area, layer 2/3,Frontal pole, layer 2/3",7.0,5.705882352941177,regions_2,regions_1,,,20,6,64,114,0.0,0.0,sample_2_C57BL6J-1.029_layer 2.3_006 L4.5 IT CTX Glut_merged_regions_table_cell_id.txt,sample_2_C57BL6J-1.029_layer 2.3_053 Sst Gaba_merged_regions_table_cell_id.txt
C57BL6J-1.029,layer 2/3,layer 2/3,layer 2/3,007 L2/3 IT CTX Glut,046 Vip Gaba,385,46,210,25,"Frontal pole, layer 2/3,Orbital area, ventrolateral part, layer 2/3,Orbital area, lateral part, layer 2/3,Orbital area, medial part, layer 2/3,Prelimbic area, layer 2/3","Frontal pole, layer 2/3,Secondary motor area, layer 2/3,Orbital area, lateral part, layer 2/3",8.369565217391305,8.4,regions_1,regions_1,,,280,13,431,235,0.33178654292343385,0.6085106382978723,sample_2_C57BL6J-1.029_layer 2.3_007 L2.3 IT CTX Glut_merged_regions_table_cell_id.txt,sample_2_C57BL6J-1.029_layer 2.3_046 Vip Gaba_merged_regions_table_cell_id.txt
C57BL6J-1.029,layer 2/3,layer 2/3,layer 2/3,007 L2/3 IT CTX Glut,047 Sncg Gaba,385,46,73,11,"Frontal pole, layer 2/3,Orbital area, ventrolateral part, layer 2/3,Orbital area, lateral part, layer 2/3,Orbital area, medial part, layer 2/3,Prelimbic area, layer 2/3","Orbital area, ventrolateral part, layer 2/3,Frontal pole, layer 2/3,Orbital area, lateral part, layer 2/3",8.369565217391305,6.636363636363637,regions_1,regions_1,,,280,2,431,84,0.19489559164733178,1.0,sample_2_C57BL6J-1.029_layer 2.3_007 L2.3 IT CTX Glut_merged_regions_table_cell_id.txt,sample_2_C57BL6J-1.029_layer 2.3_047 Sncg Gaba_merged_regions_table_cell_id.txt
C57BL6J-1.029,layer 2/3,layer 2/3,layer 2/3,007 L2/3 IT CTX Glut,049 Lamp5 Gaba,385,46,22,4,"Frontal pole, layer 2/3,Orbital area, ventrolateral part, layer 2/3,Orbital area, lateral part, layer 2/3,Orbital area, medial part, layer 2/3,Prelimbic area, layer 2/3","Orbital area, medial part, layer 2/3,Prelimbic area, layer 2/3,Frontal pole, layer 2/3",8.369565217391305,5.5,regions_1,regions_1,,,280,2,431,26,0.05104408352668213,0.8461538461538461,sample_2_C57BL6J-1.029_layer 2.3_007 L2.3 IT CTX Glut_merged_regions_table_cell_id.txt,sample_2_C57BL6J-1.029_layer 2.3_049 Lamp5 Gaba_merged_regions_table_cell_id.txt
C57BL6J-1.029,layer 2/3,layer 2/3,layer 2/3,007 L2/3 IT CTX Glut,049 Lamp5 Gaba,385,46,118,20,"Frontal pole, layer 2/3,Orbital area, ventrolateral part, layer 2/3,Orbital area, lateral part, layer 2/3,Orbital area, medial part, layer 2/3,Prelimbic area, layer 2/3","Secondary motor area, layer 2/3,Frontal pole, layer 2/3,Orbital area, lateral part, layer 2/3,Agranular insular area, dorsal part, layer 2/3",8.369565217391305,5.9,regions_1,regions_2,,,280,5,431,138,0.016241299303944315,0.050724637681159424,sample_2_C57BL6J-1.029_layer 2.3_007 L2.3 IT CTX Glut_merged_regions_table_cell_id.txt,sample_2_C57BL6J-1.029_layer 2.3_049 Lamp5 Gaba_merged_regions_table_cell_id.txt
C57BL6J-1.029,layer 2/3,layer 2/3,layer 2/3,007 L2/3 IT CTX Glut,051 Pvalb chandelier Gaba,385,46,89,17,"Frontal pole, layer 2/3,Orbital area, ventrolateral part, layer 2/3,Orbital area, lateral part, layer 2/3,Orbital area, medial part, layer 2/3,Prelimbic area, layer 2/3","Secondary motor area, layer 2/3,Prelimbic area, layer 2/3,Frontal pole, layer 2/3",8.369565217391305,5.235294117647059,regions_1,regions_1,,,280,3,431,106,0.12296983758700696,0.5,sample_2_C57BL6J-1.029_layer 2.3_007 L2.3 IT CTX Glut_merged_regions_table_cell_id.txt,sample_2_C57BL6J-1.029_layer 2.3_051 Pvalb chandelier Gaba_merged_regions_table_cell_id.txt
C57BL6J-1.029,layer 2/3,layer 2/3,layer 2/3,007 L2/3 IT CTX Glut,051 Pvalb chandelier Gaba,385,46,93,17,"Frontal pole, layer 2/3,Orbital area, ventrolateral part, layer 2/3,Orbital area, lateral part, layer 2/3,Orbital area, medial part, layer 2/3,Prelimbic area, layer 2/3","Frontal pole, layer 2/3,Secondary motor area, layer 2/3",8.369565217391305,5.470588235294118,regions_1,regions_2,,,280,3,431,110,0.05336426914153132,0.20909090909090908,sample_2_C57BL6J-1.029_layer 2.3_007 L2.3 IT CTX Glut_merged_regions_table_cell_id.txt,sample_2_C57BL6J-1.029_layer 2.3_051 Pvalb chandelier Gaba_merged_regions_table_cell_id.txt
C57BL6J-1.029,layer 2/3,layer 2/3,layer 2/3,007 L2/3 IT CTX Glut,052 Pvalb Gaba,385,46,135,17,"Frontal pole, layer 2/3,Orbital area, ventrolateral part, layer 2/3,Orbital area, lateral part, layer 2/3,Orbital area, medial part, layer 2/3,Prelimbic area, layer 2/3","Orbital area, ventrolateral part, layer 2/3,Orbital area, medial part, layer 2/3,Prelimbic area, layer 2/3,Frontal pole, layer 2/3",8.369565217391305,7.9411764705882355,regions_1,regions_1,,,280,8,431,152,0.35266821345707655,1.0,sample_2_C57BL6J-1.029_layer 2.3_007 L2.3 IT CTX Glut_merged_regions_table_cell_id.txt,sample_2_C57BL6J-1.029_layer 2.3_052 Pvalb Gaba_merged_regions_table_cell_id.txt
C57BL6J-1.029,layer 2/3,layer 2/3,layer 2/3,007 L2/3 IT CTX Glut,052 Pvalb Gaba,385,46,189,34,"Frontal pole, layer 2/3,Orbital area, ventrolateral part, layer 2/3,Orbital area, lateral part, layer 2/3,Orbital area, medial part, layer 2/3,Prelimbic area, layer 2/3","Frontal pole, layer 2/3,Secondary motor area, layer 2/3",8.369565217391305,5.5588235294117645,regions_1,regions_2,,,280,11,431,223,0.09280742459396751,0.17937219730941703,sample_2_C57BL6J-1.029_layer 2.3_007 L2.3 IT CTX Glut_merged_regions_table_cell_id.txt,sample_2_C57BL6J-1.029_layer 2.3_052 Pvalb Gaba_merged_regions_table_cell_id.txt
C57BL6J-1.029,layer 2/3,layer 2/3,layer 2/3,007 L2/3 IT CTX Glut,053 Sst Gaba,385,46,97,17,"Frontal pole, layer 2/3,Orbital area, ventrolateral part, layer 2/3,Orbital area, lateral part, layer 2/3,Orbital area, medial part, layer 2/3,Prelimbic area, layer 2/3","Secondary motor area, layer 2/3,Prelimbic area, layer 2/3,Frontal pole, layer 2/3",8.369565217391305,5.705882352941177,regions_1,regions_1,,,280,6,431,114,0.10904872389791183,0.41228070175438597,sample_2_C57BL6J-1.029_layer 2.3_007 L2.3 IT CTX Glut_merged_regions_table_cell_id.txt,sample_2_C57BL6J-1.029_layer 2.3_053 Sst Gaba_merged_regions_table_cell_id.txt
C57BL6J-1.029,layer 2/3,layer 2/3,layer 2/3,046 Vip Gaba,047 Sncg Gaba,210,25,73,11,"Frontal pole, layer 2/3,Secondary motor area, layer 2/3,Orbital area, lateral part, layer 2/3","Orbital area, ventrolateral part, layer 2/3,Frontal pole, layer 2/3,Orbital area, lateral part, layer 2/3",8.4,6.636363636363637,regions_1,regions_1,,,13,2,235,84,0.0,0.0,sample_2_C57BL6J-1.029_layer 2.3_046 Vip Gaba_merged_regions_table_cell_id.txt,sample_2_C57BL6J-1.029_layer 2.3_047 Sncg Gaba_merged_regions_table_cell_id.txt
C57BL6J-1.029,layer 2/3,layer 2/3,layer 2/3,046 Vip Gaba,049 Lamp5 Gaba,210,25,22,4,"Frontal pole, layer 2/3,Secondary motor area, layer 2/3,Orbital area, lateral part, layer 2/3","Orbital area, medial part, layer 2/3,Prelimbic area, layer 2/3,Frontal pole, layer 2/3",8.4,5.5,regions_1,regions_1,,,13,2,235,26,0.0,0.0,sample_2_C57BL6J-1.029_layer 2.3_046 Vip Gaba_merged_regions_table_cell_id.txt,sample_2_C57BL6J-1.029_layer 2.3_049 Lamp5 Gaba_merged_regions_table_cell_id.txt
C57BL6J-1.029,layer 2/3,layer 2/3,layer 2/3,046 Vip Gaba,049 Lamp5 Gaba,210,25,118,20,"Frontal pole, layer 2/3,Secondary motor area, layer 2/3,Orbital area, lateral part, layer 2/3","Secondary motor area, layer 2/3,Frontal pole, layer 2/3,Orbital area, lateral part, layer 2/3,Agranular insular area, dorsal part, layer 2/3",8.4,5.9,regions_1,regions_2,,,13,5,235,138,0.0,0.0,sample_2_C57BL6J-1.029_layer 2.3_046 Vip Gaba_merged_regions_table_cell_id.txt,sample_2_C57BL6J-1.029_layer 2.3_049 Lamp5 Gaba_merged_regions_table_cell_id.txt
C57BL6J-1.029,layer 2/3,layer 2/3,layer 2/3,046 Vip Gaba,051 Pvalb chandelier Gaba,210,25,89,17,"Frontal pole, layer 2/3,Secondary motor area, layer 2/3,Orbital area, lateral part, layer 2/3","Secondary motor area, layer 2/3,Prelimbic area, layer 2/3,Frontal pole, layer 2/3",8.4,5.235294117647059,regions_1,regions_1,,,13,3,235,106,0.0,0.0,sample_2_C57BL6J-1.029_layer 2.3_046 Vip Gaba_merged_regions_table_cell_id.txt,sample_2_C57BL6J-1.029_layer 2.3_051 Pvalb chandelier Gaba_merged_regions_table_cell_id.txt
C57BL6J-1.029,layer 2/3,layer 2/3,layer 2/3,046 Vip Gaba,051 Pvalb chandelier Gaba,210,25,93,17,"Frontal pole, layer 2/3,Secondary motor area, layer 2/3,Orbital area, lateral part, layer 2/3","Frontal pole, layer 2/3,Secondary motor area, layer 2/3",8.4,5.470588235294118,regions_1,regions_2,,,13,3,235,110,0.0851063829787234,0.18181818181818182,sample_2_C57BL6J-1.029_layer 2.3_046 Vip Gaba_merged_regions_table_cell_id.txt,sample_2_C57BL6J-1.029_layer 2.3_051 Pvalb chandelier Gaba_merged_regions_table_cell_id.txt
C57BL6J-1.029,layer 2/3,layer 2/3,layer 2/3,046 Vip Gaba,052 Pvalb Gaba,210,25,135,17,"Frontal pole, layer 2/3,Secondary motor area, layer 2/3,Orbital area, lateral part, layer 2/3","Orbital area, ventrolateral part, layer 2/3,Orbital area, medial part, layer 2/3,Prelimbic area, layer 2/3,Frontal pole, layer 2/3",8.4,7.9411764705882355,regions_1,regions_1,,,13,8,235,152,0.0,0.0,sample_2_C57BL6J-1.029_layer 2.3_046 Vip Gaba_merged_regions_table_cell_id.txt,sample_2_C57BL6J-1.029_layer 2.3_052 Pvalb Gaba_merged_regions_table_cell_id.txt
C57BL6J-1.029,layer 2/3,layer 2/3,layer 2/3,046 Vip Gaba,052 Pvalb Gaba,210,25,189,34,"Frontal pole, layer 2/3,Secondary motor area, layer 2/3,Orbital area, lateral part, layer 2/3","Frontal pole, layer 2/3,Secondary motor area, layer 2/3",8.4,5.5588235294117645,regions_1,regions_2,,,13,11,235,223,0.16595744680851063,0.17488789237668162,sample_2_C57BL6J-1.029_layer 2.3_046 Vip Gaba_merged_regions_table_cell_id.txt,sample_2_C57BL6J-1.029_layer 2.3_052 Pvalb Gaba_merged_regions_table_cell_id.txt
C57BL6J-1.029,layer 2/3,layer 2/3,layer 2/3,046 Vip Gaba,053 Sst Gaba,210,25,97,17,"Frontal pole, layer 2/3,Secondary motor area, layer 2/3,Orbital area, lateral part, layer 2/3","Secondary motor area, layer 2/3,Prelimbic area, layer 2/3,Frontal pole, layer 2/3",8.4,5.705882352941177,regions_1,regions_1,,,13,6,235,114,0.0,0.0,sample_2_C57BL6J-1.029_layer 2.3_046 Vip Gaba_merged_regions_table_cell_id.txt,sample_2_C57BL6J-1.029_layer 2.3_053 Sst Gaba_merged_regions_table_cell_id.txt
C57BL6J-1.029,layer 2/3,layer 2/3,layer 2/3,047 Sncg Gaba,049 Lamp5 Gaba,73,11,22,4,"Orbital area, ventrolateral part, layer 2/3,Frontal pole, layer 2/3,Orbital area, lateral part, layer 2/3","Orbital area, medial part, layer 2/3,Prelimbic area, layer 2/3,Frontal pole, layer 2/3",6.636363636363637,5.5,regions_1,regions_1,,,2,2,84,26,0.0,0.0,sample_2_C57BL6J-1.029_layer 2.3_047 Sncg Gaba_merged_regions_table_cell_id.txt,sample_2_C57BL6J-1.029_layer 2.3_049 Lamp5 Gaba_merged_regions_table_cell_id.txt
C57BL6J-1.029,layer 2/3,layer 2/3,layer 2/3,047 Sncg Gaba,049 Lamp5 Gaba,73,11,118,20,"Orbital area, ventrolateral part, layer 2/3,Frontal pole, layer 2/3,Orbital area, lateral part, layer 2/3","Secondary motor area, layer 2/3,Frontal pole, layer 2/3,Orbital area, lateral part, layer 2/3,Agranular insular area, dorsal part, layer 2/3",6.636363636363637,5.9,regions_1,regions_2,,,2,5,84,138,0.0,0.0,sample_2_C57BL6J-1.029_layer 2.3_047 Sncg Gaba_merged_regions_table_cell_id.txt,sample_2_C57BL6J-1.029_layer 2.3_049 Lamp5 Gaba_merged_regions_table_cell_id.txt
C57BL6J-1.029,layer 2/3,layer 2/3,layer 2/3,047 Sncg Gaba,051 Pvalb chandelier Gaba,73,11,89,17,"Orbital area, ventrolateral part, layer 2/3,Frontal pole, layer 2/3,Orbital area, lateral part, layer 2/3","Secondary motor area, layer 2/3,Prelimbic area, layer 2/3,Frontal pole, layer 2/3",6.636363636363637,5.235294117647059,regions_1,regions_1,,,2,3,84,106,0.011904761904761904,0.009433962264150943,sample_2_C57BL6J-1.029_layer 2.3_047 Sncg Gaba_merged_regions_table_cell_id.txt,sample_2_C57BL6J-1.029_layer 2.3_051 Pvalb chandelier Gaba_merged_regions_table_cell_id.txt
C57BL6J-1.029,layer 2/3,layer 2/3,layer 2/3,047 Sncg Gaba,051 Pvalb chandelier Gaba,73,11,93,17,"Orbital area, ventrolateral part, layer 2/3,Frontal pole, layer 2/3,Orbital area, lateral part, layer 2/3","Frontal pole, layer 2/3,Secondary motor area, layer 2/3",6.636363636363637,5.470588235294118,regions_1,regions_2,,,2,3,84,110,0.0,0.0,sample_2_C57BL6J-1.029_layer 2.3_047 Sncg Gaba_merged_regions_table_cell_id.txt,sample_2_C57BL6J-1.029_layer 2.3_051 Pvalb chandelier Gaba_merged_regions_table_cell_id.txt
C57BL6J-1.029,layer 2/3,layer 2/3,layer 2/3,047 Sncg Gaba,052 Pvalb Gaba,73,11,135,17,"Orbital area, ventrolateral part, layer 2/3,Frontal pole, layer 2/3,Orbital area, lateral part, layer 2/3","Orbital area, ventrolateral part, layer 2/3,Orbital area, medial part, layer 2/3,Prelimbic area, layer 2/3,Frontal pole, layer 2/3",6.636363636363637,7.9411764705882355,regions_1,regions_1,,,2,8,84,152,0.6785714285714286,0.375,sample_2_C57BL6J-1.029_layer 2.3_047 Sncg Gaba_merged_regions_table_cell_id.txt,sample_2_C57BL6J-1.029_layer 2.3_052 Pvalb Gaba_merged_regions_table_cell_id.txt
C57BL6J-1.029,layer 2/3,layer 2/3,layer 2/3,047 Sncg Gaba,052 Pvalb Gaba,73,11,189,34,"Orbital area, ventrolateral part, layer 2/3,Frontal pole, layer 2/3,Orbital area, lateral part, layer 2/3","Frontal pole, layer 2/3,Secondary motor area, layer 2/3",6.636363636363637,5.5588235294117645,regions_1,regions_2,,,2,11,84,223,0.0,0.0,sample_2_C57BL6J-1.029_layer 2.3_047 Sncg Gaba_merged_regions_table_cell_id.txt,sample_2_C57BL6J-1.029_layer 2.3_052 Pvalb Gaba_merged_regions_table_cell_id.txt
C57BL6J-1.029,layer 2/3,layer 2/3,layer 2/3,047 Sncg Gaba,053 Sst Gaba,73,11,97,17,"Orbital area, ventrolateral part, layer 2/3,Frontal pole, layer 2/3,Orbital area, lateral part, layer 2/3","Secondary motor area, layer 2/3,Prelimbic area, layer 2/3,Frontal pole, layer 2/3",6.636363636363637,5.705882352941177,regions_1,regions_1,,,2,6,84,114,0.0,0.0,sample_2_C57BL6J-1.029_layer 2.3_047 Sncg Gaba_merged_regions_table_cell_id.txt,sample_2_C57BL6J-1.029_layer 2.3_053 Sst Gaba_merged_regions_table_cell_id.txt
C57BL6J-1.029,layer 2/3,layer 2/3,layer 2/3,049 Lamp5 Gaba,049 Lamp5 Gaba,22,4,118,20,"Orbital area, medial part, layer 2/3,Prelimbic area, layer 2/3,Frontal pole, layer 2/3","Secondary motor area, layer 2/3,Frontal pole, layer 2/3,Orbital area, lateral part, layer 2/3,Agranular insular area, dorsal part, layer 2/3",5.5,5.9,regions_1,regions_2,,,2,5,26,138,0.0,0.0,sample_2_C57BL6J-1.029_layer 2.3_049 Lamp5 Gaba_merged_regions_table_cell_id.txt,sample_2_C57BL6J-1.029_layer 2.3_049 Lamp5 Gaba_merged_regions_table_cell_id.txt
C57BL6J-1.029,layer 2/3,layer 2/3,layer 2/3,049 Lamp5 Gaba,051 Pvalb chandelier Gaba,22,4,89,17,"Orbital area, medial part, layer 2/3,Prelimbic area, layer 2/3,Frontal pole, layer 2/3","Secondary motor area, layer 2/3,Prelimbic area, layer 2/3,Frontal pole, layer 2/3",5.5,5.235294117647059,regions_1,regions_1,,,2,3,26,106,0.6923076923076923,0.16981132075471697,sample_2_C57BL6J-1.029_layer 2.3_049 Lamp5 Gaba_merged_regions_table_cell_id.txt,sample_2_C57BL6J-1.029_layer 2.3_051 Pvalb chandelier Gaba_merged_regions_table_cell_id.txt
C57BL6J-1.029,layer 2/3,layer 2/3,layer 2/3,049 Lamp5 Gaba,051 Pvalb chandelier Gaba,22,4,93,17,"Orbital area, medial part, layer 2/3,Prelimbic area, layer 2/3,Frontal pole, layer 2/3","Frontal pole, layer 2/3,Secondary motor area, layer 2/3",5.5,5.470588235294118,regions_1,regions_2,,,2,3,26,110,0.0,0.0,sample_2_C57BL6J-1.029_layer 2.3_049 Lamp5 Gaba_merged_regions_table_cell_id.txt,sample_2_C57BL6J-1.029_layer 2.3_051 Pvalb chandelier Gaba_merged_regions_table_cell_id.txt
C57BL6J-1.029,layer 2/3,layer 2/3,layer 2/3,049 Lamp5 Gaba,052 Pvalb Gaba,22,4,135,17,"Orbital area, medial part, layer 2/3,Prelimbic area, layer 2/3,Frontal pole, layer 2/3","Orbital area, ventrolateral part, layer 2/3,Orbital area, medial part, layer 2/3,Prelimbic area, layer 2/3,Frontal pole, layer 2/3",5.5,7.9411764705882355,regions_1,regions_1,,,2,8,26,152,0.23076923076923078,0.039473684210526314,sample_2_C57BL6J-1.029_layer 2.3_049 Lamp5 Gaba_merged_regions_table_cell_id.txt,sample_2_C57BL6J-1.029_layer 2.3_052 Pvalb Gaba_merged_regions_table_cell_id.txt
C57BL6J-1.029,layer 2/3,layer 2/3,layer 2/3,049 Lamp5 Gaba,052 Pvalb Gaba,22,4,189,34,"Orbital area, medial part, layer 2/3,Prelimbic area, layer 2/3,Frontal pole, layer 2/3","Frontal pole, layer 2/3,Secondary motor area, layer 2/3",5.5,5.5588235294117645,regions_1,regions_2,,,2,11,26,223,0.0,0.0,sample_2_C57BL6J-1.029_layer 2.3_049 Lamp5 Gaba_merged_regions_table_cell_id.txt,sample_2_C57BL6J-1.029_layer 2.3_052 Pvalb Gaba_merged_regions_table_cell_id.txt
C57BL6J-1.029,layer 2/3,layer 2/3,layer 2/3,049 Lamp5 Gaba,053 Sst Gaba,22,4,97,17,"Orbital area, medial part, layer 2/3,Prelimbic area, layer 2/3,Frontal pole, layer 2/3","Secondary motor area, layer 2/3,Prelimbic area, layer 2/3,Frontal pole, layer 2/3",5.5,5.705882352941177,regions_1,regions_1,,,2,6,26,114,0.8461538461538461,0.19298245614035087,sample_2_C57BL6J-1.029_layer 2.3_049 Lamp5 Gaba_merged_regions_table_cell_id.txt,sample_2_C57BL6J-1.029_layer 2.3_053 Sst Gaba_merged_regions_table_cell_id.txt
C57BL6J-1.029,layer 2/3,layer 2/3,layer 2/3,049 Lamp5 Gaba,051 Pvalb chandelier Gaba,118,20,89,17,"Secondary motor area, layer 2/3,Frontal pole, layer 2/3,Orbital area, lateral part, layer 2/3,Agranular insular area, dorsal part, layer 2/3","Secondary motor area, layer 2/3,Prelimbic area, layer 2/3,Frontal pole, layer 2/3",5.9,5.235294117647059,regions_2,regions_1,,,5,3,138,106,0.0,0.0,sample_2_C57BL6J-1.029_layer 2.3_049 Lamp5 Gaba_merged_regions_table_cell_id.txt,sample_2_C57BL6J-1.029_layer 2.3_051 Pvalb chandelier Gaba_merged_regions_table_cell_id.txt
C57BL6J-1.029,layer 2/3,layer 2/3,layer 2/3,049 Lamp5 Gaba,051 Pvalb chandelier Gaba,118,20,93,17,"Secondary motor area, layer 2/3,Frontal pole, layer 2/3,Orbital area, lateral part, layer 2/3,Agranular insular area, dorsal part, layer 2/3","Frontal pole, layer 2/3,Secondary motor area, layer 2/3",5.9,5.470588235294118,regions_2,regions_2,,,5,3,138,110,0.4420289855072464,0.5545454545454546,sample_2_C57BL6J-1.029_layer 2.3_049 Lamp5 Gaba_merged_regions_table_cell_id.txt,sample_2_C57BL6J-1.029_layer 2.3_051 Pvalb chandelier Gaba_merged_regions_table_cell_id.txt
C57BL6J-1.029,layer 2/3,layer 2/3,layer 2/3,049 Lamp5 Gaba,052 Pvalb Gaba,118,20,135,17,"Secondary motor area, layer 2/3,Frontal pole, layer 2/3,Orbital area, lateral part, layer 2/3,Agranular insular area, dorsal part, layer 2/3","Orbital area, ventrolateral part, layer 2/3,Orbital area, medial part, layer 2/3,Prelimbic area, layer 2/3,Frontal pole, layer 2/3",5.9,7.9411764705882355,regions_2,regions_1,,,5,8,138,152,0.0,0.0,sample_2_C57BL6J-1.029_layer 2.3_049 Lamp5 Gaba_merged_regions_table_cell_id.txt,sample_2_C57BL6J-1.029_layer 2.3_052 Pvalb Gaba_merged_regions_table_cell_id.txt
C57BL6J-1.029,layer 2/3,layer 2/3,layer 2/3,049 Lamp5 Gaba,052 Pvalb Gaba,118,20,189,34,"Secondary motor area, layer 2/3,Frontal pole, layer 2/3,Orbital area, lateral part, layer 2/3,Agranular insular area, dorsal part, layer 2/3","Frontal pole, layer 2/3,Secondary motor area, layer 2/3",5.9,5.5588235294117645,regions_2,regions_2,,,5,11,138,223,0.36231884057971014,0.2242152466367713,sample_2_C57BL6J-1.029_layer 2.3_049 Lamp5 Gaba_merged_regions_table_cell_id.txt,sample_2_C57BL6J-1.029_layer 2.3_052 Pvalb Gaba_merged_regions_table_cell_id.txt
C57BL6J-1.029,layer 2/3,layer 2/3,layer 2/3,049 Lamp5 Gaba,053 Sst Gaba,118,20,97,17,"Secondary motor area, layer 2/3,Frontal pole, layer 2/3,Orbital area, lateral part, layer 2/3,Agranular insular area, dorsal part, layer 2/3","Secondary motor area, layer 2/3,Prelimbic area, layer 2/3,Frontal pole, layer 2/3",5.9,5.705882352941177,regions_2,regions_1,,,5,6,138,114,0.0,0.0,sample_2_C57BL6J-1.029_layer 2.3_049 Lamp5 Gaba_merged_regions_table_cell_id.txt,sample_2_C57BL6J-1.029_layer 2.3_053 Sst Gaba_merged_regions_table_cell_id.txt
C57BL6J-1.029,layer 2/3,layer 2/3,layer 2/3,051 Pvalb chandelier Gaba,051 Pvalb chandelier Gaba,89,17,93,17,"Secondary motor area, layer 2/3,Prelimbic area, layer 2/3,Frontal pole, layer 2/3","Frontal pole, layer 2/3,Secondary motor area, layer 2/3",5.235294117647059,5.470588235294118,regions_1,regions_2,,,3,3,106,110,0.0,0.0,sample_2_C57BL6J-1.029_layer 2.3_051 Pvalb chandelier Gaba_merged_regions_table_cell_id.txt,sample_2_C57BL6J-1.029_layer 2.3_051 Pvalb chandelier Gaba_merged_regions_table_cell_id.txt
C57BL6J-1.029,layer 2/3,layer 2/3,layer 2/3,051 Pvalb chandelier Gaba,052 Pvalb Gaba,89,17,135,17,"Secondary motor area, layer 2/3,Prelimbic area, layer 2/3,Frontal pole, layer 2/3","Orbital area, ventrolateral part, layer 2/3,Orbital area, medial part, layer 2/3,Prelimbic area, layer 2/3,Frontal pole, layer 2/3",5.235294117647059,7.9411764705882355,regions_1,regions_1,,,3,8,106,152,0.16037735849056603,0.1118421052631579,sample_2_C57BL6J-1.029_layer 2.3_051 Pvalb chandelier Gaba_merged_regions_table_cell_id.txt,sample_2_C57BL6J-1.029_layer 2.3_052 Pvalb Gaba_merged_regions_table_cell_id.txt
C57BL6J-1.029,layer 2/3,layer 2/3,layer 2/3,051 Pvalb chandelier Gaba,052 Pvalb Gaba,89,17,189,34,"Secondary motor area, layer 2/3,Prelimbic area, layer 2/3,Frontal pole, layer 2/3","Frontal pole, layer 2/3,Secondary motor area, layer 2/3",5.235294117647059,5.5588235294117645,regions_1,regions_2,,,3,11,106,223,0.0,0.0,sample_2_C57BL6J-1.029_layer 2.3_051 Pvalb chandelier Gaba_merged_regions_table_cell_id.txt,sample_2_C57BL6J-1.029_layer 2.3_052 Pvalb Gaba_merged_regions_table_cell_id.txt
C57BL6J-1.029,layer 2/3,layer 2/3,layer 2/3,051 Pvalb chandelier Gaba,053 Sst Gaba,89,17,97,17,"Secondary motor area, layer 2/3,Prelimbic area, layer 2/3,Frontal pole, layer 2/3","Secondary motor area, layer 2/3,Prelimbic area, layer 2/3,Frontal pole, layer 2/3",5.235294117647059,5.705882352941177,regions_1,regions_1,,,3,6,106,114,0.8962264150943396,0.8333333333333334,sample_2_C57BL6J-1.029_layer 2.3_051 Pvalb chandelier Gaba_merged_regions_table_cell_id.txt,sample_2_C57BL6J-1.029_layer 2.3_053 Sst Gaba_merged_regions_table_cell_id.txt
C57BL6J-1.029,layer 2/3,layer 2/3,layer 2/3,051 Pvalb chandelier Gaba,052 Pvalb Gaba,93,17,135,17,"Frontal pole, layer 2/3,Secondary motor area, layer 2/3","Orbital area, ventrolateral part, layer 2/3,Orbital area, medial part, layer 2/3,Prelimbic area, layer 2/3,Frontal pole, layer 2/3",5.470588235294118,7.9411764705882355,regions_2,regions_1,,,3,8,110,152,0.0,0.0,sample_2_C57BL6J-1.029_layer 2.3_051 Pvalb chandelier Gaba_merged_regions_table_cell_id.txt,sample_2_C57BL6J-1.029_layer 2.3_052 Pvalb Gaba_merged_regions_table_cell_id.txt
C57BL6J-1.029,layer 2/3,layer 2/3,layer 2/3,051 Pvalb chandelier Gaba,052 Pvalb Gaba,93,17,189,34,"Frontal pole, layer 2/3,Secondary motor area, layer 2/3","Frontal pole, layer 2/3,Secondary motor area, layer 2/3",5.470588235294118,5.5588235294117645,regions_2,regions_2,,,3,11,110,223,0.8090909090909091,0.3991031390134529,sample_2_C57BL6J-1.029_layer 2.3_051 Pvalb chandelier Gaba_merged_regions_table_cell_id.txt,sample_2_C57BL6J-1.029_layer 2.3_052 Pvalb Gaba_merged_regions_table_cell_id.txt
C57BL6J-1.029,layer 2/3,layer 2/3,layer 2/3,051 Pvalb chandelier Gaba,053 Sst Gaba,93,17,97,17,"Frontal pole, layer 2/3,Secondary motor area, layer 2/3","Secondary motor area, layer 2/3,Prelimbic area, layer 2/3,Frontal pole, layer 2/3",5.470588235294118,5.705882352941177,regions_2,regions_1,,,3,6,110,114,0.0,0.0,sample_2_C57BL6J-1.029_layer 2.3_051 Pvalb chandelier Gaba_merged_regions_table_cell_id.txt,sample_2_C57BL6J-1.029_layer 2.3_053 Sst Gaba_merged_regions_table_cell_id.txt
C57BL6J-1.029,layer 2/3,layer 2/3,layer 2/3,052 Pvalb Gaba,052 Pvalb Gaba,135,17,189,34,"Orbital area, ventrolateral part, layer 2/3,Orbital area, medial part, layer 2/3,Prelimbic area, layer 2/3,Frontal pole, layer 2/3","Frontal pole, layer 2/3,Secondary motor area, layer 2/3",7.9411764705882355,5.5588235294117645,regions_1,regions_2,,,8,11,152,223,0.0,0.0,sample_2_C57BL6J-1.029_layer 2.3_052 Pvalb Gaba_merged_regions_table_cell_id.txt,sample_2_C57BL6J-1.029_layer 2.3_052 Pvalb Gaba_merged_regions_table_cell_id.txt
C57BL6J-1.029,layer 2/3,layer 2/3,layer 2/3,052 Pvalb Gaba,053 Sst Gaba,135,17,97,17,"Orbital area, ventrolateral part, layer 2/3,Orbital area, medial part, layer 2/3,Prelimbic area, layer 2/3,Frontal pole, layer 2/3","Secondary motor area, layer 2/3,Prelimbic area, layer 2/3,Frontal pole, layer 2/3",7.9411764705882355,5.705882352941177,regions_1,regions_1,,,8,6,152,114,0.05921052631578947,0.07894736842105263,sample_2_C57BL6J-1.029_layer 2.3_052 Pvalb Gaba_merged_regions_table_cell_id.txt,sample_2_C57BL6J-1.029_layer 2.3_053 Sst Gaba_merged_regions_table_cell_id.txt
C57BL6J-1.029,layer 2/3,layer 2/3,layer 2/3,052 Pvalb Gaba,053 Sst Gaba,189,34,97,17,"Frontal pole, layer 2/3,Secondary motor area, layer 2/3","Secondary motor area, layer 2/3,Prelimbic area, layer 2/3,Frontal pole, layer 2/3",5.5588235294117645,5.705882352941177,regions_2,regions_1,,,11,6,223,114,0.0,0.0,sample_2_C57BL6J-1.029_layer 2.3_052 Pvalb Gaba_merged_regions_table_cell_id.txt,sample_2_C57BL6J-1.029_layer 2.3_053 Sst Gaba_merged_regions_table_cell_id.txt
C57BL6J-1.029,layer 5,layer 5,layer 5,006 L4/5 IT CTX Glut,047 Sncg Gaba,21,1,7,1,"Frontal pole, layer 5","Frontal pole, layer 5",21.0,7.0,regions_1,regions_1,,,21,1,22,8,0.13636363636363635,0.375,sample_2_C57BL6J-1.029_layer 5_006 L4.5 IT CTX Glut_merged_regions_table_cell_id.txt,sample_2_C57BL6J-1.029_layer 5_047 Sncg Gaba_merged_regions_table_cell_id.txt
C57BL6J-1.029,layer 5,layer 5,layer 5,006 L4/5 IT CTX Glut,052 Pvalb Gaba,21,1,50,10,"Frontal pole, layer 5","Frontal pole, layer 5",21.0,5.0,regions_1,regions_1,,,21,7,22,60,0.0,0.0,sample_2_C57BL6J-1.029_layer 5_006 L4.5 IT CTX Glut_merged_regions_table_cell_id.txt,sample_2_C57BL6J-1.029_layer 5_052 Pvalb Gaba_merged_regions_table_cell_id.txt
C57BL6J-1.029,layer 5,layer 5,layer 5,047 Sncg Gaba,052 Pvalb Gaba,7,1,50,10,"Frontal pole, layer 5","Frontal pole, layer 5",7.0,5.0,regions_1,regions_1,,,1,7,8,60,0.0,0.0,sample_2_C57BL6J-1.029_layer 5_047 Sncg Gaba_merged_regions_table_cell_id.txt,sample_2_C57BL6J-1.029_layer 5_052 Pvalb Gaba_merged_regions_table_cell_id.txt
